[0.000000] (-) TimerEvent: {}
[0.000306] (sfm_ros2) JobQueued: {'identifier': 'sfm_ros2', 'dependencies': OrderedDict()}
[0.000329] (sfm_ros2) JobStarted: {'identifier': 'sfm_ros2'}
[0.005708] (sfm_ros2) JobProgress: {'identifier': 'sfm_ros2', 'progress': 'cmake'}
[0.006057] (sfm_ros2) JobProgress: {'identifier': 'sfm_ros2', 'progress': 'build'}
[0.006586] (sfm_ros2) Command: {'cmd': ['/usr/bin/cmake', '--build', '/home/elioowo/ros_sfm/sfm_ros2/build/sfm_ros2', '--', '-j32', '-l32'], 'cwd': '/home/elioowo/ros_sfm/sfm_ros2/build/sfm_ros2', 'env': OrderedDict({'LESSOPEN': '| /usr/bin/lesspipe %s', 'GZ_SIM_RESOURCE_PATH': '/opt/ros/jazzy/share', 'USER': 'elioowo', 'GZ_CONFIG_PATH': '/opt/ros/jazzy/opt/gz_sim_vendor/share/gz:/opt/ros/jazzy/opt/sdformat_vendor/share/gz:/opt/ros/jazzy/opt/gz_gui_vendor/share/gz:/opt/ros/jazzy/opt/gz_transport_vendor/share/gz:/opt/ros/jazzy/opt/gz_rendering_vendor/share/gz:/opt/ros/jazzy/opt/gz_plugin_vendor/share/gz:/opt/ros/jazzy/opt/gz_fuel_tools_vendor/share/gz:/opt/ros/jazzy/opt/gz_msgs_vendor/share/gz:/opt/ros/jazzy/opt/gz_common_vendor/share/gz', 'XDG_SESSION_TYPE': 'wayland', 'CLUTTER_DISABLE_MIPMAPPED_TEXT': '1', 'SHLVL': '1', 'LD_LIBRARY_PATH': '/opt/ros/jazzy/opt/gz_sim_vendor/lib:/opt/ros/jazzy/opt/gz_sensors_vendor/lib:/opt/ros/jazzy/opt/gz_physics_vendor/lib:/opt/ros/jazzy/opt/sdformat_vendor/lib:/opt/ros/jazzy/opt/rviz_ogre_vendor/lib:/opt/ros/jazzy/lib/x86_64-linux-gnu:/opt/ros/jazzy/opt/gz_gui_vendor/lib:/opt/ros/jazzy/opt/gz_transport_vendor/lib:/opt/ros/jazzy/opt/gz_rendering_vendor/lib:/opt/ros/jazzy/opt/gz_plugin_vendor/lib:/opt/ros/jazzy/opt/gz_fuel_tools_vendor/lib:/opt/ros/jazzy/opt/gz_msgs_vendor/lib:/opt/ros/jazzy/opt/gz_common_vendor/lib:/opt/ros/jazzy/opt/gz_math_vendor/lib:/opt/ros/jazzy/opt/gz_utils_vendor/lib:/opt/ros/jazzy/opt/gz_tools_vendor/lib:/opt/ros/jazzy/opt/gz_ogre_next_vendor/lib:/opt/ros/jazzy/opt/gz_dartsim_vendor/lib:/opt/ros/jazzy/opt/gz_cmake_vendor/lib:/opt/ros/jazzy/lib', 'HOME': '/home/elioowo', 'MOZ_ENABLE_WAYLAND': '1', 'OLDPWD': '/home/elioowo/ros_sfm/sfm_ros2/msg', 'DESKTOP_SESSION': 'ubuntu', 'ROS_PYTHON_VERSION': '3', 'GNOME_SHELL_SESSION_MODE': 'ubuntu', 'GTK_MODULES': 'gail:atk-bridge', 'SYSTEMD_EXEC_PID': '4315', 'GSM_SKIP_SSH_AGENT_WORKAROUND': 'true', 'DBUS_SESSION_BUS_ADDRESS': 'unix:path=/run/user/1004/bus', 'COLORTERM': 'truecolor', 'DEBUGINFOD_URLS': 'https://debuginfod.ubuntu.com', 'IM_CONFIG_PHASE': '1', 'WAYLAND_DISPLAY': 'wayland-0', 'ROS_DISTRO': 'jazzy', 'LOGNAME': 'elioowo', '_': '/usr/bin/colcon', 'ROS_VERSION': '2', 'MEMORY_PRESSURE_WATCH': '/sys/fs/cgroup/user.slice/user-1004.slice/user@1004.service/session.slice/org.gnome.Shell@wayland.service/memory.pressure', 'XDG_SESSION_CLASS': 'user', 'USERNAME': 'elioowo', 'TERM': 'xterm-256color', 'GNOME_DESKTOP_SESSION_ID': 'this-is-deprecated', 'PATH': '/opt/ros/jazzy/opt/gz_msgs_vendor/bin:/opt/ros/jazzy/opt/gz_tools_vendor/bin:/opt/ros/jazzy/opt/gz_ogre_next_vendor/bin:/opt/ros/jazzy/bin:/usr/local/sbin:/usr/local/bin:/usr/sbin:/usr/bin:/sbin:/bin:/usr/games:/usr/local/games:/snap/bin:/snap/bin', 'SESSION_MANAGER': 'local/OMEN-10:@/tmp/.ICE-unix/4283,unix/OMEN-10:/tmp/.ICE-unix/4283', 'XDG_MENU_PREFIX': 'gnome-', 'GNOME_TERMINAL_SCREEN': '/org/gnome/Terminal/screen/e54a3fa6_a308_470f_a110_c80fc401f295', 'GNOME_SETUP_DISPLAY': ':1', 'XDG_RUNTIME_DIR': '/run/user/1004', 'DISPLAY': ':0', 'LANG': 'en_US.UTF-8', 'XDG_CURRENT_DESKTOP': 'ubuntu:GNOME', 'XMODIFIERS': '@im=ibus', 'XDG_SESSION_DESKTOP': 'ubuntu', 'XAUTHORITY': '/run/user/1004/.mutter-Xwaylandauth.TAUHQ3', 'LS_COLORS': 'rs=0:di=01;34:ln=01;36:mh=00:pi=40;33:so=01;35:do=01;35:bd=40;33;01:cd=40;33;01:or=40;31;01:mi=00:su=37;41:sg=30;43:ca=00:tw=30;42:ow=34;42:st=37;44:ex=01;32:*.tar=01;31:*.tgz=01;31:*.arc=01;31:*.arj=01;31:*.taz=01;31:*.lha=01;31:*.lz4=01;31:*.lzh=01;31:*.lzma=01;31:*.tlz=01;31:*.txz=01;31:*.tzo=01;31:*.t7z=01;31:*.zip=01;31:*.z=01;31:*.dz=01;31:*.gz=01;31:*.lrz=01;31:*.lz=01;31:*.lzo=01;31:*.xz=01;31:*.zst=01;31:*.tzst=01;31:*.bz2=01;31:*.bz=01;31:*.tbz=01;31:*.tbz2=01;31:*.tz=01;31:*.deb=01;31:*.rpm=01;31:*.jar=01;31:*.war=01;31:*.ear=01;31:*.sar=01;31:*.rar=01;31:*.alz=01;31:*.ace=01;31:*.zoo=01;31:*.cpio=01;31:*.7z=01;31:*.rz=01;31:*.cab=01;31:*.wim=01;31:*.swm=01;31:*.dwm=01;31:*.esd=01;31:*.avif=01;35:*.jpg=01;35:*.jpeg=01;35:*.mjpg=01;35:*.mjpeg=01;35:*.gif=01;35:*.bmp=01;35:*.pbm=01;35:*.pgm=01;35:*.ppm=01;35:*.tga=01;35:*.xbm=01;35:*.xpm=01;35:*.tif=01;35:*.tiff=01;35:*.png=01;35:*.svg=01;35:*.svgz=01;35:*.mng=01;35:*.pcx=01;35:*.mov=01;35:*.mpg=01;35:*.mpeg=01;35:*.m2v=01;35:*.mkv=01;35:*.webm=01;35:*.webp=01;35:*.ogm=01;35:*.mp4=01;35:*.m4v=01;35:*.mp4v=01;35:*.vob=01;35:*.qt=01;35:*.nuv=01;35:*.wmv=01;35:*.asf=01;35:*.rm=01;35:*.rmvb=01;35:*.flc=01;35:*.avi=01;35:*.fli=01;35:*.flv=01;35:*.gl=01;35:*.dl=01;35:*.xcf=01;35:*.xwd=01;35:*.yuv=01;35:*.cgm=01;35:*.emf=01;35:*.ogv=01;35:*.ogx=01;35:*.aac=00;36:*.au=00;36:*.flac=00;36:*.m4a=00;36:*.mid=00;36:*.midi=00;36:*.mka=00;36:*.mp3=00;36:*.mpc=00;36:*.ogg=00;36:*.ra=00;36:*.wav=00;36:*.oga=00;36:*.opus=00;36:*.spx=00;36:*.xspf=00;36:*~=00;90:*#=00;90:*.bak=00;90:*.crdownload=00;90:*.dpkg-dist=00;90:*.dpkg-new=00;90:*.dpkg-old=00;90:*.dpkg-tmp=00;90:*.old=00;90:*.orig=00;90:*.part=00;90:*.rej=00;90:*.rpmnew=00;90:*.rpmorig=00;90:*.rpmsave=00;90:*.swp=00;90:*.tmp=00;90:*.ucf-dist=00;90:*.ucf-new=00;90:*.ucf-old=00;90:', 'GNOME_TERMINAL_SERVICE': ':1.133', 'SSH_AUTH_SOCK': '/run/user/1004/keyring/ssh', 'AMENT_PREFIX_PATH': '/opt/ros/jazzy', 'SHELL': '/bin/bash', 'QT_ACCESSIBILITY': '1', 'GDMSESSION': 'ubuntu', 'LESSCLOSE': '/usr/bin/lesspipe %s %s', 'WLR_NO_HARDWARE_CURSORS': '1', 'ROS_AUTOMATIC_DISCOVERY_RANGE': 'SUBNET', 'QT_IM_MODULE': 'ibus', 'PWD': '/home/elioowo/ros_sfm/sfm_ros2/build/sfm_ros2', 'XDG_CONFIG_DIRS': '/etc/xdg/xdg-ubuntu:/etc/xdg', 'XDG_DATA_DIRS': '/usr/share/ubuntu:/usr/share/gnome:/usr/local/share/:/usr/share/:/var/lib/snapd/desktop', 'PYTHONPATH': '/opt/ros/jazzy/lib/python3.12/site-packages', 'COLCON': '1', 'MEMORY_PRESSURE_WRITE': 'c29tZSAyMDAwMDAgMjAwMDAwMAA=', 'GENICAM_GENTL64_PATH': ':/opt/pylon5/lib64/gentlproducer/gtl', 'VTE_VERSION': '7600', 'CMAKE_PREFIX_PATH': '/opt/ros/jazzy/opt/gz_sim_vendor:/opt/ros/jazzy/opt/gz_sensors_vendor:/opt/ros/jazzy/opt/gz_physics_vendor:/opt/ros/jazzy/opt/sdformat_vendor:/opt/ros/jazzy/opt/gz_gui_vendor:/opt/ros/jazzy/opt/gz_transport_vendor:/opt/ros/jazzy/opt/gz_rendering_vendor:/opt/ros/jazzy/opt/gz_plugin_vendor:/opt/ros/jazzy/opt/gz_fuel_tools_vendor:/opt/ros/jazzy/opt/gz_msgs_vendor:/opt/ros/jazzy/opt/gz_common_vendor:/opt/ros/jazzy/opt/gz_math_vendor:/opt/ros/jazzy/opt/gz_utils_vendor:/opt/ros/jazzy/opt/gz_tools_vendor:/opt/ros/jazzy/opt/gz_ogre_next_vendor:/opt/ros/jazzy/opt/gz_dartsim_vendor:/opt/ros/jazzy/opt/gz_cmake_vendor:/opt/ros/jazzy'}), 'shell': False}
[0.050036] (sfm_ros2) StdoutLine: {'line': b'[  2%] Built target sfm_ros2__rs\n'}
[0.050360] (sfm_ros2) StdoutLine: {'line': b'[  4%] Built target sfm_ros2__rosidl_generator_type_description\n'}
[0.054768] (sfm_ros2) StdoutLine: {'line': b'[  4%] Built target ament_cmake_python_copy_sfm_ros2\n'}
[0.062065] (sfm_ros2) StdoutLine: {'line': b'[  6%] Built target sfm_ros2__cpp\n'}
[0.065293] (sfm_ros2) StdoutLine: {'line': b'[ 23%] Built target sfm_ros2__rosidl_generator_c\n'}
[0.078855] (sfm_ros2) StdoutLine: {'line': b'[ 31%] Built target sfm_ros2__rosidl_typesupport_introspection_c\n'}
[0.079128] (sfm_ros2) StdoutLine: {'line': b'[ 46%] Built target sfm_ros2__rosidl_typesupport_fastrtps_c\n'}
[0.079225] (sfm_ros2) StdoutLine: {'line': b'[ 48%] Built target sfm_ros2__rosidl_typesupport_c\n'}
[0.079486] (sfm_ros2) StdoutLine: {'line': b'[ 57%] Built target sfm_ros2__rosidl_typesupport_introspection_cpp\n'}
[0.079679] (sfm_ros2) StdoutLine: {'line': b'[ 65%] Built target sfm_ros2__rosidl_typesupport_fastrtps_cpp\n'}
[0.080033] (sfm_ros2) StdoutLine: {'line': b'[ 74%] Built target sfm_ros2__rosidl_typesupport_cpp\n'}
[0.091777] (sfm_ros2) StdoutLine: {'line': b'[ 74%] Built target sfm_ros2\n'}
[0.099858] (-) TimerEvent: {}
[0.105279] (sfm_ros2) StdoutLine: {'line': b'[ 76%] \x1b[32mBuilding CXX object CMakeFiles/sfm.dir/src/sfm.cpp.o\x1b[0m\n'}
[0.106098] (sfm_ros2) StdoutLine: {'line': b'[ 78%] Built target sfm_ros2__py\n'}
[0.121082] (sfm_ros2) StdoutLine: {'line': b'[ 85%] Built target sfm_ros2__rosidl_generator_py\n'}
[0.134124] (sfm_ros2) StdoutLine: {'line': b'[ 89%] Built target sfm_ros2_s__rosidl_typesupport_fastrtps_c\n'}
[0.134288] (sfm_ros2) StdoutLine: {'line': b'[ 93%] Built target sfm_ros2_s__rosidl_typesupport_introspection_c\n'}
[0.135510] (sfm_ros2) StdoutLine: {'line': b'[ 97%] Built target sfm_ros2_s__rosidl_typesupport_c\n'}
[0.195655] (sfm_ros2) StdoutLine: {'line': b'running egg_info\n'}
[0.200048] (-) TimerEvent: {}
[0.208991] (sfm_ros2) StdoutLine: {'line': b'writing sfm_ros2.egg-info/PKG-INFO\n'}
[0.209168] (sfm_ros2) StdoutLine: {'line': b'writing dependency_links to sfm_ros2.egg-info/dependency_links.txt\n'}
[0.209327] (sfm_ros2) StdoutLine: {'line': b'writing top-level names to sfm_ros2.egg-info/top_level.txt\n'}
[0.247781] (sfm_ros2) StdoutLine: {'line': b"reading manifest file 'sfm_ros2.egg-info/SOURCES.txt'\n"}
[0.248009] (sfm_ros2) StdoutLine: {'line': b"writing manifest file 'sfm_ros2.egg-info/SOURCES.txt'\n"}
[0.265320] (sfm_ros2) StdoutLine: {'line': b'[ 97%] Built target ament_cmake_python_build_sfm_ros2_egg\n'}
[0.300276] (-) TimerEvent: {}
[0.400620] (-) TimerEvent: {}
[0.500977] (-) TimerEvent: {}
[0.601348] (-) TimerEvent: {}
[0.701722] (-) TimerEvent: {}
[0.802086] (-) TimerEvent: {}
[0.902447] (-) TimerEvent: {}
[1.002806] (-) TimerEvent: {}
[1.103161] (-) TimerEvent: {}
[1.203412] (-) TimerEvent: {}
[1.303785] (-) TimerEvent: {}
[1.404160] (-) TimerEvent: {}
[1.504427] (-) TimerEvent: {}
[1.604794] (-) TimerEvent: {}
[1.705156] (-) TimerEvent: {}
[1.805533] (-) TimerEvent: {}
[1.905893] (-) TimerEvent: {}
[2.006263] (-) TimerEvent: {}
[2.106630] (-) TimerEvent: {}
[2.207000] (-) TimerEvent: {}
[2.307363] (-) TimerEvent: {}
[2.407747] (-) TimerEvent: {}
[2.508119] (-) TimerEvent: {}
[2.608531] (-) TimerEvent: {}
[2.708901] (-) TimerEvent: {}
[2.809267] (-) TimerEvent: {}
[2.909637] (-) TimerEvent: {}
[3.010022] (-) TimerEvent: {}
[3.110389] (-) TimerEvent: {}
[3.210775] (-) TimerEvent: {}
[3.311139] (-) TimerEvent: {}
[3.411507] (-) TimerEvent: {}
[3.511881] (-) TimerEvent: {}
[3.612258] (-) TimerEvent: {}
[3.712645] (-) TimerEvent: {}
[3.813010] (-) TimerEvent: {}
[3.913376] (-) TimerEvent: {}
[4.013752] (-) TimerEvent: {}
[4.114124] (-) TimerEvent: {}
[4.214482] (-) TimerEvent: {}
[4.314856] (-) TimerEvent: {}
[4.415235] (-) TimerEvent: {}
[4.441574] (sfm_ros2) StderrLine: {'line': b'\x1b[01m\x1b[K/home/elioowo/ros_sfm/sfm_ros2/src/sfm.cpp:\x1b[m\x1b[K In constructor \xe2\x80\x98\x1b[01m\x1b[KsemanticSfm::\x1b[01;32m\x1b[KsemanticSfm\x1b[m\x1b[K(rclcpp::Node::SharedPtr)\x1b[m\x1b[K\xe2\x80\x99:\n'}
[4.441787] (sfm_ros2) StderrLine: {'line': b'\x1b[01m\x1b[K/home/elioowo/ros_sfm/sfm_ros2/src/sfm.cpp:4:1:\x1b[m\x1b[K \x1b[01;31m\x1b[Kerror: \x1b[m\x1b[Kuninitialized reference member in \xe2\x80\x98\x1b[01m\x1b[Kusing rclcpp::Publisher<sensor_msgs::msg::PointCloud2_<std::allocator<void> > >::ConstSharedPtr = class std::shared_ptr<const rclcpp::Publisher<sensor_msgs::msg::PointCloud2_<std::allocator<void> > > >&\x1b[m\x1b[K\xe2\x80\x99 {aka \xe2\x80\x98\x1b[01m\x1b[Kclass std::shared_ptr<const rclcpp::Publisher<sensor_msgs::msg::PointCloud2_<std::allocator<void> > > >&\x1b[m\x1b[K\xe2\x80\x99} [\x1b[01;31m\x1b[K\x1b]8;;https://gcc.gnu.org/onlinedocs/gcc/Warning-Options.html#index-fpermissive\x07-fpermissive\x1b]8;;\x07\x1b[m\x1b[K]\n'}
[4.441874] (sfm_ros2) StderrLine: {'line': b'    4 | \x1b[01;31m\x1b[KsemanticSfm\x1b[m\x1b[K::semanticSfm(rclcpp::Node::SharedPtr node)\n'}
[4.441950] (sfm_ros2) StderrLine: {'line': b'      | \x1b[01;31m\x1b[K^~~~~~~~~~~\x1b[m\x1b[K\n'}
[4.442022] (sfm_ros2) StderrLine: {'line': b'In file included from \x1b[01m\x1b[K/home/elioowo/ros_sfm/sfm_ros2/src/sfm.cpp:1\x1b[m\x1b[K:\n'}
[4.442092] (sfm_ros2) StderrLine: {'line': b'\x1b[01m\x1b[K/home/elioowo/ros_sfm/sfm_ros2/include/sfm/sfm.h:72:71:\x1b[m\x1b[K \x1b[01;36m\x1b[Knote: \x1b[m\x1b[K\xe2\x80\x98\x1b[01m\x1b[Krclcpp::Publisher<sensor_msgs::msg::PointCloud2_<std::allocator<void> > >::ConstSharedPtr& semanticSfm::sfmCloud_\x1b[m\x1b[K\xe2\x80\x99 should be initialized\n'}
[4.442173] (sfm_ros2) StderrLine: {'line': b'   72 |     rclcpp::Publisher<sensor_msgs::msg::PointCloud2>::ConstSharedPtr& \x1b[01;36m\x1b[KsfmCloud_\x1b[m\x1b[K;\n'}
[4.442243] (sfm_ros2) StderrLine: {'line': b'      |                                                                       \x1b[01;36m\x1b[K^~~~~~~~~\x1b[m\x1b[K\n'}
[4.442312] (sfm_ros2) StderrLine: {'line': b'\x1b[01m\x1b[K/home/elioowo/ros_sfm/sfm_ros2/src/sfm.cpp:4:1:\x1b[m\x1b[K \x1b[01;31m\x1b[Kerror: \x1b[m\x1b[Kuninitialized reference member in \xe2\x80\x98\x1b[01m\x1b[Kusing rclcpp::Publisher<nav_msgs::msg::Path_<std::allocator<void> > >::ConstSharedPtr = class std::shared_ptr<const rclcpp::Publisher<nav_msgs::msg::Path_<std::allocator<void> > > >&\x1b[m\x1b[K\xe2\x80\x99 {aka \xe2\x80\x98\x1b[01m\x1b[Kclass std::shared_ptr<const rclcpp::Publisher<nav_msgs::msg::Path_<std::allocator<void> > > >&\x1b[m\x1b[K\xe2\x80\x99} [\x1b[01;31m\x1b[K\x1b]8;;https://gcc.gnu.org/onlinedocs/gcc/Warning-Options.html#index-fpermissive\x07-fpermissive\x1b]8;;\x07\x1b[m\x1b[K]\n'}
[4.442391] (sfm_ros2) StderrLine: {'line': b'    4 | \x1b[01;31m\x1b[KsemanticSfm\x1b[m\x1b[K::semanticSfm(rclcpp::Node::SharedPtr node)\n'}
[4.442460] (sfm_ros2) StderrLine: {'line': b'      | \x1b[01;31m\x1b[K^~~~~~~~~~~\x1b[m\x1b[K\n'}
[4.442529] (sfm_ros2) StderrLine: {'line': b'\x1b[01m\x1b[K/home/elioowo/ros_sfm/sfm_ros2/include/sfm/sfm.h:73:61:\x1b[m\x1b[K \x1b[01;36m\x1b[Knote: \x1b[m\x1b[K\xe2\x80\x98\x1b[01m\x1b[Krclcpp::Publisher<nav_msgs::msg::Path_<std::allocator<void> > >::ConstSharedPtr& semanticSfm::sfmTrajectory_\x1b[m\x1b[K\xe2\x80\x99 should be initialized\n'}
[4.442604] (sfm_ros2) StderrLine: {'line': b'   73 |     rclcpp::Publisher<nav_msgs::msg::Path>::ConstSharedPtr& \x1b[01;36m\x1b[KsfmTrajectory_\x1b[m\x1b[K;\n'}
[4.442674] (sfm_ros2) StderrLine: {'line': b'      |                                                             \x1b[01;36m\x1b[K^~~~~~~~~~~~~~\x1b[m\x1b[K\n'}
[4.442742] (sfm_ros2) StderrLine: {'line': b'\x1b[01m\x1b[K/home/elioowo/ros_sfm/sfm_ros2/src/sfm.cpp:4:1:\x1b[m\x1b[K \x1b[01;31m\x1b[Kerror: \x1b[m\x1b[Kuninitialized reference member in \xe2\x80\x98\x1b[01m\x1b[Kusing rclcpp::Publisher<sfm_ros2::msg::MapGraph_<std::allocator<void> > >::ConstSharedPtr = class std::shared_ptr<const rclcpp::Publisher<sfm_ros2::msg::MapGraph_<std::allocator<void> > > >&\x1b[m\x1b[K\xe2\x80\x99 {aka \xe2\x80\x98\x1b[01m\x1b[Kclass std::shared_ptr<const rclcpp::Publisher<sfm_ros2::msg::MapGraph_<std::allocator<void> > > >&\x1b[m\x1b[K\xe2\x80\x99} [\x1b[01;31m\x1b[K\x1b]8;;https://gcc.gnu.org/onlinedocs/gcc/Warning-Options.html#index-fpermissive\x07-fpermissive\x1b]8;;\x07\x1b[m\x1b[K]\n'}
[4.442820] (sfm_ros2) StderrLine: {'line': b'    4 | \x1b[01;31m\x1b[KsemanticSfm\x1b[m\x1b[K::semanticSfm(rclcpp::Node::SharedPtr node)\n'}
[4.442889] (sfm_ros2) StderrLine: {'line': b'      | \x1b[01;31m\x1b[K^~~~~~~~~~~\x1b[m\x1b[K\n'}
[4.442959] (sfm_ros2) StderrLine: {'line': b'\x1b[01m\x1b[K/home/elioowo/ros_sfm/sfm_ros2/include/sfm/sfm.h:74:65:\x1b[m\x1b[K \x1b[01;36m\x1b[Knote: \x1b[m\x1b[K\xe2\x80\x98\x1b[01m\x1b[Krclcpp::Publisher<sfm_ros2::msg::MapGraph_<std::allocator<void> > >::ConstSharedPtr& semanticSfm::sfmMapGraph_\x1b[m\x1b[K\xe2\x80\x99 should be initialized\n'}
[4.443028] (sfm_ros2) StderrLine: {'line': b'   74 |     rclcpp::Publisher<sfm_ros2::msg::MapGraph>::ConstSharedPtr& \x1b[01;36m\x1b[KsfmMapGraph_\x1b[m\x1b[K;\n'}
[4.443096] (sfm_ros2) StderrLine: {'line': b'      |                                                                 \x1b[01;36m\x1b[K^~~~~~~~~~~~\x1b[m\x1b[K\n'}
[4.515471] (-) TimerEvent: {}
[4.551745] (sfm_ros2) StderrLine: {'line': b'\x1b[01m\x1b[K/home/elioowo/ros_sfm/sfm_ros2/src/sfm.cpp:\x1b[m\x1b[K In member function \xe2\x80\x98\x1b[01m\x1b[Kvoid semanticSfm::\x1b[01;32m\x1b[KsfmCallBack_\x1b[m\x1b[K(const sensor_msgs::msg::Image_<std::allocator<void> >::ConstSharedPtr&, const sensor_msgs::msg::Image_<std::allocator<void> >::ConstSharedPtr&, const sensor_msgs::msg::CameraInfo_<std::allocator<void> >::ConstSharedPtr&, const nav_msgs::msg::Odometry_<std::allocator<void> >::ConstSharedPtr&)\x1b[m\x1b[K\xe2\x80\x99:\n'}
[4.552024] (sfm_ros2) StderrLine: {'line': b'\x1b[01m\x1b[K/home/elioowo/ros_sfm/sfm_ros2/src/sfm.cpp:206:29:\x1b[m\x1b[K \x1b[01;31m\x1b[Kerror: \x1b[m\x1b[Kno matching function for call to \xe2\x80\x98\x1b[01m\x1b[Krclcpp::Publisher<sensor_msgs::msg::PointCloud2_<std::allocator<void> > >::publish(sensor_msgs::msg::PointCloud2&) const\x1b[m\x1b[K\xe2\x80\x99\n'}
[4.552170] (sfm_ros2) StderrLine: {'line': b'  206 |     \x1b[01;31m\x1b[Kthis->sfmCloud_->publish(finalCloud)\x1b[m\x1b[K;\n'}
[4.552278] (sfm_ros2) StderrLine: {'line': b'      |     \x1b[01;31m\x1b[K~~~~~~~~~~~~~~~~~~~~~~~~^~~~~~~~~~~~\x1b[m\x1b[K\n'}
[4.552634] (sfm_ros2) StderrLine: {'line': b'In file included from \x1b[01m\x1b[K/opt/ros/jazzy/include/rclcpp/rclcpp/topic_statistics/subscription_topic_statistics.hpp:31\x1b[m\x1b[K,\n'}
[4.552685] (sfm_ros2) StderrLine: {'line': b'                 from \x1b[01m\x1b[K/opt/ros/jazzy/include/rclcpp/rclcpp/subscription.hpp:50\x1b[m\x1b[K,\n'}
[4.552725] (sfm_ros2) StderrLine: {'line': b'                 from \x1b[01m\x1b[K/opt/ros/jazzy/include/rclcpp/rclcpp/any_executable.hpp:25\x1b[m\x1b[K,\n'}
[4.552763] (sfm_ros2) StderrLine: {'line': b'                 from \x1b[01m\x1b[K/opt/ros/jazzy/include/rclcpp/rclcpp/memory_strategy.hpp:25\x1b[m\x1b[K,\n'}
[4.552801] (sfm_ros2) StderrLine: {'line': b'                 from \x1b[01m\x1b[K/opt/ros/jazzy/include/rclcpp/rclcpp/memory_strategies.hpp:18\x1b[m\x1b[K,\n'}
[4.552838] (sfm_ros2) StderrLine: {'line': b'                 from \x1b[01m\x1b[K/opt/ros/jazzy/include/rclcpp/rclcpp/executor_options.hpp:22\x1b[m\x1b[K,\n'}
[4.552875] (sfm_ros2) StderrLine: {'line': b'                 from \x1b[01m\x1b[K/opt/ros/jazzy/include/rclcpp/rclcpp/executor.hpp:38\x1b[m\x1b[K,\n'}
[4.552911] (sfm_ros2) StderrLine: {'line': b'                 from \x1b[01m\x1b[K/opt/ros/jazzy/include/rclcpp/rclcpp/executors/multi_threaded_executor.hpp:25\x1b[m\x1b[K,\n'}
[4.552948] (sfm_ros2) StderrLine: {'line': b'                 from \x1b[01m\x1b[K/opt/ros/jazzy/include/rclcpp/rclcpp/executors.hpp:21\x1b[m\x1b[K,\n'}
[4.552983] (sfm_ros2) StderrLine: {'line': b'                 from \x1b[01m\x1b[K/opt/ros/jazzy/include/rclcpp/rclcpp/rclcpp.hpp:172\x1b[m\x1b[K,\n'}
[4.553019] (sfm_ros2) StderrLine: {'line': b'                 from \x1b[01m\x1b[K/home/elioowo/ros_sfm/sfm_ros2/include/sfm/sfm.h:5\x1b[m\x1b[K:\n'}
[4.553054] (sfm_ros2) StderrLine: {'line': b'\x1b[01m\x1b[K/opt/ros/jazzy/include/rclcpp/rclcpp/publisher.hpp:414:3:\x1b[m\x1b[K \x1b[01;36m\x1b[Knote: \x1b[m\x1b[Kcandidate: \xe2\x80\x98\x1b[01m\x1b[Kvoid rclcpp::Publisher<MessageT, AllocatorT>::\x1b[01;32m\x1b[Kpublish\x1b[m\x1b[K(rclcpp::LoanedMessage<typename rclcpp::TypeAdapter<MessageT>::ros_message_type, AllocatorT>&&) \x1b[35m\x1b[K[with MessageT = sensor_msgs::msg::PointCloud2_<std::allocator<void> >; AllocatorT = std::allocator<void>; typename rclcpp::TypeAdapter<MessageT>::ros_message_type = sensor_msgs::msg::PointCloud2_<std::allocator<void> >]\x1b[m\x1b[K\x1b[m\x1b[K\xe2\x80\x99\n'}
[4.553128] (sfm_ros2) StderrLine: {'line': b'  414 |   \x1b[01;36m\x1b[Kpublish\x1b[m\x1b[K(rclcpp::LoanedMessage<ROSMessageType, AllocatorT> && loaned_msg)\n'}
[4.553167] (sfm_ros2) StderrLine: {'line': b'      |   \x1b[01;36m\x1b[K^~~~~~~\x1b[m\x1b[K\n'}
[4.553202] (sfm_ros2) StderrLine: {'line': b'\x1b[01m\x1b[K/opt/ros/jazzy/include/rclcpp/rclcpp/publisher.hpp:414:64:\x1b[m\x1b[K \x1b[01;36m\x1b[Knote: \x1b[m\x1b[K  no known conversion for argument 1 from \xe2\x80\x98\x1b[01m\x1b[Ksensor_msgs::msg::PointCloud2\x1b[m\x1b[K\xe2\x80\x99 {aka \xe2\x80\x98\x1b[01m\x1b[Ksensor_msgs::msg::PointCloud2_<std::allocator<void> >\x1b[m\x1b[K\xe2\x80\x99} to \xe2\x80\x98\x1b[01m\x1b[Krclcpp::LoanedMessage<sensor_msgs::msg::PointCloud2_<std::allocator<void> >, std::allocator<void> >&&\x1b[m\x1b[K\xe2\x80\x99\n'}
[4.553241] (sfm_ros2) StderrLine: {'line': b'  414 |   publish(\x1b[01;36m\x1b[Krclcpp::LoanedMessage<ROSMessageType, AllocatorT> && loaned_msg\x1b[m\x1b[K)\n'}
[4.553340] (sfm_ros2) StderrLine: {'line': b'      |           \x1b[01;36m\x1b[K~~~~~~~~~~~~~~~~~~~~~~~~~~~~~~~~~~~~~~~~~~~~~~~~~~~~~^~~~~~~~~~\x1b[m\x1b[K\n'}
[4.553376] (sfm_ros2) StderrLine: {'line': b'\x1b[01m\x1b[K/opt/ros/jazzy/include/rclcpp/rclcpp/publisher.hpp:400:3:\x1b[m\x1b[K \x1b[01;36m\x1b[Knote: \x1b[m\x1b[Kcandidate: \xe2\x80\x98\x1b[01m\x1b[Kvoid rclcpp::Publisher<MessageT, AllocatorT>::\x1b[01;32m\x1b[Kpublish\x1b[m\x1b[K(const rclcpp::SerializedMessage&) \x1b[35m\x1b[K[with MessageT = sensor_msgs::msg::PointCloud2_<std::allocator<void> >; AllocatorT = std::allocator<void>]\x1b[m\x1b[K\x1b[m\x1b[K\xe2\x80\x99\n'}
[4.553467] (sfm_ros2) StderrLine: {'line': b'  400 |   \x1b[01;36m\x1b[Kpublish\x1b[m\x1b[K(const SerializedMessage & serialized_msg)\n'}
[4.553505] (sfm_ros2) StderrLine: {'line': b'      |   \x1b[01;36m\x1b[K^~~~~~~\x1b[m\x1b[K\n'}
[4.553541] (sfm_ros2) StderrLine: {'line': b'\x1b[01m\x1b[K/opt/ros/jazzy/include/rclcpp/rclcpp/publisher.hpp:400:37:\x1b[m\x1b[K \x1b[01;36m\x1b[Knote: \x1b[m\x1b[K  no known conversion for argument 1 from \xe2\x80\x98\x1b[01m\x1b[Ksensor_msgs::msg::PointCloud2\x1b[m\x1b[K\xe2\x80\x99 {aka \xe2\x80\x98\x1b[01m\x1b[Ksensor_msgs::msg::PointCloud2_<std::allocator<void> >\x1b[m\x1b[K\xe2\x80\x99} to \xe2\x80\x98\x1b[01m\x1b[Kconst rclcpp::SerializedMessage&\x1b[m\x1b[K\xe2\x80\x99\n'}
[4.553578] (sfm_ros2) StderrLine: {'line': b'  400 |   publish(\x1b[01;36m\x1b[Kconst SerializedMessage & serialized_msg\x1b[m\x1b[K)\n'}
[4.553614] (sfm_ros2) StderrLine: {'line': b'      |           \x1b[01;36m\x1b[K~~~~~~~~~~~~~~~~~~~~~~~~~~^~~~~~~~~~~~~~\x1b[m\x1b[K\n'}
[4.553650] (sfm_ros2) StderrLine: {'line': b'\x1b[01m\x1b[K/opt/ros/jazzy/include/rclcpp/rclcpp/publisher.hpp:394:3:\x1b[m\x1b[K \x1b[01;36m\x1b[Knote: \x1b[m\x1b[Kcandidate: \xe2\x80\x98\x1b[01m\x1b[Kvoid rclcpp::Publisher<MessageT, AllocatorT>::\x1b[01;32m\x1b[Kpublish\x1b[m\x1b[K(const rcl_serialized_message_t&) \x1b[35m\x1b[K[with MessageT = sensor_msgs::msg::PointCloud2_<std::allocator<void> >; AllocatorT = std::allocator<void>; rcl_serialized_message_t = rcutils_uint8_array_s]\x1b[m\x1b[K\x1b[m\x1b[K\xe2\x80\x99\n'}
[4.553688] (sfm_ros2) StderrLine: {'line': b'  394 |   \x1b[01;36m\x1b[Kpublish\x1b[m\x1b[K(const rcl_serialized_message_t & serialized_msg)\n'}
[4.553749] (sfm_ros2) StderrLine: {'line': b'      |   \x1b[01;36m\x1b[K^~~~~~~\x1b[m\x1b[K\n'}
[4.553781] (sfm_ros2) StderrLine: {'line': b'\x1b[01m\x1b[K/opt/ros/jazzy/include/rclcpp/rclcpp/publisher.hpp:394:44:\x1b[m\x1b[K \x1b[01;36m\x1b[Knote: \x1b[m\x1b[K  no known conversion for argument 1 from \xe2\x80\x98\x1b[01m\x1b[Ksensor_msgs::msg::PointCloud2\x1b[m\x1b[K\xe2\x80\x99 {aka \xe2\x80\x98\x1b[01m\x1b[Ksensor_msgs::msg::PointCloud2_<std::allocator<void> >\x1b[m\x1b[K\xe2\x80\x99} to \xe2\x80\x98\x1b[01m\x1b[Kconst rcl_serialized_message_t&\x1b[m\x1b[K\xe2\x80\x99 {aka \xe2\x80\x98\x1b[01m\x1b[Kconst rcutils_uint8_array_s&\x1b[m\x1b[K\xe2\x80\x99}\n'}
[4.553817] (sfm_ros2) StderrLine: {'line': b'  394 |   publish(\x1b[01;36m\x1b[Kconst rcl_serialized_message_t & serialized_msg\x1b[m\x1b[K)\n'}
[4.553850] (sfm_ros2) StderrLine: {'line': b'      |           \x1b[01;36m\x1b[K~~~~~~~~~~~~~~~~~~~~~~~~~~~~~~~~~^~~~~~~~~~~~~~\x1b[m\x1b[K\n'}
[4.553885] (sfm_ros2) StderrLine: {'line': b'\x1b[01m\x1b[K/opt/ros/jazzy/include/rclcpp/rclcpp/publisher.hpp:376:3:\x1b[m\x1b[K \x1b[01;36m\x1b[Knote: \x1b[m\x1b[Kcandidate: \xe2\x80\x98\x1b[01m\x1b[Ktemplate<class T> std::enable_if_t<(typename rclcpp::TypeAdapter<MessageT>::is_specialized::value && std::is_same<T, typename rclcpp::TypeAdapter<MessageT>::custom_type>::value)> rclcpp::Publisher<MessageT, AllocatorT>::\x1b[01;32m\x1b[Kpublish\x1b[m\x1b[K(const T&) \x1b[35m\x1b[K[with MessageT = sensor_msgs::msg::PointCloud2_<std::allocator<void> >; AllocatorT = std::allocator<void>]\x1b[m\x1b[K\x1b[m\x1b[K\xe2\x80\x99\n'}
[4.553921] (sfm_ros2) StderrLine: {'line': b'  376 |   \x1b[01;36m\x1b[Kpublish\x1b[m\x1b[K(const T & msg)\n'}
[4.553956] (sfm_ros2) StderrLine: {'line': b'      |   \x1b[01;36m\x1b[K^~~~~~~\x1b[m\x1b[K\n'}
[4.553990] (sfm_ros2) StderrLine: {'line': b'\x1b[01m\x1b[K/opt/ros/jazzy/include/rclcpp/rclcpp/publisher.hpp:376:3:\x1b[m\x1b[K \x1b[01;36m\x1b[Knote: \x1b[m\x1b[K  template argument deduction/substitution failed:\n'}
[4.554023] (sfm_ros2) StderrLine: {'line': b'In file included from \x1b[01m\x1b[K/usr/include/c++/13/bits/move.h:37\x1b[m\x1b[K,\n'}
[4.554056] (sfm_ros2) StderrLine: {'line': b'                 from \x1b[01m\x1b[K/usr/include/c++/13/bits/new_allocator.h:36\x1b[m\x1b[K,\n'}
[4.554089] (sfm_ros2) StderrLine: {'line': b'                 from \x1b[01m\x1b[K/usr/include/x86_64-linux-gnu/c++/13/bits/c++allocator.h:33\x1b[m\x1b[K,\n'}
[4.554122] (sfm_ros2) StderrLine: {'line': b'                 from \x1b[01m\x1b[K/usr/include/c++/13/bits/allocator.h:46\x1b[m\x1b[K,\n'}
[4.554154] (sfm_ros2) StderrLine: {'line': b'                 from \x1b[01m\x1b[K/usr/include/c++/13/memory:65\x1b[m\x1b[K,\n'}
[4.554188] (sfm_ros2) StderrLine: {'line': b'                 from \x1b[01m\x1b[K/opt/ros/jazzy/include/rclcpp/rclcpp/rclcpp.hpp:169\x1b[m\x1b[K:\n'}
[4.554220] (sfm_ros2) StderrLine: {'line': b'/usr/include/c++/13/type_traits: In substitution of \xe2\x80\x98\x1b[01m\x1b[Ktemplate<bool _Cond, class _Tp> using std::enable_if_t = typename std::enable_if::type \x1b[35m\x1b[K[with bool _Cond = false; _Tp = void]\x1b[m\x1b[K\x1b[m\x1b[K\xe2\x80\x99:\n'}
[4.554255] (sfm_ros2) StderrLine: {'line': b'\x1b[01m\x1b[K/opt/ros/jazzy/include/rclcpp/rclcpp/publisher.hpp:376:3:\x1b[m\x1b[K   required by substitution of \xe2\x80\x98\x1b[01m\x1b[Ktemplate<class T> std::enable_if_t<(std::integral_constant<bool, false>::value && std::is_same<T, sensor_msgs::msg::PointCloud2_<std::allocator<void> > >::value), void> rclcpp::Publisher<sensor_msgs::msg::PointCloud2_<std::allocator<void> > >::\x1b[01;32m\x1b[Kpublish\x1b[m\x1b[K(const T&) \x1b[35m\x1b[K[with T = sensor_msgs::msg::PointCloud2_<std::allocator<void> >]\x1b[m\x1b[K\x1b[m\x1b[K\xe2\x80\x99\n'}
[4.554291] (sfm_ros2) StderrLine: {'line': b'\x1b[01m\x1b[K/home/elioowo/ros_sfm/sfm_ros2/src/sfm.cpp:206:29:\x1b[m\x1b[K   required from here\n'}
[4.554323] (sfm_ros2) StderrLine: {'line': b'\x1b[01m\x1b[K/usr/include/c++/13/type_traits:2610:11:\x1b[m\x1b[K \x1b[01;31m\x1b[Kerror: \x1b[m\x1b[Kno type named \xe2\x80\x98\x1b[01m\x1b[Ktype\x1b[m\x1b[K\xe2\x80\x99 in \xe2\x80\x98\x1b[01m\x1b[Kstruct std::enable_if<false, void>\x1b[m\x1b[K\xe2\x80\x99\n'}
[4.554357] (sfm_ros2) StderrLine: {'line': b' 2610 |     using \x1b[01;31m\x1b[Kenable_if_t\x1b[m\x1b[K = typename enable_if<_Cond, _Tp>::type;\n'}
[4.554390] (sfm_ros2) StderrLine: {'line': b'      |           \x1b[01;31m\x1b[K^~~~~~~~~~~\x1b[m\x1b[K\n'}
[4.554422] (sfm_ros2) StderrLine: {'line': b'\x1b[01m\x1b[K/opt/ros/jazzy/include/rclcpp/rclcpp/publisher.hpp:326:3:\x1b[m\x1b[K \x1b[01;36m\x1b[Knote: \x1b[m\x1b[Kcandidate: \xe2\x80\x98\x1b[01m\x1b[Ktemplate<class T> std::enable_if_t<(typename rclcpp::TypeAdapter<MessageT>::is_specialized::value && std::is_same<T, typename rclcpp::TypeAdapter<MessageT>::custom_type>::value)> rclcpp::Publisher<MessageT, AllocatorT>::\x1b[01;32m\x1b[Kpublish\x1b[m\x1b[K(std::unique_ptr<T, typename std::conditional<std::is_same<typename std::allocator_traits<typename std::allocator_traits<_Allocator>::rebind_traits<typename rclcpp::TypeAdapter<MessageT, void, void>::custom_type>::allocator_type>::rebind_alloc<typename rclcpp::TypeAdapter<MessageT, void, void>::custom_type>, std::allocator<typename rclcpp::TypeAdapter<MessageT>::custom_type> >::value, std::default_delete<typename rclcpp::TypeAdapter<MessageT>::custom_type>, rclcpp::allocator::AllocatorDeleter<typename std::allocator_traits<_Allocator>::rebind_traits<typename rclcpp::TypeAdapter<MessageT, void, void>::custom_type>::allocator_type> >::type>) \x1b[35m\x1b[K[with MessageT = sensor_msgs::msg::PointCloud2_<std::allocator<void> >; AllocatorT = std::allocator<void>]\x1b[m\x1b[K\x1b[m\x1b[K\xe2\x80\x99\n'}
[4.554464] (sfm_ros2) StderrLine: {'line': b'  326 |   \x1b[01;36m\x1b[Kpublish\x1b[m\x1b[K(std::unique_ptr<T, PublishedTypeDeleter> msg)\n'}
[4.554499] (sfm_ros2) StderrLine: {'line': b'      |   \x1b[01;36m\x1b[K^~~~~~~\x1b[m\x1b[K\n'}
[4.554530] (sfm_ros2) StderrLine: {'line': b'\x1b[01m\x1b[K/opt/ros/jazzy/include/rclcpp/rclcpp/publisher.hpp:326:3:\x1b[m\x1b[K \x1b[01;36m\x1b[Knote: \x1b[m\x1b[K  template argument deduction/substitution failed:\n'}
[4.554562] (sfm_ros2) StderrLine: {'line': b'\x1b[01m\x1b[K/home/elioowo/ros_sfm/sfm_ros2/src/sfm.cpp:206:29:\x1b[m\x1b[K \x1b[01;36m\x1b[Knote: \x1b[m\x1b[K  \xe2\x80\x98\x1b[01m\x1b[Ksensor_msgs::msg::PointCloud2_<std::allocator<void> >\x1b[m\x1b[K\xe2\x80\x99 is not derived from \xe2\x80\x98\x1b[01m\x1b[Kstd::unique_ptr<T, std::default_delete<sensor_msgs::msg::PointCloud2_<std::allocator<void> > > >\x1b[m\x1b[K\xe2\x80\x99\n'}
[4.554596] (sfm_ros2) StderrLine: {'line': b'  206 |     \x1b[01;36m\x1b[Kthis->sfmCloud_->publish(finalCloud)\x1b[m\x1b[K;\n'}
[4.554629] (sfm_ros2) StderrLine: {'line': b'      |     \x1b[01;36m\x1b[K~~~~~~~~~~~~~~~~~~~~~~~~^~~~~~~~~~~~\x1b[m\x1b[K\n'}
[4.554660] (sfm_ros2) StderrLine: {'line': b'\x1b[01m\x1b[K/opt/ros/jazzy/include/rclcpp/rclcpp/publisher.hpp:296:3:\x1b[m\x1b[K \x1b[01;36m\x1b[Knote: \x1b[m\x1b[Kcandidate: \xe2\x80\x98\x1b[01m\x1b[Kstd::enable_if_t<(rosidl_generator_traits::is_message<T>::value && std::is_same<T, typename rclcpp::TypeAdapter<MessageT>::ros_message_type>::value)> rclcpp::Publisher<MessageT, AllocatorT>::\x1b[01;32m\x1b[Kpublish\x1b[m\x1b[K(const T&) \x1b[35m\x1b[K[with T = sensor_msgs::msg::PointCloud2_<std::allocator<void> >; MessageT = sensor_msgs::msg::PointCloud2_<std::allocator<void> >; AllocatorT = std::allocator<void>; std::enable_if_t<(rosidl_generator_traits::is_message<T>::value && std::is_same<T, typename rclcpp::TypeAdapter<MessageT>::ros_message_type>::value)> = void; typename rclcpp::TypeAdapter<MessageT>::ros_message_type = sensor_msgs::msg::PointCloud2_<std::allocator<void> >]\x1b[m\x1b[K\x1b[m\x1b[K\xe2\x80\x99 (near match)\n'}
[4.554697] (sfm_ros2) StderrLine: {'line': b'  296 |   \x1b[01;36m\x1b[Kpublish\x1b[m\x1b[K(const T & msg)\n'}
[4.554729] (sfm_ros2) StderrLine: {'line': b'      |   \x1b[01;36m\x1b[K^~~~~~~\x1b[m\x1b[K\n'}
[4.554762] (sfm_ros2) StderrLine: {'line': b'\x1b[01m\x1b[K/opt/ros/jazzy/include/rclcpp/rclcpp/publisher.hpp:296:3:\x1b[m\x1b[K \x1b[01;36m\x1b[Knote: \x1b[m\x1b[K  passing \xe2\x80\x98\x1b[01m\x1b[Kstd::__shared_ptr_access<const rclcpp::Publisher<sensor_msgs::msg::PointCloud2_<std::allocator<void> > >, __gnu_cxx::_S_atomic, false, false>::element_type*\x1b[m\x1b[K\xe2\x80\x99 {aka \xe2\x80\x98\x1b[01m\x1b[Kconst rclcpp::Publisher<sensor_msgs::msg::PointCloud2_<std::allocator<void> > >*\x1b[m\x1b[K\xe2\x80\x99} as \xe2\x80\x98\x1b[01m\x1b[Kthis\x1b[m\x1b[K\xe2\x80\x99 argument discards qualifiers\n'}
[4.554798] (sfm_ros2) StderrLine: {'line': b'\x1b[01m\x1b[K/opt/ros/jazzy/include/rclcpp/rclcpp/publisher.hpp:242:3:\x1b[m\x1b[K \x1b[01;36m\x1b[Knote: \x1b[m\x1b[Kcandidate: \xe2\x80\x98\x1b[01m\x1b[Ktemplate<class T> std::enable_if_t<(rosidl_generator_traits::is_message<T>::value && std::is_same<T, typename rclcpp::TypeAdapter<MessageT>::ros_message_type>::value)> rclcpp::Publisher<MessageT, AllocatorT>::\x1b[01;32m\x1b[Kpublish\x1b[m\x1b[K(std::unique_ptr<T, typename std::conditional<std::is_same<typename std::allocator_traits<typename std::allocator_traits<_Allocator>::rebind_traits<typename rclcpp::TypeAdapter<MessageT, void, void>::ros_message_type>::allocator_type>::rebind_alloc<typename rclcpp::TypeAdapter<MessageT, void, void>::ros_message_type>, std::allocator<typename rclcpp::TypeAdapter<MessageT>::ros_message_type> >::value, std::default_delete<typename rclcpp::TypeAdapter<MessageT>::ros_message_type>, rclcpp::allocator::AllocatorDeleter<typename std::allocator_traits<_Allocator>::rebind_traits<typename rclcpp::TypeAdapter<MessageT, void, void>::ros_message_type>::allocator_type> >::type>) \x1b[35m\x1b[K[with MessageT = sensor_msgs::msg::PointCloud2_<std::allocator<void> >; AllocatorT = std::allocator<void>]\x1b[m\x1b[K\x1b[m\x1b[K\xe2\x80\x99\n'}
[4.554840] (sfm_ros2) StderrLine: {'line': b'  242 |   \x1b[01;36m\x1b[Kpublish\x1b[m\x1b[K(std::unique_ptr<T, ROSMessageTypeDeleter> msg)\n'}
[4.554873] (sfm_ros2) StderrLine: {'line': b'      |   \x1b[01;36m\x1b[K^~~~~~~\x1b[m\x1b[K\n'}
[4.554905] (sfm_ros2) StderrLine: {'line': b'\x1b[01m\x1b[K/opt/ros/jazzy/include/rclcpp/rclcpp/publisher.hpp:242:3:\x1b[m\x1b[K \x1b[01;36m\x1b[Knote: \x1b[m\x1b[K  template argument deduction/substitution failed:\n'}
[4.554937] (sfm_ros2) StderrLine: {'line': b'\x1b[01m\x1b[K/home/elioowo/ros_sfm/sfm_ros2/src/sfm.cpp:206:29:\x1b[m\x1b[K \x1b[01;36m\x1b[Knote: \x1b[m\x1b[K  \xe2\x80\x98\x1b[01m\x1b[Ksensor_msgs::msg::PointCloud2_<std::allocator<void> >\x1b[m\x1b[K\xe2\x80\x99 is not derived from \xe2\x80\x98\x1b[01m\x1b[Kstd::unique_ptr<T, std::default_delete<sensor_msgs::msg::PointCloud2_<std::allocator<void> > > >\x1b[m\x1b[K\xe2\x80\x99\n'}
[4.554971] (sfm_ros2) StderrLine: {'line': b'  206 |     \x1b[01;36m\x1b[Kthis->sfmCloud_->publish(finalCloud)\x1b[m\x1b[K;\n'}
[4.555003] (sfm_ros2) StderrLine: {'line': b'      |     \x1b[01;36m\x1b[K~~~~~~~~~~~~~~~~~~~~~~~~^~~~~~~~~~~~\x1b[m\x1b[K\n'}
[4.555035] (sfm_ros2) StderrLine: {'line': b'\x1b[01m\x1b[K/home/elioowo/ros_sfm/sfm_ros2/src/sfm.cpp:211:34:\x1b[m\x1b[K \x1b[01;31m\x1b[Kerror: \x1b[m\x1b[Kno matching function for call to \xe2\x80\x98\x1b[01m\x1b[Krclcpp::Publisher<nav_msgs::msg::Path_<std::allocator<void> > >::publish(nav_msgs::msg::Path&) const\x1b[m\x1b[K\xe2\x80\x99\n'}
[4.555069] (sfm_ros2) StderrLine: {'line': b'  211 |     \x1b[01;31m\x1b[Kthis->sfmTrajectory_->publish(trajectory)\x1b[m\x1b[K;\n'}
[4.555103] (sfm_ros2) StderrLine: {'line': b'      |     \x1b[01;31m\x1b[K~~~~~~~~~~~~~~~~~~~~~~~~~~~~~^~~~~~~~~~~~\x1b[m\x1b[K\n'}
[4.555137] (sfm_ros2) StderrLine: {'line': b'\x1b[01m\x1b[K/opt/ros/jazzy/include/rclcpp/rclcpp/publisher.hpp:414:3:\x1b[m\x1b[K \x1b[01;36m\x1b[Knote: \x1b[m\x1b[Kcandidate: \xe2\x80\x98\x1b[01m\x1b[Kvoid rclcpp::Publisher<MessageT, AllocatorT>::\x1b[01;32m\x1b[Kpublish\x1b[m\x1b[K(rclcpp::LoanedMessage<typename rclcpp::TypeAdapter<MessageT>::ros_message_type, AllocatorT>&&) \x1b[35m\x1b[K[with MessageT = nav_msgs::msg::Path_<std::allocator<void> >; AllocatorT = std::allocator<void>; typename rclcpp::TypeAdapter<MessageT>::ros_message_type = nav_msgs::msg::Path_<std::allocator<void> >]\x1b[m\x1b[K\x1b[m\x1b[K\xe2\x80\x99\n'}
[4.555173] (sfm_ros2) StderrLine: {'line': b'  414 |   \x1b[01;36m\x1b[Kpublish\x1b[m\x1b[K(rclcpp::LoanedMessage<ROSMessageType, AllocatorT> && loaned_msg)\n'}
[4.555206] (sfm_ros2) StderrLine: {'line': b'      |   \x1b[01;36m\x1b[K^~~~~~~\x1b[m\x1b[K\n'}
[4.555239] (sfm_ros2) StderrLine: {'line': b'\x1b[01m\x1b[K/opt/ros/jazzy/include/rclcpp/rclcpp/publisher.hpp:414:64:\x1b[m\x1b[K \x1b[01;36m\x1b[Knote: \x1b[m\x1b[K  no known conversion for argument 1 from \xe2\x80\x98\x1b[01m\x1b[Knav_msgs::msg::Path\x1b[m\x1b[K\xe2\x80\x99 {aka \xe2\x80\x98\x1b[01m\x1b[Knav_msgs::msg::Path_<std::allocator<void> >\x1b[m\x1b[K\xe2\x80\x99} to \xe2\x80\x98\x1b[01m\x1b[Krclcpp::LoanedMessage<nav_msgs::msg::Path_<std::allocator<void> >, std::allocator<void> >&&\x1b[m\x1b[K\xe2\x80\x99\n'}
[4.555276] (sfm_ros2) StderrLine: {'line': b'  414 |   publish(\x1b[01;36m\x1b[Krclcpp::LoanedMessage<ROSMessageType, AllocatorT> && loaned_msg\x1b[m\x1b[K)\n'}
[4.555310] (sfm_ros2) StderrLine: {'line': b'      |           \x1b[01;36m\x1b[K~~~~~~~~~~~~~~~~~~~~~~~~~~~~~~~~~~~~~~~~~~~~~~~~~~~~~^~~~~~~~~~\x1b[m\x1b[K\n'}
[4.555344] (sfm_ros2) StderrLine: {'line': b'\x1b[01m\x1b[K/opt/ros/jazzy/include/rclcpp/rclcpp/publisher.hpp:400:3:\x1b[m\x1b[K \x1b[01;36m\x1b[Knote: \x1b[m\x1b[Kcandidate: \xe2\x80\x98\x1b[01m\x1b[Kvoid rclcpp::Publisher<MessageT, AllocatorT>::\x1b[01;32m\x1b[Kpublish\x1b[m\x1b[K(const rclcpp::SerializedMessage&) \x1b[35m\x1b[K[with MessageT = nav_msgs::msg::Path_<std::allocator<void> >; AllocatorT = std::allocator<void>]\x1b[m\x1b[K\x1b[m\x1b[K\xe2\x80\x99\n'}
[4.555381] (sfm_ros2) StderrLine: {'line': b'  400 |   \x1b[01;36m\x1b[Kpublish\x1b[m\x1b[K(const SerializedMessage & serialized_msg)\n'}
[4.555417] (sfm_ros2) StderrLine: {'line': b'      |   \x1b[01;36m\x1b[K^~~~~~~\x1b[m\x1b[K\n'}
[4.555451] (sfm_ros2) StderrLine: {'line': b'\x1b[01m\x1b[K/opt/ros/jazzy/include/rclcpp/rclcpp/publisher.hpp:400:37:\x1b[m\x1b[K \x1b[01;36m\x1b[Knote: \x1b[m\x1b[K  no known conversion for argument 1 from \xe2\x80\x98\x1b[01m\x1b[Knav_msgs::msg::Path\x1b[m\x1b[K\xe2\x80\x99 {aka \xe2\x80\x98\x1b[01m\x1b[Knav_msgs::msg::Path_<std::allocator<void> >\x1b[m\x1b[K\xe2\x80\x99} to \xe2\x80\x98\x1b[01m\x1b[Kconst rclcpp::SerializedMessage&\x1b[m\x1b[K\xe2\x80\x99\n'}
[4.555485] (sfm_ros2) StderrLine: {'line': b'  400 |   publish(\x1b[01;36m\x1b[Kconst SerializedMessage & serialized_msg\x1b[m\x1b[K)\n'}
[4.555519] (sfm_ros2) StderrLine: {'line': b'      |           \x1b[01;36m\x1b[K~~~~~~~~~~~~~~~~~~~~~~~~~~^~~~~~~~~~~~~~\x1b[m\x1b[K\n'}
[4.555551] (sfm_ros2) StderrLine: {'line': b'\x1b[01m\x1b[K/opt/ros/jazzy/include/rclcpp/rclcpp/publisher.hpp:394:3:\x1b[m\x1b[K \x1b[01;36m\x1b[Knote: \x1b[m\x1b[Kcandidate: \xe2\x80\x98\x1b[01m\x1b[Kvoid rclcpp::Publisher<MessageT, AllocatorT>::\x1b[01;32m\x1b[Kpublish\x1b[m\x1b[K(const rcl_serialized_message_t&) \x1b[35m\x1b[K[with MessageT = nav_msgs::msg::Path_<std::allocator<void> >; AllocatorT = std::allocator<void>; rcl_serialized_message_t = rcutils_uint8_array_s]\x1b[m\x1b[K\x1b[m\x1b[K\xe2\x80\x99\n'}
[4.555586] (sfm_ros2) StderrLine: {'line': b'  394 |   \x1b[01;36m\x1b[Kpublish\x1b[m\x1b[K(const rcl_serialized_message_t & serialized_msg)\n'}
[4.555620] (sfm_ros2) StderrLine: {'line': b'      |   \x1b[01;36m\x1b[K^~~~~~~\x1b[m\x1b[K\n'}
[4.555653] (sfm_ros2) StderrLine: {'line': b'\x1b[01m\x1b[K/opt/ros/jazzy/include/rclcpp/rclcpp/publisher.hpp:394:44:\x1b[m\x1b[K \x1b[01;36m\x1b[Knote: \x1b[m\x1b[K  no known conversion for argument 1 from \xe2\x80\x98\x1b[01m\x1b[Knav_msgs::msg::Path\x1b[m\x1b[K\xe2\x80\x99 {aka \xe2\x80\x98\x1b[01m\x1b[Knav_msgs::msg::Path_<std::allocator<void> >\x1b[m\x1b[K\xe2\x80\x99} to \xe2\x80\x98\x1b[01m\x1b[Kconst rcl_serialized_message_t&\x1b[m\x1b[K\xe2\x80\x99 {aka \xe2\x80\x98\x1b[01m\x1b[Kconst rcutils_uint8_array_s&\x1b[m\x1b[K\xe2\x80\x99}\n'}
[4.555687] (sfm_ros2) StderrLine: {'line': b'  394 |   publish(\x1b[01;36m\x1b[Kconst rcl_serialized_message_t & serialized_msg\x1b[m\x1b[K)\n'}
[4.555720] (sfm_ros2) StderrLine: {'line': b'      |           \x1b[01;36m\x1b[K~~~~~~~~~~~~~~~~~~~~~~~~~~~~~~~~~^~~~~~~~~~~~~~\x1b[m\x1b[K\n'}
[4.555753] (sfm_ros2) StderrLine: {'line': b'\x1b[01m\x1b[K/opt/ros/jazzy/include/rclcpp/rclcpp/publisher.hpp:376:3:\x1b[m\x1b[K \x1b[01;36m\x1b[Knote: \x1b[m\x1b[Kcandidate: \xe2\x80\x98\x1b[01m\x1b[Ktemplate<class T> std::enable_if_t<(typename rclcpp::TypeAdapter<MessageT>::is_specialized::value && std::is_same<T, typename rclcpp::TypeAdapter<MessageT>::custom_type>::value)> rclcpp::Publisher<MessageT, AllocatorT>::\x1b[01;32m\x1b[Kpublish\x1b[m\x1b[K(const T&) \x1b[35m\x1b[K[with MessageT = nav_msgs::msg::Path_<std::allocator<void> >; AllocatorT = std::allocator<void>]\x1b[m\x1b[K\x1b[m\x1b[K\xe2\x80\x99\n'}
[4.555790] (sfm_ros2) StderrLine: {'line': b'  376 |   \x1b[01;36m\x1b[Kpublish\x1b[m\x1b[K(const T & msg)\n'}
[4.555824] (sfm_ros2) StderrLine: {'line': b'      |   \x1b[01;36m\x1b[K^~~~~~~\x1b[m\x1b[K\n'}
[4.555857] (sfm_ros2) StderrLine: {'line': b'\x1b[01m\x1b[K/opt/ros/jazzy/include/rclcpp/rclcpp/publisher.hpp:376:3:\x1b[m\x1b[K \x1b[01;36m\x1b[Knote: \x1b[m\x1b[K  template argument deduction/substitution failed:\n'}
[4.555890] (sfm_ros2) StderrLine: {'line': b'\x1b[01m\x1b[K/opt/ros/jazzy/include/rclcpp/rclcpp/publisher.hpp:326:3:\x1b[m\x1b[K \x1b[01;36m\x1b[Knote: \x1b[m\x1b[Kcandidate: \xe2\x80\x98\x1b[01m\x1b[Ktemplate<class T> std::enable_if_t<(typename rclcpp::TypeAdapter<MessageT>::is_specialized::value && std::is_same<T, typename rclcpp::TypeAdapter<MessageT>::custom_type>::value)> rclcpp::Publisher<MessageT, AllocatorT>::\x1b[01;32m\x1b[Kpublish\x1b[m\x1b[K(std::unique_ptr<T, typename std::conditional<std::is_same<typename std::allocator_traits<typename std::allocator_traits<_Allocator>::rebind_traits<typename rclcpp::TypeAdapter<MessageT, void, void>::custom_type>::allocator_type>::rebind_alloc<typename rclcpp::TypeAdapter<MessageT, void, void>::custom_type>, std::allocator<typename rclcpp::TypeAdapter<MessageT>::custom_type> >::value, std::default_delete<typename rclcpp::TypeAdapter<MessageT>::custom_type>, rclcpp::allocator::AllocatorDeleter<typename std::allocator_traits<_Allocator>::rebind_traits<typename rclcpp::TypeAdapter<MessageT, void, void>::custom_type>::allocator_type> >::type>) \x1b[35m\x1b[K[with MessageT = nav_msgs::msg::Path_<std::allocator<void> >; AllocatorT = std::allocator<void>]\x1b[m\x1b[K\x1b[m\x1b[K\xe2\x80\x99\n'}
[4.555932] (sfm_ros2) StderrLine: {'line': b'  326 |   \x1b[01;36m\x1b[Kpublish\x1b[m\x1b[K(std::unique_ptr<T, PublishedTypeDeleter> msg)\n'}
[4.555966] (sfm_ros2) StderrLine: {'line': b'      |   \x1b[01;36m\x1b[K^~~~~~~\x1b[m\x1b[K\n'}
[4.555998] (sfm_ros2) StderrLine: {'line': b'\x1b[01m\x1b[K/opt/ros/jazzy/include/rclcpp/rclcpp/publisher.hpp:326:3:\x1b[m\x1b[K \x1b[01;36m\x1b[Knote: \x1b[m\x1b[K  template argument deduction/substitution failed:\n'}
[4.556032] (sfm_ros2) StderrLine: {'line': b'\x1b[01m\x1b[K/home/elioowo/ros_sfm/sfm_ros2/src/sfm.cpp:211:34:\x1b[m\x1b[K \x1b[01;36m\x1b[Knote: \x1b[m\x1b[K  \xe2\x80\x98\x1b[01m\x1b[Knav_msgs::msg::Path_<std::allocator<void> >\x1b[m\x1b[K\xe2\x80\x99 is not derived from \xe2\x80\x98\x1b[01m\x1b[Kstd::unique_ptr<T, std::default_delete<nav_msgs::msg::Path_<std::allocator<void> > > >\x1b[m\x1b[K\xe2\x80\x99\n'}
[4.556066] (sfm_ros2) StderrLine: {'line': b'  211 |     \x1b[01;36m\x1b[Kthis->sfmTrajectory_->publish(trajectory)\x1b[m\x1b[K;\n'}
[4.556099] (sfm_ros2) StderrLine: {'line': b'      |     \x1b[01;36m\x1b[K~~~~~~~~~~~~~~~~~~~~~~~~~~~~~^~~~~~~~~~~~\x1b[m\x1b[K\n'}
[4.556132] (sfm_ros2) StderrLine: {'line': b'\x1b[01m\x1b[K/opt/ros/jazzy/include/rclcpp/rclcpp/publisher.hpp:296:3:\x1b[m\x1b[K \x1b[01;36m\x1b[Knote: \x1b[m\x1b[Kcandidate: \xe2\x80\x98\x1b[01m\x1b[Kstd::enable_if_t<(rosidl_generator_traits::is_message<T>::value && std::is_same<T, typename rclcpp::TypeAdapter<MessageT>::ros_message_type>::value)> rclcpp::Publisher<MessageT, AllocatorT>::\x1b[01;32m\x1b[Kpublish\x1b[m\x1b[K(const T&) \x1b[35m\x1b[K[with T = nav_msgs::msg::Path_<std::allocator<void> >; MessageT = nav_msgs::msg::Path_<std::allocator<void> >; AllocatorT = std::allocator<void>; std::enable_if_t<(rosidl_generator_traits::is_message<T>::value && std::is_same<T, typename rclcpp::TypeAdapter<MessageT>::ros_message_type>::value)> = void; typename rclcpp::TypeAdapter<MessageT>::ros_message_type = nav_msgs::msg::Path_<std::allocator<void> >]\x1b[m\x1b[K\x1b[m\x1b[K\xe2\x80\x99 (near match)\n'}
[4.556168] (sfm_ros2) StderrLine: {'line': b'  296 |   \x1b[01;36m\x1b[Kpublish\x1b[m\x1b[K(const T & msg)\n'}
[4.556202] (sfm_ros2) StderrLine: {'line': b'      |   \x1b[01;36m\x1b[K^~~~~~~\x1b[m\x1b[K\n'}
[4.556242] (sfm_ros2) StderrLine: {'line': b'\x1b[01m\x1b[K/opt/ros/jazzy/include/rclcpp/rclcpp/publisher.hpp:296:3:\x1b[m\x1b[K \x1b[01;36m\x1b[Knote: \x1b[m\x1b[K  passing \xe2\x80\x98\x1b[01m\x1b[Kstd::__shared_ptr_access<const rclcpp::Publisher<nav_msgs::msg::Path_<std::allocator<void> > >, __gnu_cxx::_S_atomic, false, false>::element_type*\x1b[m\x1b[K\xe2\x80\x99 {aka \xe2\x80\x98\x1b[01m\x1b[Kconst rclcpp::Publisher<nav_msgs::msg::Path_<std::allocator<void> > >*\x1b[m\x1b[K\xe2\x80\x99} as \xe2\x80\x98\x1b[01m\x1b[Kthis\x1b[m\x1b[K\xe2\x80\x99 argument discards qualifiers\n'}
[4.556281] (sfm_ros2) StderrLine: {'line': b'\x1b[01m\x1b[K/opt/ros/jazzy/include/rclcpp/rclcpp/publisher.hpp:242:3:\x1b[m\x1b[K \x1b[01;36m\x1b[Knote: \x1b[m\x1b[Kcandidate: \xe2\x80\x98\x1b[01m\x1b[Ktemplate<class T> std::enable_if_t<(rosidl_generator_traits::is_message<T>::value && std::is_same<T, typename rclcpp::TypeAdapter<MessageT>::ros_message_type>::value)> rclcpp::Publisher<MessageT, AllocatorT>::\x1b[01;32m\x1b[Kpublish\x1b[m\x1b[K(std::unique_ptr<T, typename std::conditional<std::is_same<typename std::allocator_traits<typename std::allocator_traits<_Allocator>::rebind_traits<typename rclcpp::TypeAdapter<MessageT, void, void>::ros_message_type>::allocator_type>::rebind_alloc<typename rclcpp::TypeAdapter<MessageT, void, void>::ros_message_type>, std::allocator<typename rclcpp::TypeAdapter<MessageT>::ros_message_type> >::value, std::default_delete<typename rclcpp::TypeAdapter<MessageT>::ros_message_type>, rclcpp::allocator::AllocatorDeleter<typename std::allocator_traits<_Allocator>::rebind_traits<typename rclcpp::TypeAdapter<MessageT, void, void>::ros_message_type>::allocator_type> >::type>) \x1b[35m\x1b[K[with MessageT = nav_msgs::msg::Path_<std::allocator<void> >; AllocatorT = std::allocator<void>]\x1b[m\x1b[K\x1b[m\x1b[K\xe2\x80\x99\n'}
[4.556323] (sfm_ros2) StderrLine: {'line': b'  242 |   \x1b[01;36m\x1b[Kpublish\x1b[m\x1b[K(std::unique_ptr<T, ROSMessageTypeDeleter> msg)\n'}
[4.556356] (sfm_ros2) StderrLine: {'line': b'      |   \x1b[01;36m\x1b[K^~~~~~~\x1b[m\x1b[K\n'}
[4.556389] (sfm_ros2) StderrLine: {'line': b'\x1b[01m\x1b[K/opt/ros/jazzy/include/rclcpp/rclcpp/publisher.hpp:242:3:\x1b[m\x1b[K \x1b[01;36m\x1b[Knote: \x1b[m\x1b[K  template argument deduction/substitution failed:\n'}
[4.556422] (sfm_ros2) StderrLine: {'line': b'\x1b[01m\x1b[K/home/elioowo/ros_sfm/sfm_ros2/src/sfm.cpp:211:34:\x1b[m\x1b[K \x1b[01;36m\x1b[Knote: \x1b[m\x1b[K  \xe2\x80\x98\x1b[01m\x1b[Knav_msgs::msg::Path_<std::allocator<void> >\x1b[m\x1b[K\xe2\x80\x99 is not derived from \xe2\x80\x98\x1b[01m\x1b[Kstd::unique_ptr<T, std::default_delete<nav_msgs::msg::Path_<std::allocator<void> > > >\x1b[m\x1b[K\xe2\x80\x99\n'}
[4.556456] (sfm_ros2) StderrLine: {'line': b'  211 |     \x1b[01;36m\x1b[Kthis->sfmTrajectory_->publish(trajectory)\x1b[m\x1b[K;\n'}
[4.556490] (sfm_ros2) StderrLine: {'line': b'      |     \x1b[01;36m\x1b[K~~~~~~~~~~~~~~~~~~~~~~~~~~~~~^~~~~~~~~~~~\x1b[m\x1b[K\n'}
[4.556525] (sfm_ros2) StderrLine: {'line': b'\x1b[01m\x1b[K/home/elioowo/ros_sfm/sfm_ros2/src/sfm.cpp:219:32:\x1b[m\x1b[K \x1b[01;31m\x1b[Kerror: \x1b[m\x1b[Kno matching function for call to \xe2\x80\x98\x1b[01m\x1b[Krclcpp::Publisher<sfm_ros2::msg::MapGraph_<std::allocator<void> > >::publish(sfm_ros2::msg::MapGraph&) const\x1b[m\x1b[K\xe2\x80\x99\n'}
[4.556559] (sfm_ros2) StderrLine: {'line': b'  219 |     \x1b[01;31m\x1b[Kthis->sfmMapGraph_->publish(mapGraphMsg)\x1b[m\x1b[K;\n'}
[4.556593] (sfm_ros2) StderrLine: {'line': b'      |     \x1b[01;31m\x1b[K~~~~~~~~~~~~~~~~~~~~~~~~~~~^~~~~~~~~~~~~\x1b[m\x1b[K\n'}
[4.556627] (sfm_ros2) StderrLine: {'line': b'\x1b[01m\x1b[K/opt/ros/jazzy/include/rclcpp/rclcpp/publisher.hpp:414:3:\x1b[m\x1b[K \x1b[01;36m\x1b[Knote: \x1b[m\x1b[Kcandidate: \xe2\x80\x98\x1b[01m\x1b[Kvoid rclcpp::Publisher<MessageT, AllocatorT>::\x1b[01;32m\x1b[Kpublish\x1b[m\x1b[K(rclcpp::LoanedMessage<typename rclcpp::TypeAdapter<MessageT>::ros_message_type, AllocatorT>&&) \x1b[35m\x1b[K[with MessageT = sfm_ros2::msg::MapGraph_<std::allocator<void> >; AllocatorT = std::allocator<void>; typename rclcpp::TypeAdapter<MessageT>::ros_message_type = sfm_ros2::msg::MapGraph_<std::allocator<void> >]\x1b[m\x1b[K\x1b[m\x1b[K\xe2\x80\x99\n'}
[4.556662] (sfm_ros2) StderrLine: {'line': b'  414 |   \x1b[01;36m\x1b[Kpublish\x1b[m\x1b[K(rclcpp::LoanedMessage<ROSMessageType, AllocatorT> && loaned_msg)\n'}
[4.556695] (sfm_ros2) StderrLine: {'line': b'      |   \x1b[01;36m\x1b[K^~~~~~~\x1b[m\x1b[K\n'}
[4.556728] (sfm_ros2) StderrLine: {'line': b'\x1b[01m\x1b[K/opt/ros/jazzy/include/rclcpp/rclcpp/publisher.hpp:414:64:\x1b[m\x1b[K \x1b[01;36m\x1b[Knote: \x1b[m\x1b[K  no known conversion for argument 1 from \xe2\x80\x98\x1b[01m\x1b[Ksfm_ros2::msg::MapGraph\x1b[m\x1b[K\xe2\x80\x99 {aka \xe2\x80\x98\x1b[01m\x1b[Ksfm_ros2::msg::MapGraph_<std::allocator<void> >\x1b[m\x1b[K\xe2\x80\x99} to \xe2\x80\x98\x1b[01m\x1b[Krclcpp::LoanedMessage<sfm_ros2::msg::MapGraph_<std::allocator<void> >, std::allocator<void> >&&\x1b[m\x1b[K\xe2\x80\x99\n'}
[4.556762] (sfm_ros2) StderrLine: {'line': b'  414 |   publish(\x1b[01;36m\x1b[Krclcpp::LoanedMessage<ROSMessageType, AllocatorT> && loaned_msg\x1b[m\x1b[K)\n'}
[4.556794] (sfm_ros2) StderrLine: {'line': b'      |           \x1b[01;36m\x1b[K~~~~~~~~~~~~~~~~~~~~~~~~~~~~~~~~~~~~~~~~~~~~~~~~~~~~~^~~~~~~~~~\x1b[m\x1b[K\n'}
[4.556829] (sfm_ros2) StderrLine: {'line': b'\x1b[01m\x1b[K/opt/ros/jazzy/include/rclcpp/rclcpp/publisher.hpp:400:3:\x1b[m\x1b[K \x1b[01;36m\x1b[Knote: \x1b[m\x1b[Kcandidate: \xe2\x80\x98\x1b[01m\x1b[Kvoid rclcpp::Publisher<MessageT, AllocatorT>::\x1b[01;32m\x1b[Kpublish\x1b[m\x1b[K(const rclcpp::SerializedMessage&) \x1b[35m\x1b[K[with MessageT = sfm_ros2::msg::MapGraph_<std::allocator<void> >; AllocatorT = std::allocator<void>]\x1b[m\x1b[K\x1b[m\x1b[K\xe2\x80\x99\n'}
[4.556864] (sfm_ros2) StderrLine: {'line': b'  400 |   \x1b[01;36m\x1b[Kpublish\x1b[m\x1b[K(const SerializedMessage & serialized_msg)\n'}
[4.556904] (sfm_ros2) StderrLine: {'line': b'      |   \x1b[01;36m\x1b[K^~~~~~~\x1b[m\x1b[K\n'}
[4.556937] (sfm_ros2) StderrLine: {'line': b'\x1b[01m\x1b[K/opt/ros/jazzy/include/rclcpp/rclcpp/publisher.hpp:400:37:\x1b[m\x1b[K \x1b[01;36m\x1b[Knote: \x1b[m\x1b[K  no known conversion for argument 1 from \xe2\x80\x98\x1b[01m\x1b[Ksfm_ros2::msg::MapGraph\x1b[m\x1b[K\xe2\x80\x99 {aka \xe2\x80\x98\x1b[01m\x1b[Ksfm_ros2::msg::MapGraph_<std::allocator<void> >\x1b[m\x1b[K\xe2\x80\x99} to \xe2\x80\x98\x1b[01m\x1b[Kconst rclcpp::SerializedMessage&\x1b[m\x1b[K\xe2\x80\x99\n'}
[4.556972] (sfm_ros2) StderrLine: {'line': b'  400 |   publish(\x1b[01;36m\x1b[Kconst SerializedMessage & serialized_msg\x1b[m\x1b[K)\n'}
[4.557004] (sfm_ros2) StderrLine: {'line': b'      |           \x1b[01;36m\x1b[K~~~~~~~~~~~~~~~~~~~~~~~~~~^~~~~~~~~~~~~~\x1b[m\x1b[K\n'}
[4.557037] (sfm_ros2) StderrLine: {'line': b'\x1b[01m\x1b[K/opt/ros/jazzy/include/rclcpp/rclcpp/publisher.hpp:394:3:\x1b[m\x1b[K \x1b[01;36m\x1b[Knote: \x1b[m\x1b[Kcandidate: \xe2\x80\x98\x1b[01m\x1b[Kvoid rclcpp::Publisher<MessageT, AllocatorT>::\x1b[01;32m\x1b[Kpublish\x1b[m\x1b[K(const rcl_serialized_message_t&) \x1b[35m\x1b[K[with MessageT = sfm_ros2::msg::MapGraph_<std::allocator<void> >; AllocatorT = std::allocator<void>; rcl_serialized_message_t = rcutils_uint8_array_s]\x1b[m\x1b[K\x1b[m\x1b[K\xe2\x80\x99\n'}
[4.557072] (sfm_ros2) StderrLine: {'line': b'  394 |   \x1b[01;36m\x1b[Kpublish\x1b[m\x1b[K(const rcl_serialized_message_t & serialized_msg)\n'}
[4.557106] (sfm_ros2) StderrLine: {'line': b'      |   \x1b[01;36m\x1b[K^~~~~~~\x1b[m\x1b[K\n'}
[4.557138] (sfm_ros2) StderrLine: {'line': b'\x1b[01m\x1b[K/opt/ros/jazzy/include/rclcpp/rclcpp/publisher.hpp:394:44:\x1b[m\x1b[K \x1b[01;36m\x1b[Knote: \x1b[m\x1b[K  no known conversion for argument 1 from \xe2\x80\x98\x1b[01m\x1b[Ksfm_ros2::msg::MapGraph\x1b[m\x1b[K\xe2\x80\x99 {aka \xe2\x80\x98\x1b[01m\x1b[Ksfm_ros2::msg::MapGraph_<std::allocator<void> >\x1b[m\x1b[K\xe2\x80\x99} to \xe2\x80\x98\x1b[01m\x1b[Kconst rcl_serialized_message_t&\x1b[m\x1b[K\xe2\x80\x99 {aka \xe2\x80\x98\x1b[01m\x1b[Kconst rcutils_uint8_array_s&\x1b[m\x1b[K\xe2\x80\x99}\n'}
[4.557175] (sfm_ros2) StderrLine: {'line': b'  394 |   publish(\x1b[01;36m\x1b[Kconst rcl_serialized_message_t & serialized_msg\x1b[m\x1b[K)\n'}
[4.557208] (sfm_ros2) StderrLine: {'line': b'      |           \x1b[01;36m\x1b[K~~~~~~~~~~~~~~~~~~~~~~~~~~~~~~~~~^~~~~~~~~~~~~~\x1b[m\x1b[K\n'}
[4.557241] (sfm_ros2) StderrLine: {'line': b'\x1b[01m\x1b[K/opt/ros/jazzy/include/rclcpp/rclcpp/publisher.hpp:376:3:\x1b[m\x1b[K \x1b[01;36m\x1b[Knote: \x1b[m\x1b[Kcandidate: \xe2\x80\x98\x1b[01m\x1b[Ktemplate<class T> std::enable_if_t<(typename rclcpp::TypeAdapter<MessageT>::is_specialized::value && std::is_same<T, typename rclcpp::TypeAdapter<MessageT>::custom_type>::value)> rclcpp::Publisher<MessageT, AllocatorT>::\x1b[01;32m\x1b[Kpublish\x1b[m\x1b[K(const T&) \x1b[35m\x1b[K[with MessageT = sfm_ros2::msg::MapGraph_<std::allocator<void> >; AllocatorT = std::allocator<void>]\x1b[m\x1b[K\x1b[m\x1b[K\xe2\x80\x99\n'}
[4.557277] (sfm_ros2) StderrLine: {'line': b'  376 |   \x1b[01;36m\x1b[Kpublish\x1b[m\x1b[K(const T & msg)\n'}
[4.557309] (sfm_ros2) StderrLine: {'line': b'      |   \x1b[01;36m\x1b[K^~~~~~~\x1b[m\x1b[K\n'}
[4.557342] (sfm_ros2) StderrLine: {'line': b'\x1b[01m\x1b[K/opt/ros/jazzy/include/rclcpp/rclcpp/publisher.hpp:376:3:\x1b[m\x1b[K \x1b[01;36m\x1b[Knote: \x1b[m\x1b[K  template argument deduction/substitution failed:\n'}
[4.557378] (sfm_ros2) StderrLine: {'line': b'\x1b[01m\x1b[K/opt/ros/jazzy/include/rclcpp/rclcpp/publisher.hpp:326:3:\x1b[m\x1b[K \x1b[01;36m\x1b[Knote: \x1b[m\x1b[Kcandidate: \xe2\x80\x98\x1b[01m\x1b[Ktemplate<class T> std::enable_if_t<(typename rclcpp::TypeAdapter<MessageT>::is_specialized::value && std::is_same<T, typename rclcpp::TypeAdapter<MessageT>::custom_type>::value)> rclcpp::Publisher<MessageT, AllocatorT>::\x1b[01;32m\x1b[Kpublish\x1b[m\x1b[K(std::unique_ptr<T, typename std::conditional<std::is_same<typename std::allocator_traits<typename std::allocator_traits<_Allocator>::rebind_traits<typename rclcpp::TypeAdapter<MessageT, void, void>::custom_type>::allocator_type>::rebind_alloc<typename rclcpp::TypeAdapter<MessageT, void, void>::custom_type>, std::allocator<typename rclcpp::TypeAdapter<MessageT>::custom_type> >::value, std::default_delete<typename rclcpp::TypeAdapter<MessageT>::custom_type>, rclcpp::allocator::AllocatorDeleter<typename std::allocator_traits<_Allocator>::rebind_traits<typename rclcpp::TypeAdapter<MessageT, void, void>::custom_type>::allocator_type> >::type>) \x1b[35m\x1b[K[with MessageT = sfm_ros2::msg::MapGraph_<std::allocator<void> >; AllocatorT = std::allocator<void>]\x1b[m\x1b[K\x1b[m\x1b[K\xe2\x80\x99\n'}
[4.557416] (sfm_ros2) StderrLine: {'line': b'  326 |   \x1b[01;36m\x1b[Kpublish\x1b[m\x1b[K(std::unique_ptr<T, PublishedTypeDeleter> msg)\n'}
[4.557448] (sfm_ros2) StderrLine: {'line': b'      |   \x1b[01;36m\x1b[K^~~~~~~\x1b[m\x1b[K\n'}
[4.557481] (sfm_ros2) StderrLine: {'line': b'\x1b[01m\x1b[K/opt/ros/jazzy/include/rclcpp/rclcpp/publisher.hpp:326:3:\x1b[m\x1b[K \x1b[01;36m\x1b[Knote: \x1b[m\x1b[K  template argument deduction/substitution failed:\n'}
[4.557513] (sfm_ros2) StderrLine: {'line': b'\x1b[01m\x1b[K/home/elioowo/ros_sfm/sfm_ros2/src/sfm.cpp:219:32:\x1b[m\x1b[K \x1b[01;36m\x1b[Knote: \x1b[m\x1b[K  \xe2\x80\x98\x1b[01m\x1b[Ksfm_ros2::msg::MapGraph_<std::allocator<void> >\x1b[m\x1b[K\xe2\x80\x99 is not derived from \xe2\x80\x98\x1b[01m\x1b[Kstd::unique_ptr<T, std::default_delete<sfm_ros2::msg::MapGraph_<std::allocator<void> > > >\x1b[m\x1b[K\xe2\x80\x99\n'}
[4.557548] (sfm_ros2) StderrLine: {'line': b'  219 |     \x1b[01;36m\x1b[Kthis->sfmMapGraph_->publish(mapGraphMsg)\x1b[m\x1b[K;\n'}
[4.557580] (sfm_ros2) StderrLine: {'line': b'      |     \x1b[01;36m\x1b[K~~~~~~~~~~~~~~~~~~~~~~~~~~~^~~~~~~~~~~~~\x1b[m\x1b[K\n'}
[4.557614] (sfm_ros2) StderrLine: {'line': b'\x1b[01m\x1b[K/opt/ros/jazzy/include/rclcpp/rclcpp/publisher.hpp:296:3:\x1b[m\x1b[K \x1b[01;36m\x1b[Knote: \x1b[m\x1b[Kcandidate: \xe2\x80\x98\x1b[01m\x1b[Kstd::enable_if_t<(rosidl_generator_traits::is_message<T>::value && std::is_same<T, typename rclcpp::TypeAdapter<MessageT>::ros_message_type>::value)> rclcpp::Publisher<MessageT, AllocatorT>::\x1b[01;32m\x1b[Kpublish\x1b[m\x1b[K(const T&) \x1b[35m\x1b[K[with T = sfm_ros2::msg::MapGraph_<std::allocator<void> >; MessageT = sfm_ros2::msg::MapGraph_<std::allocator<void> >; AllocatorT = std::allocator<void>; std::enable_if_t<(rosidl_generator_traits::is_message<T>::value && std::is_same<T, typename rclcpp::TypeAdapter<MessageT>::ros_message_type>::value)> = void; typename rclcpp::TypeAdapter<MessageT>::ros_message_type = sfm_ros2::msg::MapGraph_<std::allocator<void> >]\x1b[m\x1b[K\x1b[m\x1b[K\xe2\x80\x99 (near match)\n'}
[4.557651] (sfm_ros2) StderrLine: {'line': b'  296 |   \x1b[01;36m\x1b[Kpublish\x1b[m\x1b[K(const T & msg)\n'}
[4.557684] (sfm_ros2) StderrLine: {'line': b'      |   \x1b[01;36m\x1b[K^~~~~~~\x1b[m\x1b[K\n'}
[4.557716] (sfm_ros2) StderrLine: {'line': b'\x1b[01m\x1b[K/opt/ros/jazzy/include/rclcpp/rclcpp/publisher.hpp:296:3:\x1b[m\x1b[K \x1b[01;36m\x1b[Knote: \x1b[m\x1b[K  passing \xe2\x80\x98\x1b[01m\x1b[Kstd::__shared_ptr_access<const rclcpp::Publisher<sfm_ros2::msg::MapGraph_<std::allocator<void> > >, __gnu_cxx::_S_atomic, false, false>::element_type*\x1b[m\x1b[K\xe2\x80\x99 {aka \xe2\x80\x98\x1b[01m\x1b[Kconst rclcpp::Publisher<sfm_ros2::msg::MapGraph_<std::allocator<void> > >*\x1b[m\x1b[K\xe2\x80\x99} as \xe2\x80\x98\x1b[01m\x1b[Kthis\x1b[m\x1b[K\xe2\x80\x99 argument discards qualifiers\n'}
[4.557753] (sfm_ros2) StderrLine: {'line': b'\x1b[01m\x1b[K/opt/ros/jazzy/include/rclcpp/rclcpp/publisher.hpp:242:3:\x1b[m\x1b[K \x1b[01;36m\x1b[Knote: \x1b[m\x1b[Kcandidate: \xe2\x80\x98\x1b[01m\x1b[Ktemplate<class T> std::enable_if_t<(rosidl_generator_traits::is_message<T>::value && std::is_same<T, typename rclcpp::TypeAdapter<MessageT>::ros_message_type>::value)> rclcpp::Publisher<MessageT, AllocatorT>::\x1b[01;32m\x1b[Kpublish\x1b[m\x1b[K(std::unique_ptr<T, typename std::conditional<std::is_same<typename std::allocator_traits<typename std::allocator_traits<_Allocator>::rebind_traits<typename rclcpp::TypeAdapter<MessageT, void, void>::ros_message_type>::allocator_type>::rebind_alloc<typename rclcpp::TypeAdapter<MessageT, void, void>::ros_message_type>, std::allocator<typename rclcpp::TypeAdapter<MessageT>::ros_message_type> >::value, std::default_delete<typename rclcpp::TypeAdapter<MessageT>::ros_message_type>, rclcpp::allocator::AllocatorDeleter<typename std::allocator_traits<_Allocator>::rebind_traits<typename rclcpp::TypeAdapter<MessageT, void, void>::ros_message_type>::allocator_type> >::type>) \x1b[35m\x1b[K[with MessageT = sfm_ros2::msg::MapGraph_<std::allocator<void> >; AllocatorT = std::allocator<void>]\x1b[m\x1b[K\x1b[m\x1b[K\xe2\x80\x99\n'}
[4.557794] (sfm_ros2) StderrLine: {'line': b'  242 |   \x1b[01;36m\x1b[Kpublish\x1b[m\x1b[K(std::unique_ptr<T, ROSMessageTypeDeleter> msg)\n'}
[4.557828] (sfm_ros2) StderrLine: {'line': b'      |   \x1b[01;36m\x1b[K^~~~~~~\x1b[m\x1b[K\n'}
[4.557860] (sfm_ros2) StderrLine: {'line': b'\x1b[01m\x1b[K/opt/ros/jazzy/include/rclcpp/rclcpp/publisher.hpp:242:3:\x1b[m\x1b[K \x1b[01;36m\x1b[Knote: \x1b[m\x1b[K  template argument deduction/substitution failed:\n'}
[4.557894] (sfm_ros2) StderrLine: {'line': b'\x1b[01m\x1b[K/home/elioowo/ros_sfm/sfm_ros2/src/sfm.cpp:219:32:\x1b[m\x1b[K \x1b[01;36m\x1b[Knote: \x1b[m\x1b[K  \xe2\x80\x98\x1b[01m\x1b[Ksfm_ros2::msg::MapGraph_<std::allocator<void> >\x1b[m\x1b[K\xe2\x80\x99 is not derived from \xe2\x80\x98\x1b[01m\x1b[Kstd::unique_ptr<T, std::default_delete<sfm_ros2::msg::MapGraph_<std::allocator<void> > > >\x1b[m\x1b[K\xe2\x80\x99\n'}
[4.557930] (sfm_ros2) StderrLine: {'line': b'  219 |     \x1b[01;36m\x1b[Kthis->sfmMapGraph_->publish(mapGraphMsg)\x1b[m\x1b[K;\n'}
[4.557963] (sfm_ros2) StderrLine: {'line': b'      |     \x1b[01;36m\x1b[K~~~~~~~~~~~~~~~~~~~~~~~~~~~^~~~~~~~~~~~~\x1b[m\x1b[K\n'}
[4.615646] (-) TimerEvent: {}
[4.715960] (-) TimerEvent: {}
[4.816278] (-) TimerEvent: {}
[4.916602] (-) TimerEvent: {}
[5.016931] (-) TimerEvent: {}
[5.111453] (sfm_ros2) StderrLine: {'line': b'In file included from \x1b[01m\x1b[K/opt/ros/jazzy/include/message_filters/message_filters/synchronizer.h:47\x1b[m\x1b[K,\n'}
[5.111732] (sfm_ros2) StderrLine: {'line': b'                 from \x1b[01m\x1b[K/opt/ros/jazzy/include/message_filters/message_filters/time_synchronizer.h:41\x1b[m\x1b[K,\n'}
[5.111785] (sfm_ros2) StderrLine: {'line': b'                 from \x1b[01m\x1b[K/home/elioowo/ros_sfm/sfm_ros2/include/sfm/sfm.h:19\x1b[m\x1b[K:\n'}
[5.111827] (sfm_ros2) StderrLine: {'line': b'/opt/ros/jazzy/include/message_filters/message_filters/signal9.h: In instantiation of \xe2\x80\x98\x1b[01m\x1b[Kmessage_filters::Connection message_filters::Signal9<M0, M1, M2, M3, M4, M5, M6, M7, M8>::\x1b[01;32m\x1b[KaddCallback\x1b[m\x1b[K(C&) \x1b[35m\x1b[K[with C = const semanticSfm::semanticSfm(rclcpp::Node::SharedPtr)::<lambda(const sensor_msgs::msg::Image_<std::allocator<void> >::ConstSharedPtr&, const sensor_msgs::msg::Image_<std::allocator<void> >::ConstSharedPtr&, const sensor_msgs::msg::CameraInfo_<std::allocator<void> >::ConstSharedPtr&, const nav_msgs::msg::Odometry_<std::allocator<void> >::ConstSharedPtr&)>; M0 = sensor_msgs::msg::Image_<std::allocator<void> >; M1 = sensor_msgs::msg::Image_<std::allocator<void> >; M2 = sensor_msgs::msg::CameraInfo_<std::allocator<void> >; M3 = nav_msgs::msg::Odometry_<std::allocator<void> >; M4 = message_filters::NullType; M5 = message_filters::NullType; M6 = message_filters::NullType; M7 = message_filters::NullType; M8 = message_filters::NullType]\x1b[m\x1b[K\x1b[m\x1b[K\xe2\x80\x99:\n'}
[5.112062] (sfm_ros2) StderrLine: {'line': b'\x1b[01m\x1b[K/opt/ros/jazzy/include/message_filters/message_filters/synchronizer.h:298:31:\x1b[m\x1b[K   required from \xe2\x80\x98\x1b[01m\x1b[Kmessage_filters::Connection message_filters::Synchronizer<Policy>::\x1b[01;32m\x1b[KregisterCallback\x1b[m\x1b[K(const C&) \x1b[35m\x1b[K[with C = semanticSfm::semanticSfm(rclcpp::Node::SharedPtr)::<lambda(const sensor_msgs::msg::Image_<std::allocator<void> >::ConstSharedPtr&, const sensor_msgs::msg::Image_<std::allocator<void> >::ConstSharedPtr&, const sensor_msgs::msg::CameraInfo_<std::allocator<void> >::ConstSharedPtr&, const nav_msgs::msg::Odometry_<std::allocator<void> >::ConstSharedPtr&)>; Policy = message_filters::sync_policies::ApproximateTime<sensor_msgs::msg::Image_<std::allocator<void> >, sensor_msgs::msg::Image_<std::allocator<void> >, sensor_msgs::msg::CameraInfo_<std::allocator<void> >, nav_msgs::msg::Odometry_<std::allocator<void> > >]\x1b[m\x1b[K\x1b[m\x1b[K\xe2\x80\x99\n'}
[5.112158] (sfm_ros2) StderrLine: {'line': b'\x1b[01m\x1b[K/home/elioowo/ros_sfm/sfm_ros2/src/sfm.cpp:35:28:\x1b[m\x1b[K   required from here\n'}
[5.112196] (sfm_ros2) StderrLine: {'line': b'\x1b[01m\x1b[K/opt/ros/jazzy/include/message_filters/message_filters/signal9.h:280:40:\x1b[m\x1b[K \x1b[01;31m\x1b[Kerror: \x1b[m\x1b[Kno matching function for call to \xe2\x80\x98\x1b[01m\x1b[Kmessage_filters::Signal9<sensor_msgs::msg::Image_<std::allocator<void> >, sensor_msgs::msg::Image_<std::allocator<void> >, sensor_msgs::msg::CameraInfo_<std::allocator<void> >, nav_msgs::msg::Odometry_<std::allocator<void> >, message_filters::NullType, message_filters::NullType, message_filters::NullType, message_filters::NullType, message_filters::NullType>::addCallback<const message_filters::Signal9<sensor_msgs::msg::Image_<std::allocator<void> >, sensor_msgs::msg::Image_<std::allocator<void> >, sensor_msgs::msg::CameraInfo_<std::allocator<void> >, nav_msgs::msg::Odometry_<std::allocator<void> >, message_filters::NullType, message_filters::NullType, message_filters::NullType, message_filters::NullType, message_filters::NullType>::M0ConstPtr&, const message_filters::Signal9<sensor_msgs::msg::Image_<std::allocator<void> >, sensor_msgs::msg::Image_<std::allocator<void> >, sensor_msgs::msg::CameraInfo_<std::allocator<void> >, nav_msgs::msg::Odometry_<std::allocator<void> >, message_filters::NullType, message_filters::NullType, message_filters::NullType, message_filters::NullType, message_filters::NullType>::M1ConstPtr&, const message_filters::Signal9<sensor_msgs::msg::Image_<std::allocator<void> >, sensor_msgs::msg::Image_<std::allocator<void> >, sensor_msgs::msg::CameraInfo_<std::allocator<void> >, nav_msgs::msg::Odometry_<std::allocator<void> >, message_filters::NullType, message_filters::NullType, message_filters::NullType, message_filters::NullType, message_filters::NullType>::M2ConstPtr&, const message_filters::Signal9<sensor_msgs::msg::Image_<std::allocator<void> >, sensor_msgs::msg::Image_<std::allocator<void> >, sensor_msgs::msg::CameraInfo_<std::allocator<void> >, nav_msgs::msg::Odometry_<std::allocator<void> >, message_filters::NullType, message_filters::NullType, message_filters::NullType, message_filters::NullType, message_filters::NullType>::M3ConstPtr&, const message_filters::Signal9<sensor_msgs::msg::Image_<std::allocator<void> >, sensor_msgs::msg::Image_<std::allocator<void> >, sensor_msgs::msg::CameraInfo_<std::allocator<void> >, nav_msgs::msg::Odometry_<std::allocator<void> >, message_filters::NullType, message_filters::NullType, message_filters::NullType, message_filters::NullType, message_filters::NullType>::M4ConstPtr&, const message_filters::Signal9<sensor_msgs::msg::Image_<std::allocator<void> >, sensor_msgs::msg::Image_<std::allocator<void> >, sensor_msgs::msg::CameraInfo_<std::allocator<void> >, nav_msgs::msg::Odometry_<std::allocator<void> >, message_filters::NullType, message_filters::NullType, message_filters::NullType, message_filters::NullType, message_filters::NullType>::M5ConstPtr&, const message_filters::Signal9<sensor_msgs::msg::Image_<std::allocator<void> >, sensor_msgs::msg::Image_<std::allocator<void> >, sensor_msgs::msg::CameraInfo_<std::allocator<void> >, nav_msgs::msg::Odometry_<std::allocator<void> >, message_filters::NullType, message_filters::NullType, message_filters::NullType, message_filters::NullType, message_filters::NullType>::M6ConstPtr&, const message_filters::Signal9<sensor_msgs::msg::Image_<std::allocator<void> >, sensor_msgs::msg::Image_<std::allocator<void> >, sensor_msgs::msg::CameraInfo_<std::allocator<void> >, nav_msgs::msg::Odometry_<std::allocator<void> >, message_filters::NullType, message_filters::NullType, message_filters::NullType, message_filters::NullType, message_filters::NullType>::M7ConstPtr&, const message_filters::Signal9<sensor_msgs::msg::Image_<std::allocator<void> >, sensor_msgs::msg::Image_<std::allocator<void> >, sensor_msgs::msg::CameraInfo_<std::allocator<void> >, nav_msgs::msg::Odometry_<std::allocator<void> >, message_filters::NullType, message_filters::NullType, message_filters::NullType, message_filters::NullType, message_filters::NullType>::M8ConstPtr&>(std::_Bind_helper<false, const semanticSfm::semanticSfm(rclcpp::Node::SharedPtr)::<lambda(const sensor_msgs::msg::Image_<std::allocator<void> >::ConstSharedPtr&, const sensor_msgs::msg::Image_<std::allocator<void> >::ConstSharedPtr&, const sensor_msgs::msg::CameraInfo_<std::allocator<void> >::ConstSharedPtr&, const nav_msgs::msg::Odometry_<std::allocator<void> >::ConstSharedPtr&)>&, const std::_Placeholder<1>&, const std::_Placeholder<2>&, const std::_Placeholder<3>&, const std::_Placeholder<4>&, const std::_Placeholder<5>&, const std::_Placeholder<6>&, const std::_Placeholder<7>&, const std::_Placeholder<8>&, const std::_Placeholder<9>&>::type)\x1b[m\x1b[K\xe2\x80\x99\n'}
[5.112465] (sfm_ros2) StderrLine: {'line': b'  272 |     return \x1b[01;31m\x1b[KaddCallback<const M0ConstPtr&,\x1b[m\x1b[K\n'}
[5.112513] (sfm_ros2) StderrLine: {'line': b'      |            \x1b[01;31m\x1b[K~~~~~~~~~~~~~~~~~~~~~~~~~~~~~~\x1b[m\x1b[K\n'}
[5.112552] (sfm_ros2) StderrLine: {'line': b'  273 | \x1b[01;31m\x1b[K                     const M1ConstPtr&,\x1b[m\x1b[K\n'}
[5.112589] (sfm_ros2) StderrLine: {'line': b'      |                      \x1b[01;31m\x1b[K~~~~~~~~~~~~~~~~~~\x1b[m\x1b[K \n'}
[5.112624] (sfm_ros2) StderrLine: {'line': b'  274 | \x1b[01;31m\x1b[K                     const M2ConstPtr&,\x1b[m\x1b[K\n'}
[5.112657] (sfm_ros2) StderrLine: {'line': b'      |                      \x1b[01;31m\x1b[K~~~~~~~~~~~~~~~~~~\x1b[m\x1b[K \n'}
[5.112690] (sfm_ros2) StderrLine: {'line': b'  275 | \x1b[01;31m\x1b[K                     const M3ConstPtr&,\x1b[m\x1b[K\n'}
[5.112722] (sfm_ros2) StderrLine: {'line': b'      |                      \x1b[01;31m\x1b[K~~~~~~~~~~~~~~~~~~\x1b[m\x1b[K \n'}
[5.112755] (sfm_ros2) StderrLine: {'line': b'  276 | \x1b[01;31m\x1b[K                     const M4ConstPtr&,\x1b[m\x1b[K\n'}
[5.112787] (sfm_ros2) StderrLine: {'line': b'      |                      \x1b[01;31m\x1b[K~~~~~~~~~~~~~~~~~~\x1b[m\x1b[K \n'}
[5.112819] (sfm_ros2) StderrLine: {'line': b'  277 | \x1b[01;31m\x1b[K                     const M5ConstPtr&,\x1b[m\x1b[K\n'}
[5.112853] (sfm_ros2) StderrLine: {'line': b'      |                      \x1b[01;31m\x1b[K~~~~~~~~~~~~~~~~~~\x1b[m\x1b[K \n'}
[5.112886] (sfm_ros2) StderrLine: {'line': b'  278 | \x1b[01;31m\x1b[K                     const M6ConstPtr&,\x1b[m\x1b[K\n'}
[5.112919] (sfm_ros2) StderrLine: {'line': b'      |                      \x1b[01;31m\x1b[K~~~~~~~~~~~~~~~~~~\x1b[m\x1b[K \n'}
[5.112952] (sfm_ros2) StderrLine: {'line': b'  279 | \x1b[01;31m\x1b[K                     const M7ConstPtr&,\x1b[m\x1b[K\n'}
[5.112984] (sfm_ros2) StderrLine: {'line': b'      |                      \x1b[01;31m\x1b[K~~~~~~~~~~~~~~~~~~\x1b[m\x1b[K \n'}
[5.113016] (sfm_ros2) StderrLine: {'line': b'  280 | \x1b[01;31m\x1b[K                     const M8ConstPtr&>(std::bind(callback, std::placeholders::_1, std::placeholders::_2, std::placeholders::_3, std::placeholders::_4, std::placeholders::_5, std::placeholders::_6, std::placeholders::_7, std::placeholders::_8, std::placeholders::_9))\x1b[m\x1b[K;\n'}
[5.113055] (sfm_ros2) StderrLine: {'line': b'      |                      \x1b[01;31m\x1b[K~~~~~~~~~~~~~~~~~~^~~~~~~~~~~~~~~~~~~~~~~~~~~~~~~~~~~~~~~~~~~~~~~~~~~~~~~~~~~~~~~~~~~~~~~~~~~~~~~~~~~~~~~~~~~~~~~~~~~~~~~~~~~~~~~~~~~~~~~~~~~~~~~~~~~~~~~~~~~~~~~~~~~~~~~~~~~~~~~~~~~~~~~~~~~~~~~~~~~~~~~~~~~~~~~~~~~~~~~~~~~~~~~~~~~~~~~~~~~~~~~~~~~~\x1b[m\x1b[K\n'}
[5.113088] (sfm_ros2) StderrLine: {'line': b'\x1b[01m\x1b[K/opt/ros/jazzy/include/message_filters/message_filters/signal9.h:170:14:\x1b[m\x1b[K \x1b[01;36m\x1b[Knote: \x1b[m\x1b[Kcandidate: \xe2\x80\x98\x1b[01m\x1b[Kmessage_filters::Connection message_filters::Signal9<M0, M1, M2, M3, M4, M5, M6, M7, M8>::\x1b[01;32m\x1b[KaddCallback\x1b[m\x1b[K(const std::function<void(P0, P1, P2, P3, P4, P5, P6, P7, P8)>&) \x1b[35m\x1b[K[with P0 = const std::shared_ptr<const sensor_msgs::msg::Image_<std::allocator<void> > >&; P1 = const std::shared_ptr<const sensor_msgs::msg::Image_<std::allocator<void> > >&; P2 = const std::shared_ptr<const sensor_msgs::msg::CameraInfo_<std::allocator<void> > >&; P3 = const std::shared_ptr<const nav_msgs::msg::Odometry_<std::allocator<void> > >&; P4 = const std::shared_ptr<const message_filters::NullType>&; P5 = const std::shared_ptr<const message_filters::NullType>&; P6 = const std::shared_ptr<const message_filters::NullType>&; P7 = const std::shared_ptr<const message_filters::NullType>&; P8 = const std::shared_ptr<const message_filters::NullType>&; M0 = sensor_msgs::msg::Image_<std::allocator<void> >; M1 = sensor_msgs::msg::Image_<std::allocator<void> >; M2 = sensor_msgs::msg::CameraInfo_<std::allocator<void> >; M3 = nav_msgs::msg::Odometry_<std::allocator<void> >; M4 = message_filters::NullType; M5 = message_filters::NullType; M6 = message_filters::NullType; M7 = message_filters::NullType; M8 = message_filters::NullType]\x1b[m\x1b[K\x1b[m\x1b[K\xe2\x80\x99\n'}
[5.113129] (sfm_ros2) StderrLine: {'line': b'  170 |   Connection \x1b[01;36m\x1b[KaddCallback\x1b[m\x1b[K(const std::function<void(P0, P1, P2, P3, P4, P5, P6, P7, P8)>& callback)\n'}
[5.113162] (sfm_ros2) StderrLine: {'line': b'      |              \x1b[01;36m\x1b[K^~~~~~~~~~~\x1b[m\x1b[K\n'}
[5.113196] (sfm_ros2) StderrLine: {'line': b'\x1b[01m\x1b[K/opt/ros/jazzy/include/message_filters/message_filters/signal9.h:170:89:\x1b[m\x1b[K \x1b[01;36m\x1b[Knote: \x1b[m\x1b[K  no known conversion for argument 1 from \xe2\x80\x98\x1b[01m\x1b[Kstd::_Bind_helper<false, const semanticSfm::semanticSfm(rclcpp::Node::SharedPtr)::<lambda(const sensor_msgs::msg::Image_<std::allocator<void> >::ConstSharedPtr&, const sensor_msgs::msg::Image_<std::allocator<void> >::ConstSharedPtr&, const sensor_msgs::msg::CameraInfo_<std::allocator<void> >::ConstSharedPtr&, const nav_msgs::msg::Odometry_<std::allocator<void> >::ConstSharedPtr&)>&, const std::_Placeholder<1>&, const std::_Placeholder<2>&, const std::_Placeholder<3>&, const std::_Placeholder<4>&, const std::_Placeholder<5>&, const std::_Placeholder<6>&, const std::_Placeholder<7>&, const std::_Placeholder<8>&, const std::_Placeholder<9>&>::type\x1b[m\x1b[K\xe2\x80\x99 to \xe2\x80\x98\x1b[01m\x1b[Kconst std::function<void(const std::shared_ptr<const sensor_msgs::msg::Image_<std::allocator<void> > >&, const std::shared_ptr<const sensor_msgs::msg::Image_<std::allocator<void> > >&, const std::shared_ptr<const sensor_msgs::msg::CameraInfo_<std::allocator<void> > >&, const std::shared_ptr<const nav_msgs::msg::Odometry_<std::allocator<void> > >&, const std::shared_ptr<const message_filters::NullType>&, const std::shared_ptr<const message_filters::NullType>&, const std::shared_ptr<const message_filters::NullType>&, const std::shared_ptr<const message_filters::NullType>&, const std::shared_ptr<const message_filters::NullType>&)>&\x1b[m\x1b[K\xe2\x80\x99\n'}
[5.113241] (sfm_ros2) StderrLine: {'line': b'  170 |   Connection addCallback(\x1b[01;36m\x1b[Kconst std::function<void(P0, P1, P2, P3, P4, P5, P6, P7, P8)>& callback\x1b[m\x1b[K)\n'}
[5.113276] (sfm_ros2) StderrLine: {'line': b'      |                          \x1b[01;36m\x1b[K~~~~~~~~~~~~~~~~~~~~~~~~~~~~~~~~~~~~~~~~~~~~~~~~~~~~~~~~~~~~~~~^~~~~~~~\x1b[m\x1b[K\n'}
[5.113308] (sfm_ros2) StderrLine: {'line': b'\x1b[01m\x1b[K/opt/ros/jazzy/include/message_filters/message_filters/signal9.h:180:14:\x1b[m\x1b[K \x1b[01;36m\x1b[Knote: \x1b[m\x1b[Kcandidate: \xe2\x80\x98\x1b[01m\x1b[Ktemplate<class P0, class P1> message_filters::Connection message_filters::Signal9<M0, M1, M2, M3, M4, M5, M6, M7, M8>::\x1b[01;32m\x1b[KaddCallback\x1b[m\x1b[K(void (*)(P0, P1)) \x1b[35m\x1b[K[with P1 = P0; M0 = sensor_msgs::msg::Image_<std::allocator<void> >; M1 = sensor_msgs::msg::Image_<std::allocator<void> >; M2 = sensor_msgs::msg::CameraInfo_<std::allocator<void> >; M3 = nav_msgs::msg::Odometry_<std::allocator<void> >; M4 = message_filters::NullType; M5 = message_filters::NullType; M6 = message_filters::NullType; M7 = message_filters::NullType; M8 = message_filters::NullType]\x1b[m\x1b[K\x1b[m\x1b[K\xe2\x80\x99\n'}
[5.113345] (sfm_ros2) StderrLine: {'line': b'  180 |   Connection \x1b[01;36m\x1b[KaddCallback\x1b[m\x1b[K(void(*callback)(P0, P1))\n'}
[5.113378] (sfm_ros2) StderrLine: {'line': b'      |              \x1b[01;36m\x1b[K^~~~~~~~~~~\x1b[m\x1b[K\n'}
[5.113411] (sfm_ros2) StderrLine: {'line': b'\x1b[01m\x1b[K/opt/ros/jazzy/include/message_filters/message_filters/signal9.h:180:14:\x1b[m\x1b[K \x1b[01;36m\x1b[Knote: \x1b[m\x1b[K  template argument deduction/substitution failed:\n'}
[5.113446] (sfm_ros2) StderrLine: {'line': b'\x1b[01m\x1b[K/opt/ros/jazzy/include/message_filters/message_filters/signal9.h:280:40:\x1b[m\x1b[K \x1b[01;31m\x1b[Kerror: \x1b[m\x1b[Kwrong number of template arguments (9, should be 2)\n'}
[5.113479] (sfm_ros2) StderrLine: {'line': b'  272 |     return \x1b[01;31m\x1b[KaddCallback<const M0ConstPtr&,\x1b[m\x1b[K\n'}
[5.113512] (sfm_ros2) StderrLine: {'line': b'      |            \x1b[01;31m\x1b[K~~~~~~~~~~~~~~~~~~~~~~~~~~~~~~\x1b[m\x1b[K\n'}
[5.113544] (sfm_ros2) StderrLine: {'line': b'  273 | \x1b[01;31m\x1b[K                     const M1ConstPtr&,\x1b[m\x1b[K\n'}
[5.113580] (sfm_ros2) StderrLine: {'line': b'      |                      \x1b[01;31m\x1b[K~~~~~~~~~~~~~~~~~~\x1b[m\x1b[K \n'}
[5.113611] (sfm_ros2) StderrLine: {'line': b'  274 | \x1b[01;31m\x1b[K                     const M2ConstPtr&,\x1b[m\x1b[K\n'}
[5.113644] (sfm_ros2) StderrLine: {'line': b'      |                      \x1b[01;31m\x1b[K~~~~~~~~~~~~~~~~~~\x1b[m\x1b[K \n'}
[5.113676] (sfm_ros2) StderrLine: {'line': b'  275 | \x1b[01;31m\x1b[K                     const M3ConstPtr&,\x1b[m\x1b[K\n'}
[5.113707] (sfm_ros2) StderrLine: {'line': b'      |                      \x1b[01;31m\x1b[K~~~~~~~~~~~~~~~~~~\x1b[m\x1b[K \n'}
[5.113739] (sfm_ros2) StderrLine: {'line': b'  276 | \x1b[01;31m\x1b[K                     const M4ConstPtr&,\x1b[m\x1b[K\n'}
[5.113770] (sfm_ros2) StderrLine: {'line': b'      |                      \x1b[01;31m\x1b[K~~~~~~~~~~~~~~~~~~\x1b[m\x1b[K \n'}
[5.113803] (sfm_ros2) StderrLine: {'line': b'  277 | \x1b[01;31m\x1b[K                     const M5ConstPtr&,\x1b[m\x1b[K\n'}
[5.113836] (sfm_ros2) StderrLine: {'line': b'      |                      \x1b[01;31m\x1b[K~~~~~~~~~~~~~~~~~~\x1b[m\x1b[K \n'}
[5.113869] (sfm_ros2) StderrLine: {'line': b'  278 | \x1b[01;31m\x1b[K                     const M6ConstPtr&,\x1b[m\x1b[K\n'}
[5.113901] (sfm_ros2) StderrLine: {'line': b'      |                      \x1b[01;31m\x1b[K~~~~~~~~~~~~~~~~~~\x1b[m\x1b[K \n'}
[5.113933] (sfm_ros2) StderrLine: {'line': b'  279 | \x1b[01;31m\x1b[K                     const M7ConstPtr&,\x1b[m\x1b[K\n'}
[5.113964] (sfm_ros2) StderrLine: {'line': b'      |                      \x1b[01;31m\x1b[K~~~~~~~~~~~~~~~~~~\x1b[m\x1b[K \n'}
[5.113996] (sfm_ros2) StderrLine: {'line': b'  280 | \x1b[01;31m\x1b[K                     const M8ConstPtr&>(std::bind(callback, std::placeholders::_1, std::placeholders::_2, std::placeholders::_3, std::placeholders::_4, std::placeholders::_5, std::placeholders::_6, std::placeholders::_7, std::placeholders::_8, std::placeholders::_9))\x1b[m\x1b[K;\n'}
[5.114030] (sfm_ros2) StderrLine: {'line': b'      |                      \x1b[01;31m\x1b[K~~~~~~~~~~~~~~~~~~^~~~~~~~~~~~~~~~~~~~~~~~~~~~~~~~~~~~~~~~~~~~~~~~~~~~~~~~~~~~~~~~~~~~~~~~~~~~~~~~~~~~~~~~~~~~~~~~~~~~~~~~~~~~~~~~~~~~~~~~~~~~~~~~~~~~~~~~~~~~~~~~~~~~~~~~~~~~~~~~~~~~~~~~~~~~~~~~~~~~~~~~~~~~~~~~~~~~~~~~~~~~~~~~~~~~~~~~~~~~~~~~~~~~\x1b[m\x1b[K\n'}
[5.114065] (sfm_ros2) StderrLine: {'line': b'\x1b[01m\x1b[K/opt/ros/jazzy/include/message_filters/message_filters/signal9.h:180:14:\x1b[m\x1b[K \x1b[01;36m\x1b[Knote: \x1b[m\x1b[Kprovided for \xe2\x80\x98\x1b[01m\x1b[Ktemplate<class P0, class P1> message_filters::Connection message_filters::Signal9<M0, M1, M2, M3, M4, M5, M6, M7, M8>::\x1b[01;32m\x1b[KaddCallback\x1b[m\x1b[K(void (*)(P0, P1)) \x1b[35m\x1b[K[with P1 = P0; M0 = sensor_msgs::msg::Image_<std::allocator<void> >; M1 = sensor_msgs::msg::Image_<std::allocator<void> >; M2 = sensor_msgs::msg::CameraInfo_<std::allocator<void> >; M3 = nav_msgs::msg::Odometry_<std::allocator<void> >; M4 = message_filters::NullType; M5 = message_filters::NullType; M6 = message_filters::NullType; M7 = message_filters::NullType; M8 = message_filters::NullType]\x1b[m\x1b[K\x1b[m\x1b[K\xe2\x80\x99\n'}
[5.114102] (sfm_ros2) StderrLine: {'line': b'  180 |   Connection \x1b[01;36m\x1b[KaddCallback\x1b[m\x1b[K(void(*callback)(P0, P1))\n'}
[5.114134] (sfm_ros2) StderrLine: {'line': b'      |              \x1b[01;36m\x1b[K^~~~~~~~~~~\x1b[m\x1b[K\n'}
[5.114167] (sfm_ros2) StderrLine: {'line': b'\x1b[01m\x1b[K/opt/ros/jazzy/include/message_filters/message_filters/signal9.h:186:14:\x1b[m\x1b[K \x1b[01;36m\x1b[Knote: \x1b[m\x1b[Kcandidate: \xe2\x80\x98\x1b[01m\x1b[Ktemplate<class P0, class P1, class P2> message_filters::Connection message_filters::Signal9<M0, M1, M2, M3, M4, M5, M6, M7, M8>::\x1b[01;32m\x1b[KaddCallback\x1b[m\x1b[K(void (*)(P0, P1, P2)) \x1b[35m\x1b[K[with P1 = P0; P2 = P1; M0 = sensor_msgs::msg::Image_<std::allocator<void> >; M1 = sensor_msgs::msg::Image_<std::allocator<void> >; M2 = sensor_msgs::msg::CameraInfo_<std::allocator<void> >; M3 = nav_msgs::msg::Odometry_<std::allocator<void> >; M4 = message_filters::NullType; M5 = message_filters::NullType; M6 = message_filters::NullType; M7 = message_filters::NullType; M8 = message_filters::NullType]\x1b[m\x1b[K\x1b[m\x1b[K\xe2\x80\x99\n'}
[5.114200] (sfm_ros2) StderrLine: {'line': b'  186 |   Connection \x1b[01;36m\x1b[KaddCallback\x1b[m\x1b[K(void(*callback)(P0, P1, P2))\n'}
[5.114232] (sfm_ros2) StderrLine: {'line': b'      |              \x1b[01;36m\x1b[K^~~~~~~~~~~\x1b[m\x1b[K\n'}
[5.114264] (sfm_ros2) StderrLine: {'line': b'\x1b[01m\x1b[K/opt/ros/jazzy/include/message_filters/message_filters/signal9.h:186:14:\x1b[m\x1b[K \x1b[01;36m\x1b[Knote: \x1b[m\x1b[K  template argument deduction/substitution failed:\n'}
[5.114296] (sfm_ros2) StderrLine: {'line': b'\x1b[01m\x1b[K/opt/ros/jazzy/include/message_filters/message_filters/signal9.h:280:40:\x1b[m\x1b[K \x1b[01;31m\x1b[Kerror: \x1b[m\x1b[Kwrong number of template arguments (9, should be 3)\n'}
[5.114329] (sfm_ros2) StderrLine: {'line': b'  272 |     return \x1b[01;31m\x1b[KaddCallback<const M0ConstPtr&,\x1b[m\x1b[K\n'}
[5.114360] (sfm_ros2) StderrLine: {'line': b'      |            \x1b[01;31m\x1b[K~~~~~~~~~~~~~~~~~~~~~~~~~~~~~~\x1b[m\x1b[K\n'}
[5.114391] (sfm_ros2) StderrLine: {'line': b'  273 | \x1b[01;31m\x1b[K                     const M1ConstPtr&,\x1b[m\x1b[K\n'}
[5.114423] (sfm_ros2) StderrLine: {'line': b'      |                      \x1b[01;31m\x1b[K~~~~~~~~~~~~~~~~~~\x1b[m\x1b[K \n'}
[5.114455] (sfm_ros2) StderrLine: {'line': b'  274 | \x1b[01;31m\x1b[K                     const M2ConstPtr&,\x1b[m\x1b[K\n'}
[5.114486] (sfm_ros2) StderrLine: {'line': b'      |                      \x1b[01;31m\x1b[K~~~~~~~~~~~~~~~~~~\x1b[m\x1b[K \n'}
[5.114518] (sfm_ros2) StderrLine: {'line': b'  275 | \x1b[01;31m\x1b[K                     const M3ConstPtr&,\x1b[m\x1b[K\n'}
[5.114551] (sfm_ros2) StderrLine: {'line': b'      |                      \x1b[01;31m\x1b[K~~~~~~~~~~~~~~~~~~\x1b[m\x1b[K \n'}
[5.114583] (sfm_ros2) StderrLine: {'line': b'  276 | \x1b[01;31m\x1b[K                     const M4ConstPtr&,\x1b[m\x1b[K\n'}
[5.114616] (sfm_ros2) StderrLine: {'line': b'      |                      \x1b[01;31m\x1b[K~~~~~~~~~~~~~~~~~~\x1b[m\x1b[K \n'}
[5.114650] (sfm_ros2) StderrLine: {'line': b'  277 | \x1b[01;31m\x1b[K                     const M5ConstPtr&,\x1b[m\x1b[K\n'}
[5.114682] (sfm_ros2) StderrLine: {'line': b'      |                      \x1b[01;31m\x1b[K~~~~~~~~~~~~~~~~~~\x1b[m\x1b[K \n'}
[5.114713] (sfm_ros2) StderrLine: {'line': b'  278 | \x1b[01;31m\x1b[K                     const M6ConstPtr&,\x1b[m\x1b[K\n'}
[5.114744] (sfm_ros2) StderrLine: {'line': b'      |                      \x1b[01;31m\x1b[K~~~~~~~~~~~~~~~~~~\x1b[m\x1b[K \n'}
[5.114775] (sfm_ros2) StderrLine: {'line': b'  279 | \x1b[01;31m\x1b[K                     const M7ConstPtr&,\x1b[m\x1b[K\n'}
[5.114806] (sfm_ros2) StderrLine: {'line': b'      |                      \x1b[01;31m\x1b[K~~~~~~~~~~~~~~~~~~\x1b[m\x1b[K \n'}
[5.114837] (sfm_ros2) StderrLine: {'line': b'  280 | \x1b[01;31m\x1b[K                     const M8ConstPtr&>(std::bind(callback, std::placeholders::_1, std::placeholders::_2, std::placeholders::_3, std::placeholders::_4, std::placeholders::_5, std::placeholders::_6, std::placeholders::_7, std::placeholders::_8, std::placeholders::_9))\x1b[m\x1b[K;\n'}
[5.114871] (sfm_ros2) StderrLine: {'line': b'      |                      \x1b[01;31m\x1b[K~~~~~~~~~~~~~~~~~~^~~~~~~~~~~~~~~~~~~~~~~~~~~~~~~~~~~~~~~~~~~~~~~~~~~~~~~~~~~~~~~~~~~~~~~~~~~~~~~~~~~~~~~~~~~~~~~~~~~~~~~~~~~~~~~~~~~~~~~~~~~~~~~~~~~~~~~~~~~~~~~~~~~~~~~~~~~~~~~~~~~~~~~~~~~~~~~~~~~~~~~~~~~~~~~~~~~~~~~~~~~~~~~~~~~~~~~~~~~~~~~~~~~~\x1b[m\x1b[K\n'}
[5.114904] (sfm_ros2) StderrLine: {'line': b'\x1b[01m\x1b[K/opt/ros/jazzy/include/message_filters/message_filters/signal9.h:186:14:\x1b[m\x1b[K \x1b[01;36m\x1b[Knote: \x1b[m\x1b[Kprovided for \xe2\x80\x98\x1b[01m\x1b[Ktemplate<class P0, class P1, class P2> message_filters::Connection message_filters::Signal9<M0, M1, M2, M3, M4, M5, M6, M7, M8>::\x1b[01;32m\x1b[KaddCallback\x1b[m\x1b[K(void (*)(P0, P1, P2)) \x1b[35m\x1b[K[with P1 = P0; P2 = P1; M0 = sensor_msgs::msg::Image_<std::allocator<void> >; M1 = sensor_msgs::msg::Image_<std::allocator<void> >; M2 = sensor_msgs::msg::CameraInfo_<std::allocator<void> >; M3 = nav_msgs::msg::Odometry_<std::allocator<void> >; M4 = message_filters::NullType; M5 = message_filters::NullType; M6 = message_filters::NullType; M7 = message_filters::NullType; M8 = message_filters::NullType]\x1b[m\x1b[K\x1b[m\x1b[K\xe2\x80\x99\n'}
[5.114942] (sfm_ros2) StderrLine: {'line': b'  186 |   Connection \x1b[01;36m\x1b[KaddCallback\x1b[m\x1b[K(void(*callback)(P0, P1, P2))\n'}
[5.114975] (sfm_ros2) StderrLine: {'line': b'      |              \x1b[01;36m\x1b[K^~~~~~~~~~~\x1b[m\x1b[K\n'}
[5.115006] (sfm_ros2) StderrLine: {'line': b'\x1b[01m\x1b[K/opt/ros/jazzy/include/message_filters/message_filters/signal9.h:192:14:\x1b[m\x1b[K \x1b[01;36m\x1b[Knote: \x1b[m\x1b[Kcandidate: \xe2\x80\x98\x1b[01m\x1b[Ktemplate<class P0, class P1, class P2, class P3> message_filters::Connection message_filters::Signal9<M0, M1, M2, M3, M4, M5, M6, M7, M8>::\x1b[01;32m\x1b[KaddCallback\x1b[m\x1b[K(void (*)(P0, P1, P2, P3)) \x1b[35m\x1b[K[with P1 = P0; P2 = P1; P3 = P2; M0 = sensor_msgs::msg::Image_<std::allocator<void> >; M1 = sensor_msgs::msg::Image_<std::allocator<void> >; M2 = sensor_msgs::msg::CameraInfo_<std::allocator<void> >; M3 = nav_msgs::msg::Odometry_<std::allocator<void> >; M4 = message_filters::NullType; M5 = message_filters::NullType; M6 = message_filters::NullType; M7 = message_filters::NullType; M8 = message_filters::NullType]\x1b[m\x1b[K\x1b[m\x1b[K\xe2\x80\x99\n'}
[5.115041] (sfm_ros2) StderrLine: {'line': b'  192 |   Connection \x1b[01;36m\x1b[KaddCallback\x1b[m\x1b[K(void(*callback)(P0, P1, P2, P3))\n'}
[5.115074] (sfm_ros2) StderrLine: {'line': b'      |              \x1b[01;36m\x1b[K^~~~~~~~~~~\x1b[m\x1b[K\n'}
[5.115108] (sfm_ros2) StderrLine: {'line': b'\x1b[01m\x1b[K/opt/ros/jazzy/include/message_filters/message_filters/signal9.h:192:14:\x1b[m\x1b[K \x1b[01;36m\x1b[Knote: \x1b[m\x1b[K  template argument deduction/substitution failed:\n'}
[5.115140] (sfm_ros2) StderrLine: {'line': b'\x1b[01m\x1b[K/opt/ros/jazzy/include/message_filters/message_filters/signal9.h:280:40:\x1b[m\x1b[K \x1b[01;31m\x1b[Kerror: \x1b[m\x1b[Kwrong number of template arguments (9, should be 4)\n'}
[5.115171] (sfm_ros2) StderrLine: {'line': b'  272 |     return \x1b[01;31m\x1b[KaddCallback<const M0ConstPtr&,\x1b[m\x1b[K\n'}
[5.115203] (sfm_ros2) StderrLine: {'line': b'      |            \x1b[01;31m\x1b[K~~~~~~~~~~~~~~~~~~~~~~~~~~~~~~\x1b[m\x1b[K\n'}
[5.115235] (sfm_ros2) StderrLine: {'line': b'  273 | \x1b[01;31m\x1b[K                     const M1ConstPtr&,\x1b[m\x1b[K\n'}
[5.115267] (sfm_ros2) StderrLine: {'line': b'      |                      \x1b[01;31m\x1b[K~~~~~~~~~~~~~~~~~~\x1b[m\x1b[K \n'}
[5.115298] (sfm_ros2) StderrLine: {'line': b'  274 | \x1b[01;31m\x1b[K                     const M2ConstPtr&,\x1b[m\x1b[K\n'}
[5.115329] (sfm_ros2) StderrLine: {'line': b'      |                      \x1b[01;31m\x1b[K~~~~~~~~~~~~~~~~~~\x1b[m\x1b[K \n'}
[5.115360] (sfm_ros2) StderrLine: {'line': b'  275 | \x1b[01;31m\x1b[K                     const M3ConstPtr&,\x1b[m\x1b[K\n'}
[5.115393] (sfm_ros2) StderrLine: {'line': b'      |                      \x1b[01;31m\x1b[K~~~~~~~~~~~~~~~~~~\x1b[m\x1b[K \n'}
[5.115424] (sfm_ros2) StderrLine: {'line': b'  276 | \x1b[01;31m\x1b[K                     const M4ConstPtr&,\x1b[m\x1b[K\n'}
[5.115456] (sfm_ros2) StderrLine: {'line': b'      |                      \x1b[01;31m\x1b[K~~~~~~~~~~~~~~~~~~\x1b[m\x1b[K \n'}
[5.115486] (sfm_ros2) StderrLine: {'line': b'  277 | \x1b[01;31m\x1b[K                     const M5ConstPtr&,\x1b[m\x1b[K\n'}
[5.115517] (sfm_ros2) StderrLine: {'line': b'      |                      \x1b[01;31m\x1b[K~~~~~~~~~~~~~~~~~~\x1b[m\x1b[K \n'}
[5.115549] (sfm_ros2) StderrLine: {'line': b'  278 | \x1b[01;31m\x1b[K                     const M6ConstPtr&,\x1b[m\x1b[K\n'}
[5.115581] (sfm_ros2) StderrLine: {'line': b'      |                      \x1b[01;31m\x1b[K~~~~~~~~~~~~~~~~~~\x1b[m\x1b[K \n'}
[5.115613] (sfm_ros2) StderrLine: {'line': b'  279 | \x1b[01;31m\x1b[K                     const M7ConstPtr&,\x1b[m\x1b[K\n'}
[5.115646] (sfm_ros2) StderrLine: {'line': b'      |                      \x1b[01;31m\x1b[K~~~~~~~~~~~~~~~~~~\x1b[m\x1b[K \n'}
[5.115678] (sfm_ros2) StderrLine: {'line': b'  280 | \x1b[01;31m\x1b[K                     const M8ConstPtr&>(std::bind(callback, std::placeholders::_1, std::placeholders::_2, std::placeholders::_3, std::placeholders::_4, std::placeholders::_5, std::placeholders::_6, std::placeholders::_7, std::placeholders::_8, std::placeholders::_9))\x1b[m\x1b[K;\n'}
[5.115711] (sfm_ros2) StderrLine: {'line': b'      |                      \x1b[01;31m\x1b[K~~~~~~~~~~~~~~~~~~^~~~~~~~~~~~~~~~~~~~~~~~~~~~~~~~~~~~~~~~~~~~~~~~~~~~~~~~~~~~~~~~~~~~~~~~~~~~~~~~~~~~~~~~~~~~~~~~~~~~~~~~~~~~~~~~~~~~~~~~~~~~~~~~~~~~~~~~~~~~~~~~~~~~~~~~~~~~~~~~~~~~~~~~~~~~~~~~~~~~~~~~~~~~~~~~~~~~~~~~~~~~~~~~~~~~~~~~~~~~~~~~~~~~\x1b[m\x1b[K\n'}
[5.115742] (sfm_ros2) StderrLine: {'line': b'\x1b[01m\x1b[K/opt/ros/jazzy/include/message_filters/message_filters/signal9.h:192:14:\x1b[m\x1b[K \x1b[01;36m\x1b[Knote: \x1b[m\x1b[Kprovided for \xe2\x80\x98\x1b[01m\x1b[Ktemplate<class P0, class P1, class P2, class P3> message_filters::Connection message_filters::Signal9<M0, M1, M2, M3, M4, M5, M6, M7, M8>::\x1b[01;32m\x1b[KaddCallback\x1b[m\x1b[K(void (*)(P0, P1, P2, P3)) \x1b[35m\x1b[K[with P1 = P0; P2 = P1; P3 = P2; M0 = sensor_msgs::msg::Image_<std::allocator<void> >; M1 = sensor_msgs::msg::Image_<std::allocator<void> >; M2 = sensor_msgs::msg::CameraInfo_<std::allocator<void> >; M3 = nav_msgs::msg::Odometry_<std::allocator<void> >; M4 = message_filters::NullType; M5 = message_filters::NullType; M6 = message_filters::NullType; M7 = message_filters::NullType; M8 = message_filters::NullType]\x1b[m\x1b[K\x1b[m\x1b[K\xe2\x80\x99\n'}
[5.115782] (sfm_ros2) StderrLine: {'line': b'  192 |   Connection \x1b[01;36m\x1b[KaddCallback\x1b[m\x1b[K(void(*callback)(P0, P1, P2, P3))\n'}
[5.115816] (sfm_ros2) StderrLine: {'line': b'      |              \x1b[01;36m\x1b[K^~~~~~~~~~~\x1b[m\x1b[K\n'}
[5.115850] (sfm_ros2) StderrLine: {'line': b'\x1b[01m\x1b[K/opt/ros/jazzy/include/message_filters/message_filters/signal9.h:198:14:\x1b[m\x1b[K \x1b[01;36m\x1b[Knote: \x1b[m\x1b[Kcandidate: \xe2\x80\x98\x1b[01m\x1b[Ktemplate<class P0, class P1, class P2, class P3, class P4> message_filters::Connection message_filters::Signal9<M0, M1, M2, M3, M4, M5, M6, M7, M8>::\x1b[01;32m\x1b[KaddCallback\x1b[m\x1b[K(void (*)(P0, P1, P2, P3, P4)) \x1b[35m\x1b[K[with P1 = P0; P2 = P1; P3 = P2; P4 = P3; M0 = sensor_msgs::msg::Image_<std::allocator<void> >; M1 = sensor_msgs::msg::Image_<std::allocator<void> >; M2 = sensor_msgs::msg::CameraInfo_<std::allocator<void> >; M3 = nav_msgs::msg::Odometry_<std::allocator<void> >; M4 = message_filters::NullType; M5 = message_filters::NullType; M6 = message_filters::NullType; M7 = message_filters::NullType; M8 = message_filters::NullType]\x1b[m\x1b[K\x1b[m\x1b[K\xe2\x80\x99\n'}
[5.115889] (sfm_ros2) StderrLine: {'line': b'  198 |   Connection \x1b[01;36m\x1b[KaddCallback\x1b[m\x1b[K(void(*callback)(P0, P1, P2, P3, P4))\n'}
[5.115922] (sfm_ros2) StderrLine: {'line': b'      |              \x1b[01;36m\x1b[K^~~~~~~~~~~\x1b[m\x1b[K\n'}
[5.115955] (sfm_ros2) StderrLine: {'line': b'\x1b[01m\x1b[K/opt/ros/jazzy/include/message_filters/message_filters/signal9.h:198:14:\x1b[m\x1b[K \x1b[01;36m\x1b[Knote: \x1b[m\x1b[K  template argument deduction/substitution failed:\n'}
[5.115988] (sfm_ros2) StderrLine: {'line': b'\x1b[01m\x1b[K/opt/ros/jazzy/include/message_filters/message_filters/signal9.h:280:40:\x1b[m\x1b[K \x1b[01;31m\x1b[Kerror: \x1b[m\x1b[Kwrong number of template arguments (9, should be 5)\n'}
[5.116020] (sfm_ros2) StderrLine: {'line': b'  272 |     return \x1b[01;31m\x1b[KaddCallback<const M0ConstPtr&,\x1b[m\x1b[K\n'}
[5.116052] (sfm_ros2) StderrLine: {'line': b'      |            \x1b[01;31m\x1b[K~~~~~~~~~~~~~~~~~~~~~~~~~~~~~~\x1b[m\x1b[K\n'}
[5.116084] (sfm_ros2) StderrLine: {'line': b'  273 | \x1b[01;31m\x1b[K                     const M1ConstPtr&,\x1b[m\x1b[K\n'}
[5.116117] (sfm_ros2) StderrLine: {'line': b'      |                      \x1b[01;31m\x1b[K~~~~~~~~~~~~~~~~~~\x1b[m\x1b[K \n'}
[5.116150] (sfm_ros2) StderrLine: {'line': b'  274 | \x1b[01;31m\x1b[K                     const M2ConstPtr&,\x1b[m\x1b[K\n'}
[5.116181] (sfm_ros2) StderrLine: {'line': b'      |                      \x1b[01;31m\x1b[K~~~~~~~~~~~~~~~~~~\x1b[m\x1b[K \n'}
[5.116212] (sfm_ros2) StderrLine: {'line': b'  275 | \x1b[01;31m\x1b[K                     const M3ConstPtr&,\x1b[m\x1b[K\n'}
[5.116252] (sfm_ros2) StderrLine: {'line': b'      |                      \x1b[01;31m\x1b[K~~~~~~~~~~~~~~~~~~\x1b[m\x1b[K \n'}
[5.116284] (sfm_ros2) StderrLine: {'line': b'  276 | \x1b[01;31m\x1b[K                     const M4ConstPtr&,\x1b[m\x1b[K\n'}
[5.116316] (sfm_ros2) StderrLine: {'line': b'      |                      \x1b[01;31m\x1b[K~~~~~~~~~~~~~~~~~~\x1b[m\x1b[K \n'}
[5.116348] (sfm_ros2) StderrLine: {'line': b'  277 | \x1b[01;31m\x1b[K                     const M5ConstPtr&,\x1b[m\x1b[K\n'}
[5.116380] (sfm_ros2) StderrLine: {'line': b'      |                      \x1b[01;31m\x1b[K~~~~~~~~~~~~~~~~~~\x1b[m\x1b[K \n'}
[5.116411] (sfm_ros2) StderrLine: {'line': b'  278 | \x1b[01;31m\x1b[K                     const M6ConstPtr&,\x1b[m\x1b[K\n'}
[5.116443] (sfm_ros2) StderrLine: {'line': b'      |                      \x1b[01;31m\x1b[K~~~~~~~~~~~~~~~~~~\x1b[m\x1b[K \n'}
[5.116474] (sfm_ros2) StderrLine: {'line': b'  279 | \x1b[01;31m\x1b[K                     const M7ConstPtr&,\x1b[m\x1b[K\n'}
[5.116504] (sfm_ros2) StderrLine: {'line': b'      |                      \x1b[01;31m\x1b[K~~~~~~~~~~~~~~~~~~\x1b[m\x1b[K \n'}
[5.116536] (sfm_ros2) StderrLine: {'line': b'  280 | \x1b[01;31m\x1b[K                     const M8ConstPtr&>(std::bind(callback, std::placeholders::_1, std::placeholders::_2, std::placeholders::_3, std::placeholders::_4, std::placeholders::_5, std::placeholders::_6, std::placeholders::_7, std::placeholders::_8, std::placeholders::_9))\x1b[m\x1b[K;\n'}
[5.116573] (sfm_ros2) StderrLine: {'line': b'      |                      \x1b[01;31m\x1b[K~~~~~~~~~~~~~~~~~~^~~~~~~~~~~~~~~~~~~~~~~~~~~~~~~~~~~~~~~~~~~~~~~~~~~~~~~~~~~~~~~~~~~~~~~~~~~~~~~~~~~~~~~~~~~~~~~~~~~~~~~~~~~~~~~~~~~~~~~~~~~~~~~~~~~~~~~~~~~~~~~~~~~~~~~~~~~~~~~~~~~~~~~~~~~~~~~~~~~~~~~~~~~~~~~~~~~~~~~~~~~~~~~~~~~~~~~~~~~~~~~~~~~~\x1b[m\x1b[K\n'}
[5.116605] (sfm_ros2) StderrLine: {'line': b'\x1b[01m\x1b[K/opt/ros/jazzy/include/message_filters/message_filters/signal9.h:198:14:\x1b[m\x1b[K \x1b[01;36m\x1b[Knote: \x1b[m\x1b[Kprovided for \xe2\x80\x98\x1b[01m\x1b[Ktemplate<class P0, class P1, class P2, class P3, class P4> message_filters::Connection message_filters::Signal9<M0, M1, M2, M3, M4, M5, M6, M7, M8>::\x1b[01;32m\x1b[KaddCallback\x1b[m\x1b[K(void (*)(P0, P1, P2, P3, P4)) \x1b[35m\x1b[K[with P1 = P0; P2 = P1; P3 = P2; P4 = P3; M0 = sensor_msgs::msg::Image_<std::allocator<void> >; M1 = sensor_msgs::msg::Image_<std::allocator<void> >; M2 = sensor_msgs::msg::CameraInfo_<std::allocator<void> >; M3 = nav_msgs::msg::Odometry_<std::allocator<void> >; M4 = message_filters::NullType; M5 = message_filters::NullType; M6 = message_filters::NullType; M7 = message_filters::NullType; M8 = message_filters::NullType]\x1b[m\x1b[K\x1b[m\x1b[K\xe2\x80\x99\n'}
[5.116641] (sfm_ros2) StderrLine: {'line': b'  198 |   Connection \x1b[01;36m\x1b[KaddCallback\x1b[m\x1b[K(void(*callback)(P0, P1, P2, P3, P4))\n'}
[5.116674] (sfm_ros2) StderrLine: {'line': b'      |              \x1b[01;36m\x1b[K^~~~~~~~~~~\x1b[m\x1b[K\n'}
[5.116707] (sfm_ros2) StderrLine: {'line': b'\x1b[01m\x1b[K/opt/ros/jazzy/include/message_filters/message_filters/signal9.h:204:14:\x1b[m\x1b[K \x1b[01;36m\x1b[Knote: \x1b[m\x1b[Kcandidate: \xe2\x80\x98\x1b[01m\x1b[Ktemplate<class P0, class P1, class P2, class P3, class P4, class P5> message_filters::Connection message_filters::Signal9<M0, M1, M2, M3, M4, M5, M6, M7, M8>::\x1b[01;32m\x1b[KaddCallback\x1b[m\x1b[K(void (*)(P0, P1, P2, P3, P4, P5)) \x1b[35m\x1b[K[with P1 = P0; P2 = P1; P3 = P2; P4 = P3; P5 = P4; M0 = sensor_msgs::msg::Image_<std::allocator<void> >; M1 = sensor_msgs::msg::Image_<std::allocator<void> >; M2 = sensor_msgs::msg::CameraInfo_<std::allocator<void> >; M3 = nav_msgs::msg::Odometry_<std::allocator<void> >; M4 = message_filters::NullType; M5 = message_filters::NullType; M6 = message_filters::NullType; M7 = message_filters::NullType; M8 = message_filters::NullType]\x1b[m\x1b[K\x1b[m\x1b[K\xe2\x80\x99\n'}
[5.116747] (sfm_ros2) StderrLine: {'line': b'  204 |   Connection \x1b[01;36m\x1b[KaddCallback\x1b[m\x1b[K(void(*callback)(P0, P1, P2, P3, P4, P5))\n'}
[5.116780] (sfm_ros2) StderrLine: {'line': b'      |              \x1b[01;36m\x1b[K^~~~~~~~~~~\x1b[m\x1b[K\n'}
[5.116812] (sfm_ros2) StderrLine: {'line': b'\x1b[01m\x1b[K/opt/ros/jazzy/include/message_filters/message_filters/signal9.h:204:14:\x1b[m\x1b[K \x1b[01;36m\x1b[Knote: \x1b[m\x1b[K  template argument deduction/substitution failed:\n'}
[5.116846] (sfm_ros2) StderrLine: {'line': b'\x1b[01m\x1b[K/opt/ros/jazzy/include/message_filters/message_filters/signal9.h:280:40:\x1b[m\x1b[K \x1b[01;31m\x1b[Kerror: \x1b[m\x1b[Kwrong number of template arguments (9, should be 6)\n'}
[5.116880] (sfm_ros2) StderrLine: {'line': b'  272 |     return \x1b[01;31m\x1b[KaddCallback<const M0ConstPtr&,\x1b[m\x1b[K\n'}
[5.116913] (sfm_ros2) StderrLine: {'line': b'      |            \x1b[01;31m\x1b[K~~~~~~~~~~~~~~~~~~~~~~~~~~~~~~\x1b[m\x1b[K\n'}
[5.116945] (-) TimerEvent: {}
[5.117001] (sfm_ros2) StderrLine: {'line': b'  273 | \x1b[01;31m\x1b[K                     const M1ConstPtr&,\x1b[m\x1b[K\n'}
[5.117041] (sfm_ros2) StderrLine: {'line': b'      |                      \x1b[01;31m\x1b[K~~~~~~~~~~~~~~~~~~\x1b[m\x1b[K \n'}
[5.117075] (sfm_ros2) StderrLine: {'line': b'  274 | \x1b[01;31m\x1b[K                     const M2ConstPtr&,\x1b[m\x1b[K\n'}
[5.117110] (sfm_ros2) StderrLine: {'line': b'      |                      \x1b[01;31m\x1b[K~~~~~~~~~~~~~~~~~~\x1b[m\x1b[K \n'}
[5.117143] (sfm_ros2) StderrLine: {'line': b'  275 | \x1b[01;31m\x1b[K                     const M3ConstPtr&,\x1b[m\x1b[K\n'}
[5.117175] (sfm_ros2) StderrLine: {'line': b'      |                      \x1b[01;31m\x1b[K~~~~~~~~~~~~~~~~~~\x1b[m\x1b[K \n'}
[5.117207] (sfm_ros2) StderrLine: {'line': b'  276 | \x1b[01;31m\x1b[K                     const M4ConstPtr&,\x1b[m\x1b[K\n'}
[5.117240] (sfm_ros2) StderrLine: {'line': b'      |                      \x1b[01;31m\x1b[K~~~~~~~~~~~~~~~~~~\x1b[m\x1b[K \n'}
[5.117272] (sfm_ros2) StderrLine: {'line': b'  277 | \x1b[01;31m\x1b[K                     const M5ConstPtr&,\x1b[m\x1b[K\n'}
[5.117304] (sfm_ros2) StderrLine: {'line': b'      |                      \x1b[01;31m\x1b[K~~~~~~~~~~~~~~~~~~\x1b[m\x1b[K \n'}
[5.117336] (sfm_ros2) StderrLine: {'line': b'  278 | \x1b[01;31m\x1b[K                     const M6ConstPtr&,\x1b[m\x1b[K\n'}
[5.117368] (sfm_ros2) StderrLine: {'line': b'      |                      \x1b[01;31m\x1b[K~~~~~~~~~~~~~~~~~~\x1b[m\x1b[K \n'}
[5.117399] (sfm_ros2) StderrLine: {'line': b'  279 | \x1b[01;31m\x1b[K                     const M7ConstPtr&,\x1b[m\x1b[K\n'}
[5.117431] (sfm_ros2) StderrLine: {'line': b'      |                      \x1b[01;31m\x1b[K~~~~~~~~~~~~~~~~~~\x1b[m\x1b[K \n'}
[5.117463] (sfm_ros2) StderrLine: {'line': b'  280 | \x1b[01;31m\x1b[K                     const M8ConstPtr&>(std::bind(callback, std::placeholders::_1, std::placeholders::_2, std::placeholders::_3, std::placeholders::_4, std::placeholders::_5, std::placeholders::_6, std::placeholders::_7, std::placeholders::_8, std::placeholders::_9))\x1b[m\x1b[K;\n'}
[5.117497] (sfm_ros2) StderrLine: {'line': b'      |                      \x1b[01;31m\x1b[K~~~~~~~~~~~~~~~~~~^~~~~~~~~~~~~~~~~~~~~~~~~~~~~~~~~~~~~~~~~~~~~~~~~~~~~~~~~~~~~~~~~~~~~~~~~~~~~~~~~~~~~~~~~~~~~~~~~~~~~~~~~~~~~~~~~~~~~~~~~~~~~~~~~~~~~~~~~~~~~~~~~~~~~~~~~~~~~~~~~~~~~~~~~~~~~~~~~~~~~~~~~~~~~~~~~~~~~~~~~~~~~~~~~~~~~~~~~~~~~~~~~~~~\x1b[m\x1b[K\n'}
[5.117534] (sfm_ros2) StderrLine: {'line': b'\x1b[01m\x1b[K/opt/ros/jazzy/include/message_filters/message_filters/signal9.h:204:14:\x1b[m\x1b[K \x1b[01;36m\x1b[Knote: \x1b[m\x1b[Kprovided for \xe2\x80\x98\x1b[01m\x1b[Ktemplate<class P0, class P1, class P2, class P3, class P4, class P5> message_filters::Connection message_filters::Signal9<M0, M1, M2, M3, M4, M5, M6, M7, M8>::\x1b[01;32m\x1b[KaddCallback\x1b[m\x1b[K(void (*)(P0, P1, P2, P3, P4, P5)) \x1b[35m\x1b[K[with P1 = P0; P2 = P1; P3 = P2; P4 = P3; P5 = P4; M0 = sensor_msgs::msg::Image_<std::allocator<void> >; M1 = sensor_msgs::msg::Image_<std::allocator<void> >; M2 = sensor_msgs::msg::CameraInfo_<std::allocator<void> >; M3 = nav_msgs::msg::Odometry_<std::allocator<void> >; M4 = message_filters::NullType; M5 = message_filters::NullType; M6 = message_filters::NullType; M7 = message_filters::NullType; M8 = message_filters::NullType]\x1b[m\x1b[K\x1b[m\x1b[K\xe2\x80\x99\n'}
[5.117573] (sfm_ros2) StderrLine: {'line': b'  204 |   Connection \x1b[01;36m\x1b[KaddCallback\x1b[m\x1b[K(void(*callback)(P0, P1, P2, P3, P4, P5))\n'}
[5.117605] (sfm_ros2) StderrLine: {'line': b'      |              \x1b[01;36m\x1b[K^~~~~~~~~~~\x1b[m\x1b[K\n'}
[5.117638] (sfm_ros2) StderrLine: {'line': b'\x1b[01m\x1b[K/opt/ros/jazzy/include/message_filters/message_filters/signal9.h:210:14:\x1b[m\x1b[K \x1b[01;36m\x1b[Knote: \x1b[m\x1b[Kcandidate: \xe2\x80\x98\x1b[01m\x1b[Ktemplate<class P0, class P1, class P2, class P3, class P4, class P5, class P6> message_filters::Connection message_filters::Signal9<M0, M1, M2, M3, M4, M5, M6, M7, M8>::\x1b[01;32m\x1b[KaddCallback\x1b[m\x1b[K(void (*)(P0, P1, P2, P3, P4, P5, P6)) \x1b[35m\x1b[K[with P1 = P0; P2 = P1; P3 = P2; P4 = P3; P5 = P4; P6 = P5; M0 = sensor_msgs::msg::Image_<std::allocator<void> >; M1 = sensor_msgs::msg::Image_<std::allocator<void> >; M2 = sensor_msgs::msg::CameraInfo_<std::allocator<void> >; M3 = nav_msgs::msg::Odometry_<std::allocator<void> >; M4 = message_filters::NullType; M5 = message_filters::NullType; M6 = message_filters::NullType; M7 = message_filters::NullType; M8 = message_filters::NullType]\x1b[m\x1b[K\x1b[m\x1b[K\xe2\x80\x99\n'}
[5.117677] (sfm_ros2) StderrLine: {'line': b'  210 |   Connection \x1b[01;36m\x1b[KaddCallback\x1b[m\x1b[K(void(*callback)(P0, P1, P2, P3, P4, P5, P6))\n'}
[5.117709] (sfm_ros2) StderrLine: {'line': b'      |              \x1b[01;36m\x1b[K^~~~~~~~~~~\x1b[m\x1b[K\n'}
[5.117743] (sfm_ros2) StderrLine: {'line': b'\x1b[01m\x1b[K/opt/ros/jazzy/include/message_filters/message_filters/signal9.h:210:14:\x1b[m\x1b[K \x1b[01;36m\x1b[Knote: \x1b[m\x1b[K  template argument deduction/substitution failed:\n'}
[5.117774] (sfm_ros2) StderrLine: {'line': b'\x1b[01m\x1b[K/opt/ros/jazzy/include/message_filters/message_filters/signal9.h:280:40:\x1b[m\x1b[K \x1b[01;31m\x1b[Kerror: \x1b[m\x1b[Kwrong number of template arguments (9, should be 7)\n'}
[5.117806] (sfm_ros2) StderrLine: {'line': b'  272 |     return \x1b[01;31m\x1b[KaddCallback<const M0ConstPtr&,\x1b[m\x1b[K\n'}
[5.117836] (sfm_ros2) StderrLine: {'line': b'      |            \x1b[01;31m\x1b[K~~~~~~~~~~~~~~~~~~~~~~~~~~~~~~\x1b[m\x1b[K\n'}
[5.117866] (sfm_ros2) StderrLine: {'line': b'  273 | \x1b[01;31m\x1b[K                     const M1ConstPtr&,\x1b[m\x1b[K\n'}
[5.117896] (sfm_ros2) StderrLine: {'line': b'      |                      \x1b[01;31m\x1b[K~~~~~~~~~~~~~~~~~~\x1b[m\x1b[K \n'}
[5.117927] (sfm_ros2) StderrLine: {'line': b'  274 | \x1b[01;31m\x1b[K                     const M2ConstPtr&,\x1b[m\x1b[K\n'}
[5.117957] (sfm_ros2) StderrLine: {'line': b'      |                      \x1b[01;31m\x1b[K~~~~~~~~~~~~~~~~~~\x1b[m\x1b[K \n'}
[5.117988] (sfm_ros2) StderrLine: {'line': b'  275 | \x1b[01;31m\x1b[K                     const M3ConstPtr&,\x1b[m\x1b[K\n'}
[5.118019] (sfm_ros2) StderrLine: {'line': b'      |                      \x1b[01;31m\x1b[K~~~~~~~~~~~~~~~~~~\x1b[m\x1b[K \n'}
[5.118050] (sfm_ros2) StderrLine: {'line': b'  276 | \x1b[01;31m\x1b[K                     const M4ConstPtr&,\x1b[m\x1b[K\n'}
[5.118081] (sfm_ros2) StderrLine: {'line': b'      |                      \x1b[01;31m\x1b[K~~~~~~~~~~~~~~~~~~\x1b[m\x1b[K \n'}
[5.118113] (sfm_ros2) StderrLine: {'line': b'  277 | \x1b[01;31m\x1b[K                     const M5ConstPtr&,\x1b[m\x1b[K\n'}
[5.118145] (sfm_ros2) StderrLine: {'line': b'      |                      \x1b[01;31m\x1b[K~~~~~~~~~~~~~~~~~~\x1b[m\x1b[K \n'}
[5.118176] (sfm_ros2) StderrLine: {'line': b'  278 | \x1b[01;31m\x1b[K                     const M6ConstPtr&,\x1b[m\x1b[K\n'}
[5.118205] (sfm_ros2) StderrLine: {'line': b'      |                      \x1b[01;31m\x1b[K~~~~~~~~~~~~~~~~~~\x1b[m\x1b[K \n'}
[5.118238] (sfm_ros2) StderrLine: {'line': b'  279 | \x1b[01;31m\x1b[K                     const M7ConstPtr&,\x1b[m\x1b[K\n'}
[5.118269] (sfm_ros2) StderrLine: {'line': b'      |                      \x1b[01;31m\x1b[K~~~~~~~~~~~~~~~~~~\x1b[m\x1b[K \n'}
[5.118300] (sfm_ros2) StderrLine: {'line': b'  280 | \x1b[01;31m\x1b[K                     const M8ConstPtr&>(std::bind(callback, std::placeholders::_1, std::placeholders::_2, std::placeholders::_3, std::placeholders::_4, std::placeholders::_5, std::placeholders::_6, std::placeholders::_7, std::placeholders::_8, std::placeholders::_9))\x1b[m\x1b[K;\n'}
[5.118332] (sfm_ros2) StderrLine: {'line': b'      |                      \x1b[01;31m\x1b[K~~~~~~~~~~~~~~~~~~^~~~~~~~~~~~~~~~~~~~~~~~~~~~~~~~~~~~~~~~~~~~~~~~~~~~~~~~~~~~~~~~~~~~~~~~~~~~~~~~~~~~~~~~~~~~~~~~~~~~~~~~~~~~~~~~~~~~~~~~~~~~~~~~~~~~~~~~~~~~~~~~~~~~~~~~~~~~~~~~~~~~~~~~~~~~~~~~~~~~~~~~~~~~~~~~~~~~~~~~~~~~~~~~~~~~~~~~~~~~~~~~~~~~\x1b[m\x1b[K\n'}
[5.118366] (sfm_ros2) StderrLine: {'line': b'\x1b[01m\x1b[K/opt/ros/jazzy/include/message_filters/message_filters/signal9.h:210:14:\x1b[m\x1b[K \x1b[01;36m\x1b[Knote: \x1b[m\x1b[Kprovided for \xe2\x80\x98\x1b[01m\x1b[Ktemplate<class P0, class P1, class P2, class P3, class P4, class P5, class P6> message_filters::Connection message_filters::Signal9<M0, M1, M2, M3, M4, M5, M6, M7, M8>::\x1b[01;32m\x1b[KaddCallback\x1b[m\x1b[K(void (*)(P0, P1, P2, P3, P4, P5, P6)) \x1b[35m\x1b[K[with P1 = P0; P2 = P1; P3 = P2; P4 = P3; P5 = P4; P6 = P5; M0 = sensor_msgs::msg::Image_<std::allocator<void> >; M1 = sensor_msgs::msg::Image_<std::allocator<void> >; M2 = sensor_msgs::msg::CameraInfo_<std::allocator<void> >; M3 = nav_msgs::msg::Odometry_<std::allocator<void> >; M4 = message_filters::NullType; M5 = message_filters::NullType; M6 = message_filters::NullType; M7 = message_filters::NullType; M8 = message_filters::NullType]\x1b[m\x1b[K\x1b[m\x1b[K\xe2\x80\x99\n'}
[5.118407] (sfm_ros2) StderrLine: {'line': b'  210 |   Connection \x1b[01;36m\x1b[KaddCallback\x1b[m\x1b[K(void(*callback)(P0, P1, P2, P3, P4, P5, P6))\n'}
[5.118438] (sfm_ros2) StderrLine: {'line': b'      |              \x1b[01;36m\x1b[K^~~~~~~~~~~\x1b[m\x1b[K\n'}
[5.118471] (sfm_ros2) StderrLine: {'line': b'\x1b[01m\x1b[K/opt/ros/jazzy/include/message_filters/message_filters/signal9.h:216:14:\x1b[m\x1b[K \x1b[01;36m\x1b[Knote: \x1b[m\x1b[Kcandidate: \xe2\x80\x98\x1b[01m\x1b[Ktemplate<class P0, class P1, class P2, class P3, class P4, class P5, class P6, class P7> message_filters::Connection message_filters::Signal9<M0, M1, M2, M3, M4, M5, M6, M7, M8>::\x1b[01;32m\x1b[KaddCallback\x1b[m\x1b[K(void (*)(P0, P1, P2, P3, P4, P5, P6, P7)) \x1b[35m\x1b[K[with P1 = P0; P2 = P1; P3 = P2; P4 = P3; P5 = P4; P6 = P5; P7 = P6; M0 = sensor_msgs::msg::Image_<std::allocator<void> >; M1 = sensor_msgs::msg::Image_<std::allocator<void> >; M2 = sensor_msgs::msg::CameraInfo_<std::allocator<void> >; M3 = nav_msgs::msg::Odometry_<std::allocator<void> >; M4 = message_filters::NullType; M5 = message_filters::NullType; M6 = message_filters::NullType; M7 = message_filters::NullType; M8 = message_filters::NullType]\x1b[m\x1b[K\x1b[m\x1b[K\xe2\x80\x99\n'}
[5.118508] (sfm_ros2) StderrLine: {'line': b'  216 |   Connection \x1b[01;36m\x1b[KaddCallback\x1b[m\x1b[K(void(*callback)(P0, P1, P2, P3, P4, P5, P6, P7))\n'}
[5.118540] (sfm_ros2) StderrLine: {'line': b'      |              \x1b[01;36m\x1b[K^~~~~~~~~~~\x1b[m\x1b[K\n'}
[5.118572] (sfm_ros2) StderrLine: {'line': b'\x1b[01m\x1b[K/opt/ros/jazzy/include/message_filters/message_filters/signal9.h:216:14:\x1b[m\x1b[K \x1b[01;36m\x1b[Knote: \x1b[m\x1b[K  template argument deduction/substitution failed:\n'}
[5.118605] (sfm_ros2) StderrLine: {'line': b'\x1b[01m\x1b[K/opt/ros/jazzy/include/message_filters/message_filters/signal9.h:280:40:\x1b[m\x1b[K \x1b[01;31m\x1b[Kerror: \x1b[m\x1b[Kwrong number of template arguments (9, should be 8)\n'}
[5.118637] (sfm_ros2) StderrLine: {'line': b'  272 |     return \x1b[01;31m\x1b[KaddCallback<const M0ConstPtr&,\x1b[m\x1b[K\n'}
[5.118668] (sfm_ros2) StderrLine: {'line': b'      |            \x1b[01;31m\x1b[K~~~~~~~~~~~~~~~~~~~~~~~~~~~~~~\x1b[m\x1b[K\n'}
[5.118700] (sfm_ros2) StderrLine: {'line': b'  273 | \x1b[01;31m\x1b[K                     const M1ConstPtr&,\x1b[m\x1b[K\n'}
[5.118730] (sfm_ros2) StderrLine: {'line': b'      |                      \x1b[01;31m\x1b[K~~~~~~~~~~~~~~~~~~\x1b[m\x1b[K \n'}
[5.118760] (sfm_ros2) StderrLine: {'line': b'  274 | \x1b[01;31m\x1b[K                     const M2ConstPtr&,\x1b[m\x1b[K\n'}
[5.118790] (sfm_ros2) StderrLine: {'line': b'      |                      \x1b[01;31m\x1b[K~~~~~~~~~~~~~~~~~~\x1b[m\x1b[K \n'}
[5.118822] (sfm_ros2) StderrLine: {'line': b'  275 | \x1b[01;31m\x1b[K                     const M3ConstPtr&,\x1b[m\x1b[K\n'}
[5.118853] (sfm_ros2) StderrLine: {'line': b'      |                      \x1b[01;31m\x1b[K~~~~~~~~~~~~~~~~~~\x1b[m\x1b[K \n'}
[5.118883] (sfm_ros2) StderrLine: {'line': b'  276 | \x1b[01;31m\x1b[K                     const M4ConstPtr&,\x1b[m\x1b[K\n'}
[5.118914] (sfm_ros2) StderrLine: {'line': b'      |                      \x1b[01;31m\x1b[K~~~~~~~~~~~~~~~~~~\x1b[m\x1b[K \n'}
[5.118945] (sfm_ros2) StderrLine: {'line': b'  277 | \x1b[01;31m\x1b[K                     const M5ConstPtr&,\x1b[m\x1b[K\n'}
[5.118976] (sfm_ros2) StderrLine: {'line': b'      |                      \x1b[01;31m\x1b[K~~~~~~~~~~~~~~~~~~\x1b[m\x1b[K \n'}
[5.119008] (sfm_ros2) StderrLine: {'line': b'  278 | \x1b[01;31m\x1b[K                     const M6ConstPtr&,\x1b[m\x1b[K\n'}
[5.119041] (sfm_ros2) StderrLine: {'line': b'      |                      \x1b[01;31m\x1b[K~~~~~~~~~~~~~~~~~~\x1b[m\x1b[K \n'}
[5.119072] (sfm_ros2) StderrLine: {'line': b'  279 | \x1b[01;31m\x1b[K                     const M7ConstPtr&,\x1b[m\x1b[K\n'}
[5.119103] (sfm_ros2) StderrLine: {'line': b'      |                      \x1b[01;31m\x1b[K~~~~~~~~~~~~~~~~~~\x1b[m\x1b[K \n'}
[5.119134] (sfm_ros2) StderrLine: {'line': b'  280 | \x1b[01;31m\x1b[K                     const M8ConstPtr&>(std::bind(callback, std::placeholders::_1, std::placeholders::_2, std::placeholders::_3, std::placeholders::_4, std::placeholders::_5, std::placeholders::_6, std::placeholders::_7, std::placeholders::_8, std::placeholders::_9))\x1b[m\x1b[K;\n'}
[5.119166] (sfm_ros2) StderrLine: {'line': b'      |                      \x1b[01;31m\x1b[K~~~~~~~~~~~~~~~~~~^~~~~~~~~~~~~~~~~~~~~~~~~~~~~~~~~~~~~~~~~~~~~~~~~~~~~~~~~~~~~~~~~~~~~~~~~~~~~~~~~~~~~~~~~~~~~~~~~~~~~~~~~~~~~~~~~~~~~~~~~~~~~~~~~~~~~~~~~~~~~~~~~~~~~~~~~~~~~~~~~~~~~~~~~~~~~~~~~~~~~~~~~~~~~~~~~~~~~~~~~~~~~~~~~~~~~~~~~~~~~~~~~~~~\x1b[m\x1b[K\n'}
[5.119198] (sfm_ros2) StderrLine: {'line': b'\x1b[01m\x1b[K/opt/ros/jazzy/include/message_filters/message_filters/signal9.h:216:14:\x1b[m\x1b[K \x1b[01;36m\x1b[Knote: \x1b[m\x1b[Kprovided for \xe2\x80\x98\x1b[01m\x1b[Ktemplate<class P0, class P1, class P2, class P3, class P4, class P5, class P6, class P7> message_filters::Connection message_filters::Signal9<M0, M1, M2, M3, M4, M5, M6, M7, M8>::\x1b[01;32m\x1b[KaddCallback\x1b[m\x1b[K(void (*)(P0, P1, P2, P3, P4, P5, P6, P7)) \x1b[35m\x1b[K[with P1 = P0; P2 = P1; P3 = P2; P4 = P3; P5 = P4; P6 = P5; P7 = P6; M0 = sensor_msgs::msg::Image_<std::allocator<void> >; M1 = sensor_msgs::msg::Image_<std::allocator<void> >; M2 = sensor_msgs::msg::CameraInfo_<std::allocator<void> >; M3 = nav_msgs::msg::Odometry_<std::allocator<void> >; M4 = message_filters::NullType; M5 = message_filters::NullType; M6 = message_filters::NullType; M7 = message_filters::NullType; M8 = message_filters::NullType]\x1b[m\x1b[K\x1b[m\x1b[K\xe2\x80\x99\n'}
[5.119236] (sfm_ros2) StderrLine: {'line': b'  216 |   Connection \x1b[01;36m\x1b[KaddCallback\x1b[m\x1b[K(void(*callback)(P0, P1, P2, P3, P4, P5, P6, P7))\n'}
[5.119268] (sfm_ros2) StderrLine: {'line': b'      |              \x1b[01;36m\x1b[K^~~~~~~~~~~\x1b[m\x1b[K\n'}
[5.119300] (sfm_ros2) StderrLine: {'line': b'\x1b[01m\x1b[K/opt/ros/jazzy/include/message_filters/message_filters/signal9.h:222:14:\x1b[m\x1b[K \x1b[01;36m\x1b[Knote: \x1b[m\x1b[Kcandidate: \xe2\x80\x98\x1b[01m\x1b[Kmessage_filters::Connection message_filters::Signal9<M0, M1, M2, M3, M4, M5, M6, M7, M8>::\x1b[01;32m\x1b[KaddCallback\x1b[m\x1b[K(void (*)(P0, P1, P2, P3, P4, P5, P6, P7, P8)) \x1b[35m\x1b[K[with P0 = const std::shared_ptr<const sensor_msgs::msg::Image_<std::allocator<void> > >&; P1 = const std::shared_ptr<const sensor_msgs::msg::Image_<std::allocator<void> > >&; P2 = const std::shared_ptr<const sensor_msgs::msg::CameraInfo_<std::allocator<void> > >&; P3 = const std::shared_ptr<const nav_msgs::msg::Odometry_<std::allocator<void> > >&; P4 = const std::shared_ptr<const message_filters::NullType>&; P5 = const std::shared_ptr<const message_filters::NullType>&; P6 = const std::shared_ptr<const message_filters::NullType>&; P7 = const std::shared_ptr<const message_filters::NullType>&; P8 = const std::shared_ptr<const message_filters::NullType>&; M0 = sensor_msgs::msg::Image_<std::allocator<void> >; M1 = sensor_msgs::msg::Image_<std::allocator<void> >; M2 = sensor_msgs::msg::CameraInfo_<std::allocator<void> >; M3 = nav_msgs::msg::Odometry_<std::allocator<void> >; M4 = message_filters::NullType; M5 = message_filters::NullType; M6 = message_filters::NullType; M7 = message_filters::NullType; M8 = message_filters::NullType]\x1b[m\x1b[K\x1b[m\x1b[K\xe2\x80\x99\n'}
[5.119339] (sfm_ros2) StderrLine: {'line': b'  222 |   Connection \x1b[01;36m\x1b[KaddCallback\x1b[m\x1b[K(void(*callback)(P0, P1, P2, P3, P4, P5, P6, P7, P8))\n'}
[5.119372] (sfm_ros2) StderrLine: {'line': b'      |              \x1b[01;36m\x1b[K^~~~~~~~~~~\x1b[m\x1b[K\n'}
[5.119404] (sfm_ros2) StderrLine: {'line': b'\x1b[01m\x1b[K/opt/ros/jazzy/include/message_filters/message_filters/signal9.h:222:32:\x1b[m\x1b[K \x1b[01;36m\x1b[Knote: \x1b[m\x1b[K  no known conversion for argument 1 from \xe2\x80\x98\x1b[01m\x1b[Kstd::_Bind_helper<false, const semanticSfm::semanticSfm(rclcpp::Node::SharedPtr)::<lambda(const sensor_msgs::msg::Image_<std::allocator<void> >::ConstSharedPtr&, const sensor_msgs::msg::Image_<std::allocator<void> >::ConstSharedPtr&, const sensor_msgs::msg::CameraInfo_<std::allocator<void> >::ConstSharedPtr&, const nav_msgs::msg::Odometry_<std::allocator<void> >::ConstSharedPtr&)>&, const std::_Placeholder<1>&, const std::_Placeholder<2>&, const std::_Placeholder<3>&, const std::_Placeholder<4>&, const std::_Placeholder<5>&, const std::_Placeholder<6>&, const std::_Placeholder<7>&, const std::_Placeholder<8>&, const std::_Placeholder<9>&>::type\x1b[m\x1b[K\xe2\x80\x99 to \xe2\x80\x98\x1b[01m\x1b[Kvoid (*)(const std::shared_ptr<const sensor_msgs::msg::Image_<std::allocator<void> > >&, const std::shared_ptr<const sensor_msgs::msg::Image_<std::allocator<void> > >&, const std::shared_ptr<const sensor_msgs::msg::CameraInfo_<std::allocator<void> > >&, const std::shared_ptr<const nav_msgs::msg::Odometry_<std::allocator<void> > >&, const std::shared_ptr<const message_filters::NullType>&, const std::shared_ptr<const message_filters::NullType>&, const std::shared_ptr<const message_filters::NullType>&, const std::shared_ptr<const message_filters::NullType>&, const std::shared_ptr<const message_filters::NullType>&)\x1b[m\x1b[K\xe2\x80\x99\n'}
[5.119442] (sfm_ros2) StderrLine: {'line': b'  222 |   Connection addCallback(\x1b[01;36m\x1b[Kvoid(*callback)(P0, P1, P2, P3, P4, P5, P6, P7, P8)\x1b[m\x1b[K)\n'}
[5.119474] (sfm_ros2) StderrLine: {'line': b'      |                          \x1b[01;36m\x1b[K~~~~~~^~~~~~~~~~~~~~~~~~~~~~~~~~~~~~~~~~~~~~~~~~~~~\x1b[m\x1b[K\n'}
[5.119507] (sfm_ros2) StderrLine: {'line': b'\x1b[01m\x1b[K/opt/ros/jazzy/include/message_filters/message_filters/signal9.h:228:14:\x1b[m\x1b[K \x1b[01;36m\x1b[Knote: \x1b[m\x1b[Kcandidate: \xe2\x80\x98\x1b[01m\x1b[Ktemplate<class T, class P0, class P1> message_filters::Connection message_filters::Signal9<M0, M1, M2, M3, M4, M5, M6, M7, M8>::\x1b[01;32m\x1b[KaddCallback\x1b[m\x1b[K(void (T::*)(P0, P1), T*) \x1b[35m\x1b[K[with P0 = T; P1 = P0; M0 = sensor_msgs::msg::Image_<std::allocator<void> >; M1 = sensor_msgs::msg::Image_<std::allocator<void> >; M2 = sensor_msgs::msg::CameraInfo_<std::allocator<void> >; M3 = nav_msgs::msg::Odometry_<std::allocator<void> >; M4 = message_filters::NullType; M5 = message_filters::NullType; M6 = message_filters::NullType; M7 = message_filters::NullType; M8 = message_filters::NullType]\x1b[m\x1b[K\x1b[m\x1b[K\xe2\x80\x99\n'}
[5.119545] (sfm_ros2) StderrLine: {'line': b'  228 |   Connection \x1b[01;36m\x1b[KaddCallback\x1b[m\x1b[K(void(T::*callback)(P0, P1), T* t)\n'}
[5.119577] (sfm_ros2) StderrLine: {'line': b'      |              \x1b[01;36m\x1b[K^~~~~~~~~~~\x1b[m\x1b[K\n'}
[5.119608] (sfm_ros2) StderrLine: {'line': b'\x1b[01m\x1b[K/opt/ros/jazzy/include/message_filters/message_filters/signal9.h:228:14:\x1b[m\x1b[K \x1b[01;36m\x1b[Knote: \x1b[m\x1b[K  candidate expects 2 arguments, 1 provided\n'}
[5.119642] (sfm_ros2) StderrLine: {'line': b'\x1b[01m\x1b[K/opt/ros/jazzy/include/message_filters/message_filters/signal9.h:234:14:\x1b[m\x1b[K \x1b[01;36m\x1b[Knote: \x1b[m\x1b[Kcandidate: \xe2\x80\x98\x1b[01m\x1b[Ktemplate<class T, class P0, class P1, class P2> message_filters::Connection message_filters::Signal9<M0, M1, M2, M3, M4, M5, M6, M7, M8>::\x1b[01;32m\x1b[KaddCallback\x1b[m\x1b[K(void (T::*)(P0, P1, P2), T*) \x1b[35m\x1b[K[with P0 = T; P1 = P0; P2 = P1; M0 = sensor_msgs::msg::Image_<std::allocator<void> >; M1 = sensor_msgs::msg::Image_<std::allocator<void> >; M2 = sensor_msgs::msg::CameraInfo_<std::allocator<void> >; M3 = nav_msgs::msg::Odometry_<std::allocator<void> >; M4 = message_filters::NullType; M5 = message_filters::NullType; M6 = message_filters::NullType; M7 = message_filters::NullType; M8 = message_filters::NullType]\x1b[m\x1b[K\x1b[m\x1b[K\xe2\x80\x99\n'}
[5.119680] (sfm_ros2) StderrLine: {'line': b'  234 |   Connection \x1b[01;36m\x1b[KaddCallback\x1b[m\x1b[K(void(T::*callback)(P0, P1, P2), T* t)\n'}
[5.119713] (sfm_ros2) StderrLine: {'line': b'      |              \x1b[01;36m\x1b[K^~~~~~~~~~~\x1b[m\x1b[K\n'}
[5.119744] (sfm_ros2) StderrLine: {'line': b'\x1b[01m\x1b[K/opt/ros/jazzy/include/message_filters/message_filters/signal9.h:234:14:\x1b[m\x1b[K \x1b[01;36m\x1b[Knote: \x1b[m\x1b[K  candidate expects 2 arguments, 1 provided\n'}
[5.119777] (sfm_ros2) StderrLine: {'line': b'\x1b[01m\x1b[K/opt/ros/jazzy/include/message_filters/message_filters/signal9.h:240:14:\x1b[m\x1b[K \x1b[01;36m\x1b[Knote: \x1b[m\x1b[Kcandidate: \xe2\x80\x98\x1b[01m\x1b[Ktemplate<class T, class P0, class P1, class P2, class P3> message_filters::Connection message_filters::Signal9<M0, M1, M2, M3, M4, M5, M6, M7, M8>::\x1b[01;32m\x1b[KaddCallback\x1b[m\x1b[K(void (T::*)(P0, P1, P2, P3), T*) \x1b[35m\x1b[K[with P0 = T; P1 = P0; P2 = P1; P3 = P2; M0 = sensor_msgs::msg::Image_<std::allocator<void> >; M1 = sensor_msgs::msg::Image_<std::allocator<void> >; M2 = sensor_msgs::msg::CameraInfo_<std::allocator<void> >; M3 = nav_msgs::msg::Odometry_<std::allocator<void> >; M4 = message_filters::NullType; M5 = message_filters::NullType; M6 = message_filters::NullType; M7 = message_filters::NullType; M8 = message_filters::NullType]\x1b[m\x1b[K\x1b[m\x1b[K\xe2\x80\x99\n'}
[5.119819] (sfm_ros2) StderrLine: {'line': b'  240 |   Connection \x1b[01;36m\x1b[KaddCallback\x1b[m\x1b[K(void(T::*callback)(P0, P1, P2, P3), T* t)\n'}
[5.119852] (sfm_ros2) StderrLine: {'line': b'      |              \x1b[01;36m\x1b[K^~~~~~~~~~~\x1b[m\x1b[K\n'}
[5.119884] (sfm_ros2) StderrLine: {'line': b'\x1b[01m\x1b[K/opt/ros/jazzy/include/message_filters/message_filters/signal9.h:240:14:\x1b[m\x1b[K \x1b[01;36m\x1b[Knote: \x1b[m\x1b[K  candidate expects 2 arguments, 1 provided\n'}
[5.119915] (sfm_ros2) StderrLine: {'line': b'\x1b[01m\x1b[K/opt/ros/jazzy/include/message_filters/message_filters/signal9.h:246:14:\x1b[m\x1b[K \x1b[01;36m\x1b[Knote: \x1b[m\x1b[Kcandidate: \xe2\x80\x98\x1b[01m\x1b[Ktemplate<class T, class P0, class P1, class P2, class P3, class P4> message_filters::Connection message_filters::Signal9<M0, M1, M2, M3, M4, M5, M6, M7, M8>::\x1b[01;32m\x1b[KaddCallback\x1b[m\x1b[K(void (T::*)(P0, P1, P2, P3, P4), T*) \x1b[35m\x1b[K[with P0 = T; P1 = P0; P2 = P1; P3 = P2; P4 = P3; M0 = sensor_msgs::msg::Image_<std::allocator<void> >; M1 = sensor_msgs::msg::Image_<std::allocator<void> >; M2 = sensor_msgs::msg::CameraInfo_<std::allocator<void> >; M3 = nav_msgs::msg::Odometry_<std::allocator<void> >; M4 = message_filters::NullType; M5 = message_filters::NullType; M6 = message_filters::NullType; M7 = message_filters::NullType; M8 = message_filters::NullType]\x1b[m\x1b[K\x1b[m\x1b[K\xe2\x80\x99\n'}
[5.119949] (sfm_ros2) StderrLine: {'line': b'  246 |   Connection \x1b[01;36m\x1b[KaddCallback\x1b[m\x1b[K(void(T::*callback)(P0, P1, P2, P3, P4), T* t)\n'}
[5.119981] (sfm_ros2) StderrLine: {'line': b'      |              \x1b[01;36m\x1b[K^~~~~~~~~~~\x1b[m\x1b[K\n'}
[5.120011] (sfm_ros2) StderrLine: {'line': b'\x1b[01m\x1b[K/opt/ros/jazzy/include/message_filters/message_filters/signal9.h:246:14:\x1b[m\x1b[K \x1b[01;36m\x1b[Knote: \x1b[m\x1b[K  candidate expects 2 arguments, 1 provided\n'}
[5.120046] (sfm_ros2) StderrLine: {'line': b'\x1b[01m\x1b[K/opt/ros/jazzy/include/message_filters/message_filters/signal9.h:252:14:\x1b[m\x1b[K \x1b[01;36m\x1b[Knote: \x1b[m\x1b[Kcandidate: \xe2\x80\x98\x1b[01m\x1b[Ktemplate<class T, class P0, class P1, class P2, class P3, class P4, class P5> message_filters::Connection message_filters::Signal9<M0, M1, M2, M3, M4, M5, M6, M7, M8>::\x1b[01;32m\x1b[KaddCallback\x1b[m\x1b[K(void (T::*)(P0, P1, P2, P3, P4, P5), T*) \x1b[35m\x1b[K[with P0 = T; P1 = P0; P2 = P1; P3 = P2; P4 = P3; P5 = P4; M0 = sensor_msgs::msg::Image_<std::allocator<void> >; M1 = sensor_msgs::msg::Image_<std::allocator<void> >; M2 = sensor_msgs::msg::CameraInfo_<std::allocator<void> >; M3 = nav_msgs::msg::Odometry_<std::allocator<void> >; M4 = message_filters::NullType; M5 = message_filters::NullType; M6 = message_filters::NullType; M7 = message_filters::NullType; M8 = message_filters::NullType]\x1b[m\x1b[K\x1b[m\x1b[K\xe2\x80\x99\n'}
[5.120084] (sfm_ros2) StderrLine: {'line': b'  252 |   Connection \x1b[01;36m\x1b[KaddCallback\x1b[m\x1b[K(void(T::*callback)(P0, P1, P2, P3, P4, P5), T* t)\n'}
[5.120115] (sfm_ros2) StderrLine: {'line': b'      |              \x1b[01;36m\x1b[K^~~~~~~~~~~\x1b[m\x1b[K\n'}
[5.120146] (sfm_ros2) StderrLine: {'line': b'\x1b[01m\x1b[K/opt/ros/jazzy/include/message_filters/message_filters/signal9.h:252:14:\x1b[m\x1b[K \x1b[01;36m\x1b[Knote: \x1b[m\x1b[K  candidate expects 2 arguments, 1 provided\n'}
[5.120178] (sfm_ros2) StderrLine: {'line': b'\x1b[01m\x1b[K/opt/ros/jazzy/include/message_filters/message_filters/signal9.h:258:14:\x1b[m\x1b[K \x1b[01;36m\x1b[Knote: \x1b[m\x1b[Kcandidate: \xe2\x80\x98\x1b[01m\x1b[Ktemplate<class T, class P0, class P1, class P2, class P3, class P4, class P5, class P6> message_filters::Connection message_filters::Signal9<M0, M1, M2, M3, M4, M5, M6, M7, M8>::\x1b[01;32m\x1b[KaddCallback\x1b[m\x1b[K(void (T::*)(P0, P1, P2, P3, P4, P5, P6), T*) \x1b[35m\x1b[K[with P0 = T; P1 = P0; P2 = P1; P3 = P2; P4 = P3; P5 = P4; P6 = P5; M0 = sensor_msgs::msg::Image_<std::allocator<void> >; M1 = sensor_msgs::msg::Image_<std::allocator<void> >; M2 = sensor_msgs::msg::CameraInfo_<std::allocator<void> >; M3 = nav_msgs::msg::Odometry_<std::allocator<void> >; M4 = message_filters::NullType; M5 = message_filters::NullType; M6 = message_filters::NullType; M7 = message_filters::NullType; M8 = message_filters::NullType]\x1b[m\x1b[K\x1b[m\x1b[K\xe2\x80\x99\n'}
[5.120213] (sfm_ros2) StderrLine: {'line': b'  258 |   Connection \x1b[01;36m\x1b[KaddCallback\x1b[m\x1b[K(void(T::*callback)(P0, P1, P2, P3, P4, P5, P6), T* t)\n'}
[5.120251] (sfm_ros2) StderrLine: {'line': b'      |              \x1b[01;36m\x1b[K^~~~~~~~~~~\x1b[m\x1b[K\n'}
[5.120283] (sfm_ros2) StderrLine: {'line': b'\x1b[01m\x1b[K/opt/ros/jazzy/include/message_filters/message_filters/signal9.h:258:14:\x1b[m\x1b[K \x1b[01;36m\x1b[Knote: \x1b[m\x1b[K  candidate expects 2 arguments, 1 provided\n'}
[5.120315] (sfm_ros2) StderrLine: {'line': b'\x1b[01m\x1b[K/opt/ros/jazzy/include/message_filters/message_filters/signal9.h:264:14:\x1b[m\x1b[K \x1b[01;36m\x1b[Knote: \x1b[m\x1b[Kcandidate: \xe2\x80\x98\x1b[01m\x1b[Ktemplate<class T, class P0, class P1, class P2, class P3, class P4, class P5, class P6, class P7> message_filters::Connection message_filters::Signal9<M0, M1, M2, M3, M4, M5, M6, M7, M8>::\x1b[01;32m\x1b[KaddCallback\x1b[m\x1b[K(void (T::*)(P0, P1, P2, P3, P4, P5, P6, P7), T*) \x1b[35m\x1b[K[with P0 = T; P1 = P0; P2 = P1; P3 = P2; P4 = P3; P5 = P4; P6 = P5; P7 = P6; M0 = sensor_msgs::msg::Image_<std::allocator<void> >; M1 = sensor_msgs::msg::Image_<std::allocator<void> >; M2 = sensor_msgs::msg::CameraInfo_<std::allocator<void> >; M3 = nav_msgs::msg::Odometry_<std::allocator<void> >; M4 = message_filters::NullType; M5 = message_filters::NullType; M6 = message_filters::NullType; M7 = message_filters::NullType; M8 = message_filters::NullType]\x1b[m\x1b[K\x1b[m\x1b[K\xe2\x80\x99\n'}
[5.120352] (sfm_ros2) StderrLine: {'line': b'  264 |   Connection \x1b[01;36m\x1b[KaddCallback\x1b[m\x1b[K(void(T::*callback)(P0, P1, P2, P3, P4, P5, P6, P7), T* t)\n'}
[5.120384] (sfm_ros2) StderrLine: {'line': b'      |              \x1b[01;36m\x1b[K^~~~~~~~~~~\x1b[m\x1b[K\n'}
[5.120415] (sfm_ros2) StderrLine: {'line': b'\x1b[01m\x1b[K/opt/ros/jazzy/include/message_filters/message_filters/signal9.h:264:14:\x1b[m\x1b[K \x1b[01;36m\x1b[Knote: \x1b[m\x1b[K  candidate expects 2 arguments, 1 provided\n'}
[5.120448] (sfm_ros2) StderrLine: {'line': b'\x1b[01m\x1b[K/opt/ros/jazzy/include/message_filters/message_filters/signal9.h:270:14:\x1b[m\x1b[K \x1b[01;36m\x1b[Knote: \x1b[m\x1b[Kcandidate: \xe2\x80\x98\x1b[01m\x1b[Ktemplate<class C> message_filters::Connection message_filters::Signal9<M0, M1, M2, M3, M4, M5, M6, M7, M8>::\x1b[01;32m\x1b[KaddCallback\x1b[m\x1b[K(C&) \x1b[35m\x1b[K[with M0 = sensor_msgs::msg::Image_<std::allocator<void> >; M1 = sensor_msgs::msg::Image_<std::allocator<void> >; M2 = sensor_msgs::msg::CameraInfo_<std::allocator<void> >; M3 = nav_msgs::msg::Odometry_<std::allocator<void> >; M4 = message_filters::NullType; M5 = message_filters::NullType; M6 = message_filters::NullType; M7 = message_filters::NullType; M8 = message_filters::NullType]\x1b[m\x1b[K\x1b[m\x1b[K\xe2\x80\x99\n'}
[5.120488] (sfm_ros2) StderrLine: {'line': b'  270 |   Connection \x1b[01;36m\x1b[KaddCallback\x1b[m\x1b[K( C& callback)\n'}
[5.120521] (sfm_ros2) StderrLine: {'line': b'      |              \x1b[01;36m\x1b[K^~~~~~~~~~~\x1b[m\x1b[K\n'}
[5.120553] (sfm_ros2) StderrLine: {'line': b'\x1b[01m\x1b[K/opt/ros/jazzy/include/message_filters/message_filters/signal9.h:270:14:\x1b[m\x1b[K \x1b[01;36m\x1b[Knote: \x1b[m\x1b[K  template argument deduction/substitution failed:\n'}
[5.120586] (sfm_ros2) StderrLine: {'line': b'\x1b[01m\x1b[K/opt/ros/jazzy/include/message_filters/message_filters/signal9.h:280:40:\x1b[m\x1b[K \x1b[01;31m\x1b[Kerror: \x1b[m\x1b[Kwrong number of template arguments (9, should be 1)\n'}
[5.120619] (sfm_ros2) StderrLine: {'line': b'  272 |     return \x1b[01;31m\x1b[KaddCallback<const M0ConstPtr&,\x1b[m\x1b[K\n'}
[5.120649] (sfm_ros2) StderrLine: {'line': b'      |            \x1b[01;31m\x1b[K~~~~~~~~~~~~~~~~~~~~~~~~~~~~~~\x1b[m\x1b[K\n'}
[5.120680] (sfm_ros2) StderrLine: {'line': b'  273 | \x1b[01;31m\x1b[K                     const M1ConstPtr&,\x1b[m\x1b[K\n'}
[5.120711] (sfm_ros2) StderrLine: {'line': b'      |                      \x1b[01;31m\x1b[K~~~~~~~~~~~~~~~~~~\x1b[m\x1b[K \n'}
[5.120743] (sfm_ros2) StderrLine: {'line': b'  274 | \x1b[01;31m\x1b[K                     const M2ConstPtr&,\x1b[m\x1b[K\n'}
[5.120774] (sfm_ros2) StderrLine: {'line': b'      |                      \x1b[01;31m\x1b[K~~~~~~~~~~~~~~~~~~\x1b[m\x1b[K \n'}
[5.120805] (sfm_ros2) StderrLine: {'line': b'  275 | \x1b[01;31m\x1b[K                     const M3ConstPtr&,\x1b[m\x1b[K\n'}
[5.120834] (sfm_ros2) StderrLine: {'line': b'      |                      \x1b[01;31m\x1b[K~~~~~~~~~~~~~~~~~~\x1b[m\x1b[K \n'}
[5.120865] (sfm_ros2) StderrLine: {'line': b'  276 | \x1b[01;31m\x1b[K                     const M4ConstPtr&,\x1b[m\x1b[K\n'}
[5.120897] (sfm_ros2) StderrLine: {'line': b'      |                      \x1b[01;31m\x1b[K~~~~~~~~~~~~~~~~~~\x1b[m\x1b[K \n'}
[5.120929] (sfm_ros2) StderrLine: {'line': b'  277 | \x1b[01;31m\x1b[K                     const M5ConstPtr&,\x1b[m\x1b[K\n'}
[5.120960] (sfm_ros2) StderrLine: {'line': b'      |                      \x1b[01;31m\x1b[K~~~~~~~~~~~~~~~~~~\x1b[m\x1b[K \n'}
[5.120993] (sfm_ros2) StderrLine: {'line': b'  278 | \x1b[01;31m\x1b[K                     const M6ConstPtr&,\x1b[m\x1b[K\n'}
[5.121024] (sfm_ros2) StderrLine: {'line': b'      |                      \x1b[01;31m\x1b[K~~~~~~~~~~~~~~~~~~\x1b[m\x1b[K \n'}
[5.121055] (sfm_ros2) StderrLine: {'line': b'  279 | \x1b[01;31m\x1b[K                     const M7ConstPtr&,\x1b[m\x1b[K\n'}
[5.121085] (sfm_ros2) StderrLine: {'line': b'      |                      \x1b[01;31m\x1b[K~~~~~~~~~~~~~~~~~~\x1b[m\x1b[K \n'}
[5.121117] (sfm_ros2) StderrLine: {'line': b'  280 | \x1b[01;31m\x1b[K                     const M8ConstPtr&>(std::bind(callback, std::placeholders::_1, std::placeholders::_2, std::placeholders::_3, std::placeholders::_4, std::placeholders::_5, std::placeholders::_6, std::placeholders::_7, std::placeholders::_8, std::placeholders::_9))\x1b[m\x1b[K;\n'}
[5.121149] (sfm_ros2) StderrLine: {'line': b'      |                      \x1b[01;31m\x1b[K~~~~~~~~~~~~~~~~~~^~~~~~~~~~~~~~~~~~~~~~~~~~~~~~~~~~~~~~~~~~~~~~~~~~~~~~~~~~~~~~~~~~~~~~~~~~~~~~~~~~~~~~~~~~~~~~~~~~~~~~~~~~~~~~~~~~~~~~~~~~~~~~~~~~~~~~~~~~~~~~~~~~~~~~~~~~~~~~~~~~~~~~~~~~~~~~~~~~~~~~~~~~~~~~~~~~~~~~~~~~~~~~~~~~~~~~~~~~~~~~~~~~~~\x1b[m\x1b[K\n'}
[5.121181] (sfm_ros2) StderrLine: {'line': b'\x1b[01m\x1b[K/opt/ros/jazzy/include/message_filters/message_filters/signal9.h:270:14:\x1b[m\x1b[K \x1b[01;36m\x1b[Knote: \x1b[m\x1b[Kprovided for \xe2\x80\x98\x1b[01m\x1b[Ktemplate<class C> message_filters::Connection message_filters::Signal9<M0, M1, M2, M3, M4, M5, M6, M7, M8>::\x1b[01;32m\x1b[KaddCallback\x1b[m\x1b[K(C&) \x1b[35m\x1b[K[with M0 = sensor_msgs::msg::Image_<std::allocator<void> >; M1 = sensor_msgs::msg::Image_<std::allocator<void> >; M2 = sensor_msgs::msg::CameraInfo_<std::allocator<void> >; M3 = nav_msgs::msg::Odometry_<std::allocator<void> >; M4 = message_filters::NullType; M5 = message_filters::NullType; M6 = message_filters::NullType; M7 = message_filters::NullType; M8 = message_filters::NullType]\x1b[m\x1b[K\x1b[m\x1b[K\xe2\x80\x99\n'}
[5.121217] (sfm_ros2) StderrLine: {'line': b'  270 |   Connection \x1b[01;36m\x1b[KaddCallback\x1b[m\x1b[K( C& callback)\n'}
[5.121249] (sfm_ros2) StderrLine: {'line': b'      |              \x1b[01;36m\x1b[K^~~~~~~~~~~\x1b[m\x1b[K\n'}
[5.217054] (-) TimerEvent: {}
[5.317373] (-) TimerEvent: {}
[5.417709] (-) TimerEvent: {}
[5.518040] (-) TimerEvent: {}
[5.618367] (-) TimerEvent: {}
[5.718702] (-) TimerEvent: {}
[5.819034] (-) TimerEvent: {}
[5.919361] (-) TimerEvent: {}
[6.019697] (-) TimerEvent: {}
[6.120019] (-) TimerEvent: {}
[6.220356] (-) TimerEvent: {}
[6.320690] (-) TimerEvent: {}
[6.421015] (-) TimerEvent: {}
[6.521345] (-) TimerEvent: {}
[6.621652] (-) TimerEvent: {}
[6.721968] (-) TimerEvent: {}
[6.822277] (-) TimerEvent: {}
[6.922598] (-) TimerEvent: {}
[7.022906] (-) TimerEvent: {}
[7.123228] (-) TimerEvent: {}
[7.223561] (-) TimerEvent: {}
[7.323892] (-) TimerEvent: {}
[7.424224] (-) TimerEvent: {}
[7.524524] (-) TimerEvent: {}
[7.624841] (-) TimerEvent: {}
[7.725166] (-) TimerEvent: {}
[7.825490] (-) TimerEvent: {}
[7.925818] (-) TimerEvent: {}
[8.026149] (-) TimerEvent: {}
[8.126471] (-) TimerEvent: {}
[8.226802] (-) TimerEvent: {}
[8.327110] (-) TimerEvent: {}
[8.427442] (-) TimerEvent: {}
[8.527754] (-) TimerEvent: {}
[8.628076] (-) TimerEvent: {}
[8.728400] (-) TimerEvent: {}
[8.807115] (sfm_ros2) StderrLine: {'line': b'gmake[2]: *** [CMakeFiles/sfm.dir/build.make:76: CMakeFiles/sfm.dir/src/sfm.cpp.o] Error 1\n'}
[8.807477] (sfm_ros2) StderrLine: {'line': b'gmake[1]: *** [CMakeFiles/Makefile2:644: CMakeFiles/sfm.dir/all] Error 2\n'}
[8.807571] (sfm_ros2) StderrLine: {'line': b'gmake: *** [Makefile:146: all] Error 2\n'}
[8.809686] (sfm_ros2) CommandEnded: {'returncode': 2}
[8.814854] (sfm_ros2) JobEnded: {'identifier': 'sfm_ros2', 'rc': 2}
[8.825278] (-) EventReactorShutdown: {}
