[0.000000] (-) TimerEvent: {}
[0.000274] (sfm_ros2) JobQueued: {'identifier': 'sfm_ros2', 'dependencies': OrderedDict()}
[0.000909] (sfm_ros2) JobStarted: {'identifier': 'sfm_ros2'}
[0.005664] (sfm_ros2) JobProgress: {'identifier': 'sfm_ros2', 'progress': 'cmake'}
[0.006178] (sfm_ros2) JobProgress: {'identifier': 'sfm_ros2', 'progress': 'build'}
[0.006696] (sfm_ros2) Command: {'cmd': ['/usr/bin/cmake', '--build', '/home/elioowo/ros_sfm/sfm_ros2/build/sfm_ros2', '--', '-j32', '-l32'], 'cwd': '/home/elioowo/ros_sfm/sfm_ros2/build/sfm_ros2', 'env': OrderedDict({'LESSOPEN': '| /usr/bin/lesspipe %s', 'GZ_SIM_RESOURCE_PATH': '/opt/ros/jazzy/share', 'USER': 'elioowo', 'GZ_CONFIG_PATH': '/opt/ros/jazzy/opt/gz_sim_vendor/share/gz:/opt/ros/jazzy/opt/sdformat_vendor/share/gz:/opt/ros/jazzy/opt/gz_gui_vendor/share/gz:/opt/ros/jazzy/opt/gz_transport_vendor/share/gz:/opt/ros/jazzy/opt/gz_rendering_vendor/share/gz:/opt/ros/jazzy/opt/gz_plugin_vendor/share/gz:/opt/ros/jazzy/opt/gz_fuel_tools_vendor/share/gz:/opt/ros/jazzy/opt/gz_msgs_vendor/share/gz:/opt/ros/jazzy/opt/gz_common_vendor/share/gz', 'XDG_SESSION_TYPE': 'wayland', 'CLUTTER_DISABLE_MIPMAPPED_TEXT': '1', 'SHLVL': '1', 'LD_LIBRARY_PATH': '/opt/ros/jazzy/opt/gz_sim_vendor/lib:/opt/ros/jazzy/opt/gz_sensors_vendor/lib:/opt/ros/jazzy/opt/gz_physics_vendor/lib:/opt/ros/jazzy/opt/sdformat_vendor/lib:/opt/ros/jazzy/opt/rviz_ogre_vendor/lib:/opt/ros/jazzy/lib/x86_64-linux-gnu:/opt/ros/jazzy/opt/gz_gui_vendor/lib:/opt/ros/jazzy/opt/gz_transport_vendor/lib:/opt/ros/jazzy/opt/gz_rendering_vendor/lib:/opt/ros/jazzy/opt/gz_plugin_vendor/lib:/opt/ros/jazzy/opt/gz_fuel_tools_vendor/lib:/opt/ros/jazzy/opt/gz_msgs_vendor/lib:/opt/ros/jazzy/opt/gz_common_vendor/lib:/opt/ros/jazzy/opt/gz_math_vendor/lib:/opt/ros/jazzy/opt/gz_utils_vendor/lib:/opt/ros/jazzy/opt/gz_tools_vendor/lib:/opt/ros/jazzy/opt/gz_ogre_next_vendor/lib:/opt/ros/jazzy/opt/gz_dartsim_vendor/lib:/opt/ros/jazzy/opt/gz_cmake_vendor/lib:/opt/ros/jazzy/lib', 'HOME': '/home/elioowo', 'MOZ_ENABLE_WAYLAND': '1', 'OLDPWD': '/home/elioowo/ros_sfm/sfm_ros2/msg', 'DESKTOP_SESSION': 'ubuntu', 'ROS_PYTHON_VERSION': '3', 'GNOME_SHELL_SESSION_MODE': 'ubuntu', 'GTK_MODULES': 'gail:atk-bridge', 'SYSTEMD_EXEC_PID': '4315', 'GSM_SKIP_SSH_AGENT_WORKAROUND': 'true', 'DBUS_SESSION_BUS_ADDRESS': 'unix:path=/run/user/1004/bus', 'COLORTERM': 'truecolor', 'DEBUGINFOD_URLS': 'https://debuginfod.ubuntu.com', 'IM_CONFIG_PHASE': '1', 'WAYLAND_DISPLAY': 'wayland-0', 'ROS_DISTRO': 'jazzy', 'LOGNAME': 'elioowo', '_': '/usr/bin/colcon', 'ROS_VERSION': '2', 'MEMORY_PRESSURE_WATCH': '/sys/fs/cgroup/user.slice/user-1004.slice/user@1004.service/session.slice/org.gnome.Shell@wayland.service/memory.pressure', 'XDG_SESSION_CLASS': 'user', 'USERNAME': 'elioowo', 'TERM': 'xterm-256color', 'GNOME_DESKTOP_SESSION_ID': 'this-is-deprecated', 'PATH': '/opt/ros/jazzy/opt/gz_msgs_vendor/bin:/opt/ros/jazzy/opt/gz_tools_vendor/bin:/opt/ros/jazzy/opt/gz_ogre_next_vendor/bin:/opt/ros/jazzy/bin:/usr/local/sbin:/usr/local/bin:/usr/sbin:/usr/bin:/sbin:/bin:/usr/games:/usr/local/games:/snap/bin:/snap/bin', 'SESSION_MANAGER': 'local/OMEN-10:@/tmp/.ICE-unix/4283,unix/OMEN-10:/tmp/.ICE-unix/4283', 'XDG_MENU_PREFIX': 'gnome-', 'GNOME_TERMINAL_SCREEN': '/org/gnome/Terminal/screen/e54a3fa6_a308_470f_a110_c80fc401f295', 'GNOME_SETUP_DISPLAY': ':1', 'XDG_RUNTIME_DIR': '/run/user/1004', 'DISPLAY': ':0', 'LANG': 'en_US.UTF-8', 'XDG_CURRENT_DESKTOP': 'ubuntu:GNOME', 'XMODIFIERS': '@im=ibus', 'XDG_SESSION_DESKTOP': 'ubuntu', 'XAUTHORITY': '/run/user/1004/.mutter-Xwaylandauth.TAUHQ3', 'LS_COLORS': 'rs=0:di=01;34:ln=01;36:mh=00:pi=40;33:so=01;35:do=01;35:bd=40;33;01:cd=40;33;01:or=40;31;01:mi=00:su=37;41:sg=30;43:ca=00:tw=30;42:ow=34;42:st=37;44:ex=01;32:*.tar=01;31:*.tgz=01;31:*.arc=01;31:*.arj=01;31:*.taz=01;31:*.lha=01;31:*.lz4=01;31:*.lzh=01;31:*.lzma=01;31:*.tlz=01;31:*.txz=01;31:*.tzo=01;31:*.t7z=01;31:*.zip=01;31:*.z=01;31:*.dz=01;31:*.gz=01;31:*.lrz=01;31:*.lz=01;31:*.lzo=01;31:*.xz=01;31:*.zst=01;31:*.tzst=01;31:*.bz2=01;31:*.bz=01;31:*.tbz=01;31:*.tbz2=01;31:*.tz=01;31:*.deb=01;31:*.rpm=01;31:*.jar=01;31:*.war=01;31:*.ear=01;31:*.sar=01;31:*.rar=01;31:*.alz=01;31:*.ace=01;31:*.zoo=01;31:*.cpio=01;31:*.7z=01;31:*.rz=01;31:*.cab=01;31:*.wim=01;31:*.swm=01;31:*.dwm=01;31:*.esd=01;31:*.avif=01;35:*.jpg=01;35:*.jpeg=01;35:*.mjpg=01;35:*.mjpeg=01;35:*.gif=01;35:*.bmp=01;35:*.pbm=01;35:*.pgm=01;35:*.ppm=01;35:*.tga=01;35:*.xbm=01;35:*.xpm=01;35:*.tif=01;35:*.tiff=01;35:*.png=01;35:*.svg=01;35:*.svgz=01;35:*.mng=01;35:*.pcx=01;35:*.mov=01;35:*.mpg=01;35:*.mpeg=01;35:*.m2v=01;35:*.mkv=01;35:*.webm=01;35:*.webp=01;35:*.ogm=01;35:*.mp4=01;35:*.m4v=01;35:*.mp4v=01;35:*.vob=01;35:*.qt=01;35:*.nuv=01;35:*.wmv=01;35:*.asf=01;35:*.rm=01;35:*.rmvb=01;35:*.flc=01;35:*.avi=01;35:*.fli=01;35:*.flv=01;35:*.gl=01;35:*.dl=01;35:*.xcf=01;35:*.xwd=01;35:*.yuv=01;35:*.cgm=01;35:*.emf=01;35:*.ogv=01;35:*.ogx=01;35:*.aac=00;36:*.au=00;36:*.flac=00;36:*.m4a=00;36:*.mid=00;36:*.midi=00;36:*.mka=00;36:*.mp3=00;36:*.mpc=00;36:*.ogg=00;36:*.ra=00;36:*.wav=00;36:*.oga=00;36:*.opus=00;36:*.spx=00;36:*.xspf=00;36:*~=00;90:*#=00;90:*.bak=00;90:*.crdownload=00;90:*.dpkg-dist=00;90:*.dpkg-new=00;90:*.dpkg-old=00;90:*.dpkg-tmp=00;90:*.old=00;90:*.orig=00;90:*.part=00;90:*.rej=00;90:*.rpmnew=00;90:*.rpmorig=00;90:*.rpmsave=00;90:*.swp=00;90:*.tmp=00;90:*.ucf-dist=00;90:*.ucf-new=00;90:*.ucf-old=00;90:', 'GNOME_TERMINAL_SERVICE': ':1.133', 'SSH_AUTH_SOCK': '/run/user/1004/keyring/ssh', 'AMENT_PREFIX_PATH': '/opt/ros/jazzy', 'SHELL': '/bin/bash', 'QT_ACCESSIBILITY': '1', 'GDMSESSION': 'ubuntu', 'LESSCLOSE': '/usr/bin/lesspipe %s %s', 'WLR_NO_HARDWARE_CURSORS': '1', 'ROS_AUTOMATIC_DISCOVERY_RANGE': 'SUBNET', 'QT_IM_MODULE': 'ibus', 'PWD': '/home/elioowo/ros_sfm/sfm_ros2/build/sfm_ros2', 'XDG_CONFIG_DIRS': '/etc/xdg/xdg-ubuntu:/etc/xdg', 'XDG_DATA_DIRS': '/usr/share/ubuntu:/usr/share/gnome:/usr/local/share/:/usr/share/:/var/lib/snapd/desktop', 'PYTHONPATH': '/opt/ros/jazzy/lib/python3.12/site-packages', 'COLCON': '1', 'MEMORY_PRESSURE_WRITE': 'c29tZSAyMDAwMDAgMjAwMDAwMAA=', 'GENICAM_GENTL64_PATH': ':/opt/pylon5/lib64/gentlproducer/gtl', 'VTE_VERSION': '7600', 'CMAKE_PREFIX_PATH': '/opt/ros/jazzy/opt/gz_sim_vendor:/opt/ros/jazzy/opt/gz_sensors_vendor:/opt/ros/jazzy/opt/gz_physics_vendor:/opt/ros/jazzy/opt/sdformat_vendor:/opt/ros/jazzy/opt/gz_gui_vendor:/opt/ros/jazzy/opt/gz_transport_vendor:/opt/ros/jazzy/opt/gz_rendering_vendor:/opt/ros/jazzy/opt/gz_plugin_vendor:/opt/ros/jazzy/opt/gz_fuel_tools_vendor:/opt/ros/jazzy/opt/gz_msgs_vendor:/opt/ros/jazzy/opt/gz_common_vendor:/opt/ros/jazzy/opt/gz_math_vendor:/opt/ros/jazzy/opt/gz_utils_vendor:/opt/ros/jazzy/opt/gz_tools_vendor:/opt/ros/jazzy/opt/gz_ogre_next_vendor:/opt/ros/jazzy/opt/gz_dartsim_vendor:/opt/ros/jazzy/opt/gz_cmake_vendor:/opt/ros/jazzy'}), 'shell': False}
[0.043630] (sfm_ros2) StdoutLine: {'line': b'[  2%] Built target sfm_ros2__rosidl_generator_type_description\n'}
[0.043783] (sfm_ros2) StdoutLine: {'line': b'[  4%] Built target sfm_ros2__rs\n'}
[0.048547] (sfm_ros2) StdoutLine: {'line': b'[  4%] Built target ament_cmake_python_copy_sfm_ros2\n'}
[0.055369] (sfm_ros2) StdoutLine: {'line': b'[  6%] Built target sfm_ros2__cpp\n'}
[0.056858] (sfm_ros2) StdoutLine: {'line': b'[ 23%] Built target sfm_ros2__rosidl_generator_c\n'}
[0.070494] (sfm_ros2) StdoutLine: {'line': b'[ 40%] Built target sfm_ros2__rosidl_typesupport_fastrtps_c\n'}
[0.070685] (sfm_ros2) StdoutLine: {'line': b'[ 38%] Built target sfm_ros2__rosidl_typesupport_introspection_c\n'}
[0.070759] (sfm_ros2) StdoutLine: {'line': b'[ 51%] Built target sfm_ros2__rosidl_typesupport_fastrtps_cpp\n'}
[0.070829] (sfm_ros2) StdoutLine: {'line': b'[ 57%] Built target sfm_ros2__rosidl_typesupport_c\n'}
[0.070922] (sfm_ros2) StdoutLine: {'line': b'[ 65%] Built target sfm_ros2__rosidl_typesupport_cpp\n'}
[0.071157] (sfm_ros2) StdoutLine: {'line': b'[ 74%] Built target sfm_ros2__rosidl_typesupport_introspection_cpp\n'}
[0.082724] (sfm_ros2) StdoutLine: {'line': b'[ 74%] Built target sfm_ros2\n'}
[0.095111] (sfm_ros2) StdoutLine: {'line': b'[ 76%] Built target sfm_ros2__py\n'}
[0.100113] (-) TimerEvent: {}
[0.103819] (sfm_ros2) StdoutLine: {'line': b'[ 78%] \x1b[32mBuilding CXX object CMakeFiles/sfm.dir/src/sfm.cpp.o\x1b[0m\n'}
[0.108746] (sfm_ros2) StdoutLine: {'line': b'[ 85%] Built target sfm_ros2__rosidl_generator_py\n'}
[0.122567] (sfm_ros2) StdoutLine: {'line': b'[ 91%] Built target sfm_ros2_s__rosidl_typesupport_c\n'}
[0.122732] (sfm_ros2) StdoutLine: {'line': b'[ 95%] Built target sfm_ros2_s__rosidl_typesupport_introspection_c\n'}
[0.122805] (sfm_ros2) StdoutLine: {'line': b'[ 97%] Built target sfm_ros2_s__rosidl_typesupport_fastrtps_c\n'}
[0.190177] (sfm_ros2) StdoutLine: {'line': b'running egg_info\n'}
[0.200319] (-) TimerEvent: {}
[0.203714] (sfm_ros2) StdoutLine: {'line': b'writing sfm_ros2.egg-info/PKG-INFO\n'}
[0.203949] (sfm_ros2) StdoutLine: {'line': b'writing dependency_links to sfm_ros2.egg-info/dependency_links.txt\n'}
[0.204046] (sfm_ros2) StdoutLine: {'line': b'writing top-level names to sfm_ros2.egg-info/top_level.txt\n'}
[0.243704] (sfm_ros2) StdoutLine: {'line': b"reading manifest file 'sfm_ros2.egg-info/SOURCES.txt'\n"}
[0.243969] (sfm_ros2) StdoutLine: {'line': b"writing manifest file 'sfm_ros2.egg-info/SOURCES.txt'\n"}
[0.261535] (sfm_ros2) StdoutLine: {'line': b'[ 97%] Built target ament_cmake_python_build_sfm_ros2_egg\n'}
[0.300525] (-) TimerEvent: {}
[0.400871] (-) TimerEvent: {}
[0.501242] (-) TimerEvent: {}
[0.601642] (-) TimerEvent: {}
[0.701977] (-) TimerEvent: {}
[0.802324] (-) TimerEvent: {}
[0.902669] (-) TimerEvent: {}
[1.003024] (-) TimerEvent: {}
[1.103378] (-) TimerEvent: {}
[1.203744] (-) TimerEvent: {}
[1.304110] (-) TimerEvent: {}
[1.404485] (-) TimerEvent: {}
[1.504854] (-) TimerEvent: {}
[1.605217] (-) TimerEvent: {}
[1.705607] (-) TimerEvent: {}
[1.805976] (-) TimerEvent: {}
[1.906341] (-) TimerEvent: {}
[2.006708] (-) TimerEvent: {}
[2.107079] (-) TimerEvent: {}
[2.207437] (-) TimerEvent: {}
[2.307816] (-) TimerEvent: {}
[2.408203] (-) TimerEvent: {}
[2.508582] (-) TimerEvent: {}
[2.608961] (-) TimerEvent: {}
[2.709340] (-) TimerEvent: {}
[2.809703] (-) TimerEvent: {}
[2.910064] (-) TimerEvent: {}
[3.010436] (-) TimerEvent: {}
[3.110806] (-) TimerEvent: {}
[3.211174] (-) TimerEvent: {}
[3.311533] (-) TimerEvent: {}
[3.411900] (-) TimerEvent: {}
[3.512266] (-) TimerEvent: {}
[3.612630] (-) TimerEvent: {}
[3.712992] (-) TimerEvent: {}
[3.813364] (-) TimerEvent: {}
[3.913614] (-) TimerEvent: {}
[4.013985] (-) TimerEvent: {}
[4.114357] (-) TimerEvent: {}
[4.214723] (-) TimerEvent: {}
[4.315084] (-) TimerEvent: {}
[4.415454] (-) TimerEvent: {}
[4.472054] (sfm_ros2) StderrLine: {'line': b'\x1b[01m\x1b[K/home/elioowo/ros_sfm/sfm_ros2/src/sfm.cpp:\x1b[m\x1b[K In constructor \xe2\x80\x98\x1b[01m\x1b[KsemanticSfm::\x1b[01;32m\x1b[KsemanticSfm\x1b[m\x1b[K(rclcpp::Node::ConstSharedPtr&)\x1b[m\x1b[K\xe2\x80\x99:\n'}
[4.472262] (sfm_ros2) StderrLine: {'line': b'\x1b[01m\x1b[K/home/elioowo/ros_sfm/sfm_ros2/src/sfm.cpp:4:1:\x1b[m\x1b[K \x1b[01;31m\x1b[Kerror: \x1b[m\x1b[Kuninitialized reference member in \xe2\x80\x98\x1b[01m\x1b[Kusing rclcpp::Publisher<sensor_msgs::msg::PointCloud2_<std::allocator<void> > >::ConstSharedPtr = class std::shared_ptr<const rclcpp::Publisher<sensor_msgs::msg::PointCloud2_<std::allocator<void> > > >&\x1b[m\x1b[K\xe2\x80\x99 {aka \xe2\x80\x98\x1b[01m\x1b[Kclass std::shared_ptr<const rclcpp::Publisher<sensor_msgs::msg::PointCloud2_<std::allocator<void> > > >&\x1b[m\x1b[K\xe2\x80\x99} [\x1b[01;31m\x1b[K\x1b]8;;https://gcc.gnu.org/onlinedocs/gcc/Warning-Options.html#index-fpermissive\x07-fpermissive\x1b]8;;\x07\x1b[m\x1b[K]\n'}
[4.472343] (sfm_ros2) StderrLine: {'line': b'    4 | \x1b[01;31m\x1b[KsemanticSfm\x1b[m\x1b[K::semanticSfm(rclcpp::Node::ConstSharedPtr& node)\n'}
[4.472413] (sfm_ros2) StderrLine: {'line': b'      | \x1b[01;31m\x1b[K^~~~~~~~~~~\x1b[m\x1b[K\n'}
[4.472478] (sfm_ros2) StderrLine: {'line': b'In file included from \x1b[01m\x1b[K/home/elioowo/ros_sfm/sfm_ros2/src/sfm.cpp:1\x1b[m\x1b[K:\n'}
[4.472545] (sfm_ros2) StderrLine: {'line': b'\x1b[01m\x1b[K/home/elioowo/ros_sfm/sfm_ros2/include/sfm/sfm.h:72:71:\x1b[m\x1b[K \x1b[01;36m\x1b[Knote: \x1b[m\x1b[K\xe2\x80\x98\x1b[01m\x1b[Krclcpp::Publisher<sensor_msgs::msg::PointCloud2_<std::allocator<void> > >::ConstSharedPtr& semanticSfm::sfmCloud_\x1b[m\x1b[K\xe2\x80\x99 should be initialized\n'}
[4.472618] (sfm_ros2) StderrLine: {'line': b'   72 |     rclcpp::Publisher<sensor_msgs::msg::PointCloud2>::ConstSharedPtr& \x1b[01;36m\x1b[KsfmCloud_\x1b[m\x1b[K;\n'}
[4.472684] (sfm_ros2) StderrLine: {'line': b'      |                                                                       \x1b[01;36m\x1b[K^~~~~~~~~\x1b[m\x1b[K\n'}
[4.472748] (sfm_ros2) StderrLine: {'line': b'\x1b[01m\x1b[K/home/elioowo/ros_sfm/sfm_ros2/src/sfm.cpp:4:1:\x1b[m\x1b[K \x1b[01;31m\x1b[Kerror: \x1b[m\x1b[Kuninitialized reference member in \xe2\x80\x98\x1b[01m\x1b[Kusing rclcpp::Publisher<nav_msgs::msg::Path_<std::allocator<void> > >::ConstSharedPtr = class std::shared_ptr<const rclcpp::Publisher<nav_msgs::msg::Path_<std::allocator<void> > > >&\x1b[m\x1b[K\xe2\x80\x99 {aka \xe2\x80\x98\x1b[01m\x1b[Kclass std::shared_ptr<const rclcpp::Publisher<nav_msgs::msg::Path_<std::allocator<void> > > >&\x1b[m\x1b[K\xe2\x80\x99} [\x1b[01;31m\x1b[K\x1b]8;;https://gcc.gnu.org/onlinedocs/gcc/Warning-Options.html#index-fpermissive\x07-fpermissive\x1b]8;;\x07\x1b[m\x1b[K]\n'}
[4.472820] (sfm_ros2) StderrLine: {'line': b'    4 | \x1b[01;31m\x1b[KsemanticSfm\x1b[m\x1b[K::semanticSfm(rclcpp::Node::ConstSharedPtr& node)\n'}
[4.472883] (sfm_ros2) StderrLine: {'line': b'      | \x1b[01;31m\x1b[K^~~~~~~~~~~\x1b[m\x1b[K\n'}
[4.472945] (sfm_ros2) StderrLine: {'line': b'\x1b[01m\x1b[K/home/elioowo/ros_sfm/sfm_ros2/include/sfm/sfm.h:73:61:\x1b[m\x1b[K \x1b[01;36m\x1b[Knote: \x1b[m\x1b[K\xe2\x80\x98\x1b[01m\x1b[Krclcpp::Publisher<nav_msgs::msg::Path_<std::allocator<void> > >::ConstSharedPtr& semanticSfm::sfmTrajectory_\x1b[m\x1b[K\xe2\x80\x99 should be initialized\n'}
[4.473015] (sfm_ros2) StderrLine: {'line': b'   73 |     rclcpp::Publisher<nav_msgs::msg::Path>::ConstSharedPtr& \x1b[01;36m\x1b[KsfmTrajectory_\x1b[m\x1b[K;\n'}
[4.473078] (sfm_ros2) StderrLine: {'line': b'      |                                                             \x1b[01;36m\x1b[K^~~~~~~~~~~~~~\x1b[m\x1b[K\n'}
[4.473140] (sfm_ros2) StderrLine: {'line': b'\x1b[01m\x1b[K/home/elioowo/ros_sfm/sfm_ros2/src/sfm.cpp:4:1:\x1b[m\x1b[K \x1b[01;31m\x1b[Kerror: \x1b[m\x1b[Kuninitialized reference member in \xe2\x80\x98\x1b[01m\x1b[Kusing rclcpp::Publisher<sfm_ros2::msg::MapGraph_<std::allocator<void> > >::ConstSharedPtr = class std::shared_ptr<const rclcpp::Publisher<sfm_ros2::msg::MapGraph_<std::allocator<void> > > >&\x1b[m\x1b[K\xe2\x80\x99 {aka \xe2\x80\x98\x1b[01m\x1b[Kclass std::shared_ptr<const rclcpp::Publisher<sfm_ros2::msg::MapGraph_<std::allocator<void> > > >&\x1b[m\x1b[K\xe2\x80\x99} [\x1b[01;31m\x1b[K\x1b]8;;https://gcc.gnu.org/onlinedocs/gcc/Warning-Options.html#index-fpermissive\x07-fpermissive\x1b]8;;\x07\x1b[m\x1b[K]\n'}
[4.473210] (sfm_ros2) StderrLine: {'line': b'    4 | \x1b[01;31m\x1b[KsemanticSfm\x1b[m\x1b[K::semanticSfm(rclcpp::Node::ConstSharedPtr& node)\n'}
[4.473272] (sfm_ros2) StderrLine: {'line': b'      | \x1b[01;31m\x1b[K^~~~~~~~~~~\x1b[m\x1b[K\n'}
[4.473344] (sfm_ros2) StderrLine: {'line': b'\x1b[01m\x1b[K/home/elioowo/ros_sfm/sfm_ros2/include/sfm/sfm.h:74:65:\x1b[m\x1b[K \x1b[01;36m\x1b[Knote: \x1b[m\x1b[K\xe2\x80\x98\x1b[01m\x1b[Krclcpp::Publisher<sfm_ros2::msg::MapGraph_<std::allocator<void> > >::ConstSharedPtr& semanticSfm::sfmMapGraph_\x1b[m\x1b[K\xe2\x80\x99 should be initialized\n'}
[4.473410] (sfm_ros2) StderrLine: {'line': b'   74 |     rclcpp::Publisher<sfm_ros2::msg::MapGraph>::ConstSharedPtr& \x1b[01;36m\x1b[KsfmMapGraph_\x1b[m\x1b[K;\n'}
[4.473473] (sfm_ros2) StderrLine: {'line': b'      |                                                                 \x1b[01;36m\x1b[K^~~~~~~~~~~~\x1b[m\x1b[K\n'}
[4.476253] (sfm_ros2) StderrLine: {'line': b'\x1b[01m\x1b[K/home/elioowo/ros_sfm/sfm_ros2/src/sfm.cpp:21:71:\x1b[m\x1b[K \x1b[01;31m\x1b[Kerror: \x1b[m\x1b[Kpassing \xe2\x80\x98\x1b[01m\x1b[Kstd::__shared_ptr_access<const rclcpp::Node, __gnu_cxx::_S_atomic, false, false>::element_type\x1b[m\x1b[K\xe2\x80\x99 {aka \xe2\x80\x98\x1b[01m\x1b[Kconst rclcpp::Node\x1b[m\x1b[K\xe2\x80\x99} as \xe2\x80\x98\x1b[01m\x1b[Kthis\x1b[m\x1b[K\xe2\x80\x99 argument discards qualifiers [\x1b[01;31m\x1b[K\x1b]8;;https://gcc.gnu.org/onlinedocs/gcc/Warning-Options.html#index-fpermissive\x07-fpermissive\x1b]8;;\x07\x1b[m\x1b[K]\n'}
[4.476436] (sfm_ros2) StderrLine: {'line': b'   21 |     sfmCloud_ = \x1b[01;31m\x1b[Knode_->create_publisher<sensor_msgs::msg::PointCloud2>("sfm/cloud", 1)\x1b[m\x1b[K;\n'}
[4.476509] (sfm_ros2) StderrLine: {'line': b'      |                 \x1b[01;31m\x1b[K~~~~~~~~~~~~~~~~~~~~~~~~~~~~~~~~~~~~~~~~~~~~~~~~~~~~~~^~~~~~~~~~~~~~~~\x1b[m\x1b[K\n'}
[4.476574] (sfm_ros2) StderrLine: {'line': b'In file included from \x1b[01m\x1b[K/opt/ros/jazzy/include/rclcpp/rclcpp/node.hpp:1663\x1b[m\x1b[K,\n'}
[4.476638] (sfm_ros2) StderrLine: {'line': b'                 from \x1b[01m\x1b[K/opt/ros/jazzy/include/rclcpp/rclcpp/executors/single_threaded_executor.hpp:28\x1b[m\x1b[K,\n'}
[4.476701] (sfm_ros2) StderrLine: {'line': b'                 from \x1b[01m\x1b[K/opt/ros/jazzy/include/rclcpp/rclcpp/executors.hpp:22\x1b[m\x1b[K,\n'}
[4.476764] (sfm_ros2) StderrLine: {'line': b'                 from \x1b[01m\x1b[K/opt/ros/jazzy/include/rclcpp/rclcpp/rclcpp.hpp:172\x1b[m\x1b[K,\n'}
[4.476827] (sfm_ros2) StderrLine: {'line': b'                 from \x1b[01m\x1b[K/home/elioowo/ros_sfm/sfm_ros2/include/sfm/sfm.h:5\x1b[m\x1b[K:\n'}
[4.476890] (sfm_ros2) StderrLine: {'line': b'\x1b[01m\x1b[K/opt/ros/jazzy/include/rclcpp/rclcpp/node_impl.hpp:73:1:\x1b[m\x1b[K \x1b[01;36m\x1b[Knote: \x1b[m\x1b[K  in call to \xe2\x80\x98\x1b[01m\x1b[Kstd::shared_ptr<PublisherT> rclcpp::Node::\x1b[01;32m\x1b[Kcreate_publisher\x1b[m\x1b[K(const std::string&, const rclcpp::QoS&, const rclcpp::PublisherOptionsWithAllocator<AllocatorT>&) \x1b[35m\x1b[K[with MessageT = sensor_msgs::msg::PointCloud2_<std::allocator<void> >; AllocatorT = std::allocator<void>; PublisherT = rclcpp::Publisher<sensor_msgs::msg::PointCloud2_<std::allocator<void> > >; std::string = std::__cxx11::basic_string<char>]\x1b[m\x1b[K\x1b[m\x1b[K\xe2\x80\x99\n'}
[4.476962] (sfm_ros2) StderrLine: {'line': b'   73 | \x1b[01;36m\x1b[KNode\x1b[m\x1b[K::create_publisher(\n'}
[4.477025] (sfm_ros2) StderrLine: {'line': b'      | \x1b[01;36m\x1b[K^~~~\x1b[m\x1b[K\n'}
[4.478669] (sfm_ros2) StderrLine: {'line': b'\x1b[01m\x1b[K/home/elioowo/ros_sfm/sfm_ros2/src/sfm.cpp:22:66:\x1b[m\x1b[K \x1b[01;31m\x1b[Kerror: \x1b[m\x1b[Kpassing \xe2\x80\x98\x1b[01m\x1b[Kstd::__shared_ptr_access<const rclcpp::Node, __gnu_cxx::_S_atomic, false, false>::element_type\x1b[m\x1b[K\xe2\x80\x99 {aka \xe2\x80\x98\x1b[01m\x1b[Kconst rclcpp::Node\x1b[m\x1b[K\xe2\x80\x99} as \xe2\x80\x98\x1b[01m\x1b[Kthis\x1b[m\x1b[K\xe2\x80\x99 argument discards qualifiers [\x1b[01;31m\x1b[K\x1b]8;;https://gcc.gnu.org/onlinedocs/gcc/Warning-Options.html#index-fpermissive\x07-fpermissive\x1b]8;;\x07\x1b[m\x1b[K]\n'}
[4.478836] (sfm_ros2) StderrLine: {'line': b'   22 |     sfmTrajectory_ = \x1b[01;31m\x1b[Knode_->create_publisher<nav_msgs::msg::Path>("sfm/trajectory", 1)\x1b[m\x1b[K;\n'}
[4.478906] (sfm_ros2) StderrLine: {'line': b'      |                      \x1b[01;31m\x1b[K~~~~~~~~~~~~~~~~~~~~~~~~~~~~~~~~~~~~~~~~~~~~^~~~~~~~~~~~~~~~~~~~~\x1b[m\x1b[K\n'}
[4.478979] (sfm_ros2) StderrLine: {'line': b'\x1b[01m\x1b[K/opt/ros/jazzy/include/rclcpp/rclcpp/node_impl.hpp:73:1:\x1b[m\x1b[K \x1b[01;36m\x1b[Knote: \x1b[m\x1b[K  in call to \xe2\x80\x98\x1b[01m\x1b[Kstd::shared_ptr<PublisherT> rclcpp::Node::\x1b[01;32m\x1b[Kcreate_publisher\x1b[m\x1b[K(const std::string&, const rclcpp::QoS&, const rclcpp::PublisherOptionsWithAllocator<AllocatorT>&) \x1b[35m\x1b[K[with MessageT = nav_msgs::msg::Path_<std::allocator<void> >; AllocatorT = std::allocator<void>; PublisherT = rclcpp::Publisher<nav_msgs::msg::Path_<std::allocator<void> > >; std::string = std::__cxx11::basic_string<char>]\x1b[m\x1b[K\x1b[m\x1b[K\xe2\x80\x99\n'}
[4.479051] (sfm_ros2) StderrLine: {'line': b'   73 | \x1b[01;36m\x1b[KNode\x1b[m\x1b[K::create_publisher(\n'}
[4.479113] (sfm_ros2) StderrLine: {'line': b'      | \x1b[01;36m\x1b[K^~~~\x1b[m\x1b[K\n'}
[4.480836] (sfm_ros2) StderrLine: {'line': b'\x1b[01m\x1b[K/home/elioowo/ros_sfm/sfm_ros2/src/sfm.cpp:23:68:\x1b[m\x1b[K \x1b[01;31m\x1b[Kerror: \x1b[m\x1b[Kpassing \xe2\x80\x98\x1b[01m\x1b[Kstd::__shared_ptr_access<const rclcpp::Node, __gnu_cxx::_S_atomic, false, false>::element_type\x1b[m\x1b[K\xe2\x80\x99 {aka \xe2\x80\x98\x1b[01m\x1b[Kconst rclcpp::Node\x1b[m\x1b[K\xe2\x80\x99} as \xe2\x80\x98\x1b[01m\x1b[Kthis\x1b[m\x1b[K\xe2\x80\x99 argument discards qualifiers [\x1b[01;31m\x1b[K\x1b]8;;https://gcc.gnu.org/onlinedocs/gcc/Warning-Options.html#index-fpermissive\x07-fpermissive\x1b]8;;\x07\x1b[m\x1b[K]\n'}
[4.481011] (sfm_ros2) StderrLine: {'line': b'   23 |     sfmMapGraph_ = \x1b[01;31m\x1b[Knode_->create_publisher<sfm_ros2::msg::MapGraph>("sfm_ros2/MapGraph", 1)\x1b[m\x1b[K;\n'}
[4.481082] (sfm_ros2) StderrLine: {'line': b'      |                    \x1b[01;31m\x1b[K~~~~~~~~~~~~~~~~~~~~~~~~~~~~~~~~~~~~~~~~~~~~~~~~^~~~~~~~~~~~~~~~~~~~~~~~\x1b[m\x1b[K\n'}
[4.481145] (sfm_ros2) StderrLine: {'line': b'\x1b[01m\x1b[K/opt/ros/jazzy/include/rclcpp/rclcpp/node_impl.hpp:73:1:\x1b[m\x1b[K \x1b[01;36m\x1b[Knote: \x1b[m\x1b[K  in call to \xe2\x80\x98\x1b[01m\x1b[Kstd::shared_ptr<PublisherT> rclcpp::Node::\x1b[01;32m\x1b[Kcreate_publisher\x1b[m\x1b[K(const std::string&, const rclcpp::QoS&, const rclcpp::PublisherOptionsWithAllocator<AllocatorT>&) \x1b[35m\x1b[K[with MessageT = sfm_ros2::msg::MapGraph_<std::allocator<void> >; AllocatorT = std::allocator<void>; PublisherT = rclcpp::Publisher<sfm_ros2::msg::MapGraph_<std::allocator<void> > >; std::string = std::__cxx11::basic_string<char>]\x1b[m\x1b[K\x1b[m\x1b[K\xe2\x80\x99\n'}
[4.481211] (sfm_ros2) StderrLine: {'line': b'   73 | \x1b[01;36m\x1b[KNode\x1b[m\x1b[K::create_publisher(\n'}
[4.481272] (sfm_ros2) StderrLine: {'line': b'      | \x1b[01;36m\x1b[K^~~~\x1b[m\x1b[K\n'}
[4.482907] (sfm_ros2) StderrLine: {'line': b'\x1b[01m\x1b[K/home/elioowo/ros_sfm/sfm_ros2/src/sfm.cpp:25:34:\x1b[m\x1b[K \x1b[01;31m\x1b[Kerror: \x1b[m\x1b[Kinvalid conversion from \xe2\x80\x98\x1b[01m\x1b[Kstd::__shared_ptr<const rclcpp::Node, __gnu_cxx::_S_atomic>::element_type*\x1b[m\x1b[K\xe2\x80\x99 {aka \xe2\x80\x98\x1b[01m\x1b[Kconst rclcpp::Node*\x1b[m\x1b[K\xe2\x80\x99} to \xe2\x80\x98\x1b[01m\x1b[Krclcpp::Node*\x1b[m\x1b[K\xe2\x80\x99 [\x1b[01;31m\x1b[K\x1b]8;;https://gcc.gnu.org/onlinedocs/gcc/Warning-Options.html#index-fpermissive\x07-fpermissive\x1b]8;;\x07\x1b[m\x1b[K]\n'}
[4.483172] (sfm_ros2) StderrLine: {'line': b'   25 |     rgbImage_.subscribe(\x1b[01;31m\x1b[Knode_.get()\x1b[m\x1b[K, rgb_topic_);\n'}
[4.483247] (sfm_ros2) StderrLine: {'line': b'      |                         \x1b[01;31m\x1b[K~~~~~~~~~^~\x1b[m\x1b[K\n'}
[4.483314] (sfm_ros2) StderrLine: {'line': b'      |                                  \x1b[01;31m\x1b[K|\x1b[m\x1b[K\n'}
[4.483377] (sfm_ros2) StderrLine: {'line': b'      |                                  \x1b[01;31m\x1b[Kstd::__shared_ptr<const rclcpp::Node, __gnu_cxx::_S_atomic>::element_type* {aka const rclcpp::Node*}\x1b[m\x1b[K\n'}
[4.483440] (sfm_ros2) StderrLine: {'line': b'In file included from \x1b[01m\x1b[K/home/elioowo/ros_sfm/sfm_ros2/include/sfm/sfm.h:18\x1b[m\x1b[K:\n'}
[4.483501] (sfm_ros2) StderrLine: {'line': b'\x1b[01m\x1b[K/opt/ros/jazzy/include/message_filters/message_filters/subscriber.h:255:29:\x1b[m\x1b[K \x1b[01;36m\x1b[Knote: \x1b[m\x1b[K  initializing argument 1 of \xe2\x80\x98\x1b[01m\x1b[Kvoid message_filters::Subscriber<M, NodeType>::\x1b[01;32m\x1b[Ksubscribe\x1b[m\x1b[K(NodeType*, const std::string&, rmw_qos_profile_t) \x1b[35m\x1b[K[with M = sensor_msgs::msg::Image_<std::allocator<void> >; NodeType = rclcpp::Node; std::string = std::__cxx11::basic_string<char>; rmw_qos_profile_t = rmw_qos_profile_s]\x1b[m\x1b[K\x1b[m\x1b[K\xe2\x80\x99\n'}
[4.483566] (sfm_ros2) StderrLine: {'line': b'  255 |   void subscribe(\x1b[01;36m\x1b[KNodeType * node\x1b[m\x1b[K, const std::string& topic, const rmw_qos_profile_t qos = rmw_qos_profile_default) override\n'}
[4.483628] (sfm_ros2) StderrLine: {'line': b'      |                  \x1b[01;36m\x1b[K~~~~~~~~~~~^~~~\x1b[m\x1b[K\n'}
[4.483696] (sfm_ros2) StderrLine: {'line': b'\x1b[01m\x1b[K/home/elioowo/ros_sfm/sfm_ros2/src/sfm.cpp:26:34:\x1b[m\x1b[K \x1b[01;31m\x1b[Kerror: \x1b[m\x1b[Kinvalid conversion from \xe2\x80\x98\x1b[01m\x1b[Kstd::__shared_ptr<const rclcpp::Node, __gnu_cxx::_S_atomic>::element_type*\x1b[m\x1b[K\xe2\x80\x99 {aka \xe2\x80\x98\x1b[01m\x1b[Kconst rclcpp::Node*\x1b[m\x1b[K\xe2\x80\x99} to \xe2\x80\x98\x1b[01m\x1b[Krclcpp::Node*\x1b[m\x1b[K\xe2\x80\x99 [\x1b[01;31m\x1b[K\x1b]8;;https://gcc.gnu.org/onlinedocs/gcc/Warning-Options.html#index-fpermissive\x07-fpermissive\x1b]8;;\x07\x1b[m\x1b[K]\n'}
[4.483769] (sfm_ros2) StderrLine: {'line': b'   26 |     depthMap_.subscribe(\x1b[01;31m\x1b[Knode_.get()\x1b[m\x1b[K, depth_topic_);\n'}
[4.483833] (sfm_ros2) StderrLine: {'line': b'      |                         \x1b[01;31m\x1b[K~~~~~~~~~^~\x1b[m\x1b[K\n'}
[4.483894] (sfm_ros2) StderrLine: {'line': b'      |                                  \x1b[01;31m\x1b[K|\x1b[m\x1b[K\n'}
[4.483954] (sfm_ros2) StderrLine: {'line': b'      |                                  \x1b[01;31m\x1b[Kstd::__shared_ptr<const rclcpp::Node, __gnu_cxx::_S_atomic>::element_type* {aka const rclcpp::Node*}\x1b[m\x1b[K\n'}
[4.484015] (sfm_ros2) StderrLine: {'line': b'\x1b[01m\x1b[K/opt/ros/jazzy/include/message_filters/message_filters/subscriber.h:255:29:\x1b[m\x1b[K \x1b[01;36m\x1b[Knote: \x1b[m\x1b[K  initializing argument 1 of \xe2\x80\x98\x1b[01m\x1b[Kvoid message_filters::Subscriber<M, NodeType>::\x1b[01;32m\x1b[Ksubscribe\x1b[m\x1b[K(NodeType*, const std::string&, rmw_qos_profile_t) \x1b[35m\x1b[K[with M = sensor_msgs::msg::Image_<std::allocator<void> >; NodeType = rclcpp::Node; std::string = std::__cxx11::basic_string<char>; rmw_qos_profile_t = rmw_qos_profile_s]\x1b[m\x1b[K\x1b[m\x1b[K\xe2\x80\x99\n'}
[4.484078] (sfm_ros2) StderrLine: {'line': b'  255 |   void subscribe(\x1b[01;36m\x1b[KNodeType * node\x1b[m\x1b[K, const std::string& topic, const rmw_qos_profile_t qos = rmw_qos_profile_default) override\n'}
[4.484138] (sfm_ros2) StderrLine: {'line': b'      |                  \x1b[01;36m\x1b[K~~~~~~~~~~~^~~~\x1b[m\x1b[K\n'}
[4.484202] (sfm_ros2) StderrLine: {'line': b'\x1b[01m\x1b[K/home/elioowo/ros_sfm/sfm_ros2/src/sfm.cpp:27:42:\x1b[m\x1b[K \x1b[01;31m\x1b[Kerror: \x1b[m\x1b[Kinvalid conversion from \xe2\x80\x98\x1b[01m\x1b[Kstd::__shared_ptr<const rclcpp::Node, __gnu_cxx::_S_atomic>::element_type*\x1b[m\x1b[K\xe2\x80\x99 {aka \xe2\x80\x98\x1b[01m\x1b[Kconst rclcpp::Node*\x1b[m\x1b[K\xe2\x80\x99} to \xe2\x80\x98\x1b[01m\x1b[Krclcpp::Node*\x1b[m\x1b[K\xe2\x80\x99 [\x1b[01;31m\x1b[K\x1b]8;;https://gcc.gnu.org/onlinedocs/gcc/Warning-Options.html#index-fpermissive\x07-fpermissive\x1b]8;;\x07\x1b[m\x1b[K]\n'}
[4.484267] (sfm_ros2) StderrLine: {'line': b'   27 |     cameraIntrensics_.subscribe(\x1b[01;31m\x1b[Knode_.get()\x1b[m\x1b[K, intrensics_topic_);\n'}
[4.484327] (sfm_ros2) StderrLine: {'line': b'      |                                 \x1b[01;31m\x1b[K~~~~~~~~~^~\x1b[m\x1b[K\n'}
[4.484388] (sfm_ros2) StderrLine: {'line': b'      |                                          \x1b[01;31m\x1b[K|\x1b[m\x1b[K\n'}
[4.484448] (sfm_ros2) StderrLine: {'line': b'      |                                          \x1b[01;31m\x1b[Kstd::__shared_ptr<const rclcpp::Node, __gnu_cxx::_S_atomic>::element_type* {aka const rclcpp::Node*}\x1b[m\x1b[K\n'}
[4.484509] (sfm_ros2) StderrLine: {'line': b'\x1b[01m\x1b[K/opt/ros/jazzy/include/message_filters/message_filters/subscriber.h:255:29:\x1b[m\x1b[K \x1b[01;36m\x1b[Knote: \x1b[m\x1b[K  initializing argument 1 of \xe2\x80\x98\x1b[01m\x1b[Kvoid message_filters::Subscriber<M, NodeType>::\x1b[01;32m\x1b[Ksubscribe\x1b[m\x1b[K(NodeType*, const std::string&, rmw_qos_profile_t) \x1b[35m\x1b[K[with M = sensor_msgs::msg::CameraInfo_<std::allocator<void> >; NodeType = rclcpp::Node; std::string = std::__cxx11::basic_string<char>; rmw_qos_profile_t = rmw_qos_profile_s]\x1b[m\x1b[K\x1b[m\x1b[K\xe2\x80\x99\n'}
[4.484571] (sfm_ros2) StderrLine: {'line': b'  255 |   void subscribe(\x1b[01;36m\x1b[KNodeType * node\x1b[m\x1b[K, const std::string& topic, const rmw_qos_profile_t qos = rmw_qos_profile_default) override\n'}
[4.484638] (sfm_ros2) StderrLine: {'line': b'      |                  \x1b[01;36m\x1b[K~~~~~~~~~~~^~~~\x1b[m\x1b[K\n'}
[4.484699] (sfm_ros2) StderrLine: {'line': b'\x1b[01m\x1b[K/home/elioowo/ros_sfm/sfm_ros2/src/sfm.cpp:28:42:\x1b[m\x1b[K \x1b[01;31m\x1b[Kerror: \x1b[m\x1b[Kinvalid conversion from \xe2\x80\x98\x1b[01m\x1b[Kstd::__shared_ptr<const rclcpp::Node, __gnu_cxx::_S_atomic>::element_type*\x1b[m\x1b[K\xe2\x80\x99 {aka \xe2\x80\x98\x1b[01m\x1b[Kconst rclcpp::Node*\x1b[m\x1b[K\xe2\x80\x99} to \xe2\x80\x98\x1b[01m\x1b[Krclcpp::Node*\x1b[m\x1b[K\xe2\x80\x99 [\x1b[01;31m\x1b[K\x1b]8;;https://gcc.gnu.org/onlinedocs/gcc/Warning-Options.html#index-fpermissive\x07-fpermissive\x1b]8;;\x07\x1b[m\x1b[K]\n'}
[4.484762] (sfm_ros2) StderrLine: {'line': b'   28 |     cameraExtrensics_.subscribe(\x1b[01;31m\x1b[Knode_.get()\x1b[m\x1b[K, extrensics_topic_);\n'}
[4.484822] (sfm_ros2) StderrLine: {'line': b'      |                                 \x1b[01;31m\x1b[K~~~~~~~~~^~\x1b[m\x1b[K\n'}
[4.484882] (sfm_ros2) StderrLine: {'line': b'      |                                          \x1b[01;31m\x1b[K|\x1b[m\x1b[K\n'}
[4.484942] (sfm_ros2) StderrLine: {'line': b'      |                                          \x1b[01;31m\x1b[Kstd::__shared_ptr<const rclcpp::Node, __gnu_cxx::_S_atomic>::element_type* {aka const rclcpp::Node*}\x1b[m\x1b[K\n'}
[4.485003] (sfm_ros2) StderrLine: {'line': b'\x1b[01m\x1b[K/opt/ros/jazzy/include/message_filters/message_filters/subscriber.h:255:29:\x1b[m\x1b[K \x1b[01;36m\x1b[Knote: \x1b[m\x1b[K  initializing argument 1 of \xe2\x80\x98\x1b[01m\x1b[Kvoid message_filters::Subscriber<M, NodeType>::\x1b[01;32m\x1b[Ksubscribe\x1b[m\x1b[K(NodeType*, const std::string&, rmw_qos_profile_t) \x1b[35m\x1b[K[with M = nav_msgs::msg::Odometry_<std::allocator<void> >; NodeType = rclcpp::Node; std::string = std::__cxx11::basic_string<char>; rmw_qos_profile_t = rmw_qos_profile_s]\x1b[m\x1b[K\x1b[m\x1b[K\xe2\x80\x99\n'}
[4.485065] (sfm_ros2) StderrLine: {'line': b'  255 |   void subscribe(\x1b[01;36m\x1b[KNodeType * node\x1b[m\x1b[K, const std::string& topic, const rmw_qos_profile_t qos = rmw_qos_profile_default) override\n'}
[4.485125] (sfm_ros2) StderrLine: {'line': b'      |                  \x1b[01;36m\x1b[K~~~~~~~~~~~^~~~\x1b[m\x1b[K\n'}
[4.515677] (-) TimerEvent: {}
[4.583871] (sfm_ros2) StderrLine: {'line': b'\x1b[01m\x1b[K/home/elioowo/ros_sfm/sfm_ros2/src/sfm.cpp:\x1b[m\x1b[K In member function \xe2\x80\x98\x1b[01m\x1b[Kvoid semanticSfm::\x1b[01;32m\x1b[KsfmCallBack_\x1b[m\x1b[K(const sensor_msgs::msg::Image_<std::allocator<void> >::ConstSharedPtr&, const sensor_msgs::msg::Image_<std::allocator<void> >::ConstSharedPtr&, const sensor_msgs::msg::CameraInfo_<std::allocator<void> >::ConstSharedPtr&, const nav_msgs::msg::Odometry_<std::allocator<void> >::ConstSharedPtr&)\x1b[m\x1b[K\xe2\x80\x99:\n'}
[4.584065] (sfm_ros2) StderrLine: {'line': b'\x1b[01m\x1b[K/home/elioowo/ros_sfm/sfm_ros2/src/sfm.cpp:206:29:\x1b[m\x1b[K \x1b[01;31m\x1b[Kerror: \x1b[m\x1b[Kno matching function for call to \xe2\x80\x98\x1b[01m\x1b[Krclcpp::Publisher<sensor_msgs::msg::PointCloud2_<std::allocator<void> > >::publish(sensor_msgs::msg::PointCloud2&) const\x1b[m\x1b[K\xe2\x80\x99\n'}
[4.584239] (sfm_ros2) StderrLine: {'line': b'  206 |     \x1b[01;31m\x1b[Kthis->sfmCloud_->publish(finalCloud)\x1b[m\x1b[K;\n'}
[4.584325] (sfm_ros2) StderrLine: {'line': b'      |     \x1b[01;31m\x1b[K~~~~~~~~~~~~~~~~~~~~~~~~^~~~~~~~~~~~\x1b[m\x1b[K\n'}
[4.584622] (sfm_ros2) StderrLine: {'line': b'In file included from \x1b[01m\x1b[K/opt/ros/jazzy/include/rclcpp/rclcpp/topic_statistics/subscription_topic_statistics.hpp:31\x1b[m\x1b[K,\n'}
[4.584700] (sfm_ros2) StderrLine: {'line': b'                 from \x1b[01m\x1b[K/opt/ros/jazzy/include/rclcpp/rclcpp/subscription.hpp:50\x1b[m\x1b[K,\n'}
[4.584767] (sfm_ros2) StderrLine: {'line': b'                 from \x1b[01m\x1b[K/opt/ros/jazzy/include/rclcpp/rclcpp/any_executable.hpp:25\x1b[m\x1b[K,\n'}
[4.584844] (sfm_ros2) StderrLine: {'line': b'                 from \x1b[01m\x1b[K/opt/ros/jazzy/include/rclcpp/rclcpp/memory_strategy.hpp:25\x1b[m\x1b[K,\n'}
[4.584910] (sfm_ros2) StderrLine: {'line': b'                 from \x1b[01m\x1b[K/opt/ros/jazzy/include/rclcpp/rclcpp/memory_strategies.hpp:18\x1b[m\x1b[K,\n'}
[4.585062] (sfm_ros2) StderrLine: {'line': b'                 from \x1b[01m\x1b[K/opt/ros/jazzy/include/rclcpp/rclcpp/executor_options.hpp:22\x1b[m\x1b[K,\n'}
[4.585128] (sfm_ros2) StderrLine: {'line': b'                 from \x1b[01m\x1b[K/opt/ros/jazzy/include/rclcpp/rclcpp/executor.hpp:38\x1b[m\x1b[K,\n'}
[4.585190] (sfm_ros2) StderrLine: {'line': b'                 from \x1b[01m\x1b[K/opt/ros/jazzy/include/rclcpp/rclcpp/executors/multi_threaded_executor.hpp:25\x1b[m\x1b[K,\n'}
[4.585252] (sfm_ros2) StderrLine: {'line': b'                 from \x1b[01m\x1b[K/opt/ros/jazzy/include/rclcpp/rclcpp/executors.hpp:21\x1b[m\x1b[K:\n'}
[4.585314] (sfm_ros2) StderrLine: {'line': b'\x1b[01m\x1b[K/opt/ros/jazzy/include/rclcpp/rclcpp/publisher.hpp:414:3:\x1b[m\x1b[K \x1b[01;36m\x1b[Knote: \x1b[m\x1b[Kcandidate: \xe2\x80\x98\x1b[01m\x1b[Kvoid rclcpp::Publisher<MessageT, AllocatorT>::\x1b[01;32m\x1b[Kpublish\x1b[m\x1b[K(rclcpp::LoanedMessage<typename rclcpp::TypeAdapter<MessageT>::ros_message_type, AllocatorT>&&) \x1b[35m\x1b[K[with MessageT = sensor_msgs::msg::PointCloud2_<std::allocator<void> >; AllocatorT = std::allocator<void>; typename rclcpp::TypeAdapter<MessageT>::ros_message_type = sensor_msgs::msg::PointCloud2_<std::allocator<void> >]\x1b[m\x1b[K\x1b[m\x1b[K\xe2\x80\x99\n'}
[4.585389] (sfm_ros2) StderrLine: {'line': b'  414 |   \x1b[01;36m\x1b[Kpublish\x1b[m\x1b[K(rclcpp::LoanedMessage<ROSMessageType, AllocatorT> && loaned_msg)\n'}
[4.585452] (sfm_ros2) StderrLine: {'line': b'      |   \x1b[01;36m\x1b[K^~~~~~~\x1b[m\x1b[K\n'}
[4.585514] (sfm_ros2) StderrLine: {'line': b'\x1b[01m\x1b[K/opt/ros/jazzy/include/rclcpp/rclcpp/publisher.hpp:414:64:\x1b[m\x1b[K \x1b[01;36m\x1b[Knote: \x1b[m\x1b[K  no known conversion for argument 1 from \xe2\x80\x98\x1b[01m\x1b[Ksensor_msgs::msg::PointCloud2\x1b[m\x1b[K\xe2\x80\x99 {aka \xe2\x80\x98\x1b[01m\x1b[Ksensor_msgs::msg::PointCloud2_<std::allocator<void> >\x1b[m\x1b[K\xe2\x80\x99} to \xe2\x80\x98\x1b[01m\x1b[Krclcpp::LoanedMessage<sensor_msgs::msg::PointCloud2_<std::allocator<void> >, std::allocator<void> >&&\x1b[m\x1b[K\xe2\x80\x99\n'}
[4.585585] (sfm_ros2) StderrLine: {'line': b'  414 |   publish(\x1b[01;36m\x1b[Krclcpp::LoanedMessage<ROSMessageType, AllocatorT> && loaned_msg\x1b[m\x1b[K)\n'}
[4.585647] (sfm_ros2) StderrLine: {'line': b'      |           \x1b[01;36m\x1b[K~~~~~~~~~~~~~~~~~~~~~~~~~~~~~~~~~~~~~~~~~~~~~~~~~~~~~^~~~~~~~~~\x1b[m\x1b[K\n'}
[4.585710] (sfm_ros2) StderrLine: {'line': b'\x1b[01m\x1b[K/opt/ros/jazzy/include/rclcpp/rclcpp/publisher.hpp:400:3:\x1b[m\x1b[K \x1b[01;36m\x1b[Knote: \x1b[m\x1b[Kcandidate: \xe2\x80\x98\x1b[01m\x1b[Kvoid rclcpp::Publisher<MessageT, AllocatorT>::\x1b[01;32m\x1b[Kpublish\x1b[m\x1b[K(const rclcpp::SerializedMessage&) \x1b[35m\x1b[K[with MessageT = sensor_msgs::msg::PointCloud2_<std::allocator<void> >; AllocatorT = std::allocator<void>]\x1b[m\x1b[K\x1b[m\x1b[K\xe2\x80\x99\n'}
[4.585774] (sfm_ros2) StderrLine: {'line': b'  400 |   \x1b[01;36m\x1b[Kpublish\x1b[m\x1b[K(const SerializedMessage & serialized_msg)\n'}
[4.585836] (sfm_ros2) StderrLine: {'line': b'      |   \x1b[01;36m\x1b[K^~~~~~~\x1b[m\x1b[K\n'}
[4.585897] (sfm_ros2) StderrLine: {'line': b'\x1b[01m\x1b[K/opt/ros/jazzy/include/rclcpp/rclcpp/publisher.hpp:400:37:\x1b[m\x1b[K \x1b[01;36m\x1b[Knote: \x1b[m\x1b[K  no known conversion for argument 1 from \xe2\x80\x98\x1b[01m\x1b[Ksensor_msgs::msg::PointCloud2\x1b[m\x1b[K\xe2\x80\x99 {aka \xe2\x80\x98\x1b[01m\x1b[Ksensor_msgs::msg::PointCloud2_<std::allocator<void> >\x1b[m\x1b[K\xe2\x80\x99} to \xe2\x80\x98\x1b[01m\x1b[Kconst rclcpp::SerializedMessage&\x1b[m\x1b[K\xe2\x80\x99\n'}
[4.585961] (sfm_ros2) StderrLine: {'line': b'  400 |   publish(\x1b[01;36m\x1b[Kconst SerializedMessage & serialized_msg\x1b[m\x1b[K)\n'}
[4.586025] (sfm_ros2) StderrLine: {'line': b'      |           \x1b[01;36m\x1b[K~~~~~~~~~~~~~~~~~~~~~~~~~~^~~~~~~~~~~~~~\x1b[m\x1b[K\n'}
[4.586091] (sfm_ros2) StderrLine: {'line': b'\x1b[01m\x1b[K/opt/ros/jazzy/include/rclcpp/rclcpp/publisher.hpp:394:3:\x1b[m\x1b[K \x1b[01;36m\x1b[Knote: \x1b[m\x1b[Kcandidate: \xe2\x80\x98\x1b[01m\x1b[Kvoid rclcpp::Publisher<MessageT, AllocatorT>::\x1b[01;32m\x1b[Kpublish\x1b[m\x1b[K(const rcl_serialized_message_t&) \x1b[35m\x1b[K[with MessageT = sensor_msgs::msg::PointCloud2_<std::allocator<void> >; AllocatorT = std::allocator<void>; rcl_serialized_message_t = rcutils_uint8_array_s]\x1b[m\x1b[K\x1b[m\x1b[K\xe2\x80\x99\n'}
[4.586154] (sfm_ros2) StderrLine: {'line': b'  394 |   \x1b[01;36m\x1b[Kpublish\x1b[m\x1b[K(const rcl_serialized_message_t & serialized_msg)\n'}
[4.586215] (sfm_ros2) StderrLine: {'line': b'      |   \x1b[01;36m\x1b[K^~~~~~~\x1b[m\x1b[K\n'}
[4.586276] (sfm_ros2) StderrLine: {'line': b'\x1b[01m\x1b[K/opt/ros/jazzy/include/rclcpp/rclcpp/publisher.hpp:394:44:\x1b[m\x1b[K \x1b[01;36m\x1b[Knote: \x1b[m\x1b[K  no known conversion for argument 1 from \xe2\x80\x98\x1b[01m\x1b[Ksensor_msgs::msg::PointCloud2\x1b[m\x1b[K\xe2\x80\x99 {aka \xe2\x80\x98\x1b[01m\x1b[Ksensor_msgs::msg::PointCloud2_<std::allocator<void> >\x1b[m\x1b[K\xe2\x80\x99} to \xe2\x80\x98\x1b[01m\x1b[Kconst rcl_serialized_message_t&\x1b[m\x1b[K\xe2\x80\x99 {aka \xe2\x80\x98\x1b[01m\x1b[Kconst rcutils_uint8_array_s&\x1b[m\x1b[K\xe2\x80\x99}\n'}
[4.586341] (sfm_ros2) StderrLine: {'line': b'  394 |   publish(\x1b[01;36m\x1b[Kconst rcl_serialized_message_t & serialized_msg\x1b[m\x1b[K)\n'}
[4.586403] (sfm_ros2) StderrLine: {'line': b'      |           \x1b[01;36m\x1b[K~~~~~~~~~~~~~~~~~~~~~~~~~~~~~~~~~^~~~~~~~~~~~~~\x1b[m\x1b[K\n'}
[4.586464] (sfm_ros2) StderrLine: {'line': b'\x1b[01m\x1b[K/opt/ros/jazzy/include/rclcpp/rclcpp/publisher.hpp:376:3:\x1b[m\x1b[K \x1b[01;36m\x1b[Knote: \x1b[m\x1b[Kcandidate: \xe2\x80\x98\x1b[01m\x1b[Ktemplate<class T> std::enable_if_t<(typename rclcpp::TypeAdapter<MessageT>::is_specialized::value && std::is_same<T, typename rclcpp::TypeAdapter<MessageT>::custom_type>::value)> rclcpp::Publisher<MessageT, AllocatorT>::\x1b[01;32m\x1b[Kpublish\x1b[m\x1b[K(const T&) \x1b[35m\x1b[K[with MessageT = sensor_msgs::msg::PointCloud2_<std::allocator<void> >; AllocatorT = std::allocator<void>]\x1b[m\x1b[K\x1b[m\x1b[K\xe2\x80\x99\n'}
[4.586536] (sfm_ros2) StderrLine: {'line': b'  376 |   \x1b[01;36m\x1b[Kpublish\x1b[m\x1b[K(const T & msg)\n'}
[4.586598] (sfm_ros2) StderrLine: {'line': b'      |   \x1b[01;36m\x1b[K^~~~~~~\x1b[m\x1b[K\n'}
[4.586660] (sfm_ros2) StderrLine: {'line': b'\x1b[01m\x1b[K/opt/ros/jazzy/include/rclcpp/rclcpp/publisher.hpp:376:3:\x1b[m\x1b[K \x1b[01;36m\x1b[Knote: \x1b[m\x1b[K  template argument deduction/substitution failed:\n'}
[4.586722] (sfm_ros2) StderrLine: {'line': b'In file included from \x1b[01m\x1b[K/usr/include/c++/13/bits/move.h:37\x1b[m\x1b[K,\n'}
[4.586784] (sfm_ros2) StderrLine: {'line': b'                 from \x1b[01m\x1b[K/usr/include/c++/13/bits/new_allocator.h:36\x1b[m\x1b[K,\n'}
[4.586845] (sfm_ros2) StderrLine: {'line': b'                 from \x1b[01m\x1b[K/usr/include/x86_64-linux-gnu/c++/13/bits/c++allocator.h:33\x1b[m\x1b[K,\n'}
[4.586907] (sfm_ros2) StderrLine: {'line': b'                 from \x1b[01m\x1b[K/usr/include/c++/13/bits/allocator.h:46\x1b[m\x1b[K,\n'}
[4.586969] (sfm_ros2) StderrLine: {'line': b'                 from \x1b[01m\x1b[K/usr/include/c++/13/memory:65\x1b[m\x1b[K,\n'}
[4.587030] (sfm_ros2) StderrLine: {'line': b'                 from \x1b[01m\x1b[K/opt/ros/jazzy/include/rclcpp/rclcpp/rclcpp.hpp:169\x1b[m\x1b[K:\n'}
[4.587091] (sfm_ros2) StderrLine: {'line': b'/usr/include/c++/13/type_traits: In substitution of \xe2\x80\x98\x1b[01m\x1b[Ktemplate<bool _Cond, class _Tp> using std::enable_if_t = typename std::enable_if::type \x1b[35m\x1b[K[with bool _Cond = false; _Tp = void]\x1b[m\x1b[K\x1b[m\x1b[K\xe2\x80\x99:\n'}
[4.587154] (sfm_ros2) StderrLine: {'line': b'\x1b[01m\x1b[K/opt/ros/jazzy/include/rclcpp/rclcpp/publisher.hpp:376:3:\x1b[m\x1b[K   required by substitution of \xe2\x80\x98\x1b[01m\x1b[Ktemplate<class T> std::enable_if_t<(std::integral_constant<bool, false>::value && std::is_same<T, sensor_msgs::msg::PointCloud2_<std::allocator<void> > >::value), void> rclcpp::Publisher<sensor_msgs::msg::PointCloud2_<std::allocator<void> > >::\x1b[01;32m\x1b[Kpublish\x1b[m\x1b[K(const T&) \x1b[35m\x1b[K[with T = sensor_msgs::msg::PointCloud2_<std::allocator<void> >]\x1b[m\x1b[K\x1b[m\x1b[K\xe2\x80\x99\n'}
[4.587438] (sfm_ros2) StderrLine: {'line': b'\x1b[01m\x1b[K/home/elioowo/ros_sfm/sfm_ros2/src/sfm.cpp:206:29:\x1b[m\x1b[K   required from here\n'}
[4.587499] (sfm_ros2) StderrLine: {'line': b'\x1b[01m\x1b[K/usr/include/c++/13/type_traits:2610:11:\x1b[m\x1b[K \x1b[01;31m\x1b[Kerror: \x1b[m\x1b[Kno type named \xe2\x80\x98\x1b[01m\x1b[Ktype\x1b[m\x1b[K\xe2\x80\x99 in \xe2\x80\x98\x1b[01m\x1b[Kstruct std::enable_if<false, void>\x1b[m\x1b[K\xe2\x80\x99\n'}
[4.587563] (sfm_ros2) StderrLine: {'line': b' 2610 |     using \x1b[01;31m\x1b[Kenable_if_t\x1b[m\x1b[K = typename enable_if<_Cond, _Tp>::type;\n'}
[4.587624] (sfm_ros2) StderrLine: {'line': b'      |           \x1b[01;31m\x1b[K^~~~~~~~~~~\x1b[m\x1b[K\n'}
[4.587684] (sfm_ros2) StderrLine: {'line': b'\x1b[01m\x1b[K/opt/ros/jazzy/include/rclcpp/rclcpp/publisher.hpp:326:3:\x1b[m\x1b[K \x1b[01;36m\x1b[Knote: \x1b[m\x1b[Kcandidate: \xe2\x80\x98\x1b[01m\x1b[Ktemplate<class T> std::enable_if_t<(typename rclcpp::TypeAdapter<MessageT>::is_specialized::value && std::is_same<T, typename rclcpp::TypeAdapter<MessageT>::custom_type>::value)> rclcpp::Publisher<MessageT, AllocatorT>::\x1b[01;32m\x1b[Kpublish\x1b[m\x1b[K(std::unique_ptr<T, typename std::conditional<std::is_same<typename std::allocator_traits<typename std::allocator_traits<_Allocator>::rebind_traits<typename rclcpp::TypeAdapter<MessageT, void, void>::custom_type>::allocator_type>::rebind_alloc<typename rclcpp::TypeAdapter<MessageT, void, void>::custom_type>, std::allocator<typename rclcpp::TypeAdapter<MessageT>::custom_type> >::value, std::default_delete<typename rclcpp::TypeAdapter<MessageT>::custom_type>, rclcpp::allocator::AllocatorDeleter<typename std::allocator_traits<_Allocator>::rebind_traits<typename rclcpp::TypeAdapter<MessageT, void, void>::custom_type>::allocator_type> >::type>) \x1b[35m\x1b[K[with MessageT = sensor_msgs::msg::PointCloud2_<std::allocator<void> >; AllocatorT = std::allocator<void>]\x1b[m\x1b[K\x1b[m\x1b[K\xe2\x80\x99\n'}
[4.587757] (sfm_ros2) StderrLine: {'line': b'  326 |   \x1b[01;36m\x1b[Kpublish\x1b[m\x1b[K(std::unique_ptr<T, PublishedTypeDeleter> msg)\n'}
[4.587817] (sfm_ros2) StderrLine: {'line': b'      |   \x1b[01;36m\x1b[K^~~~~~~\x1b[m\x1b[K\n'}
[4.587877] (sfm_ros2) StderrLine: {'line': b'\x1b[01m\x1b[K/opt/ros/jazzy/include/rclcpp/rclcpp/publisher.hpp:326:3:\x1b[m\x1b[K \x1b[01;36m\x1b[Knote: \x1b[m\x1b[K  template argument deduction/substitution failed:\n'}
[4.587937] (sfm_ros2) StderrLine: {'line': b'\x1b[01m\x1b[K/home/elioowo/ros_sfm/sfm_ros2/src/sfm.cpp:206:29:\x1b[m\x1b[K \x1b[01;36m\x1b[Knote: \x1b[m\x1b[K  \xe2\x80\x98\x1b[01m\x1b[Ksensor_msgs::msg::PointCloud2_<std::allocator<void> >\x1b[m\x1b[K\xe2\x80\x99 is not derived from \xe2\x80\x98\x1b[01m\x1b[Kstd::unique_ptr<T, std::default_delete<sensor_msgs::msg::PointCloud2_<std::allocator<void> > > >\x1b[m\x1b[K\xe2\x80\x99\n'}
[4.587999] (sfm_ros2) StderrLine: {'line': b'  206 |     \x1b[01;36m\x1b[Kthis->sfmCloud_->publish(finalCloud)\x1b[m\x1b[K;\n'}
[4.588059] (sfm_ros2) StderrLine: {'line': b'      |     \x1b[01;36m\x1b[K~~~~~~~~~~~~~~~~~~~~~~~~^~~~~~~~~~~~\x1b[m\x1b[K\n'}
[4.588120] (sfm_ros2) StderrLine: {'line': b'\x1b[01m\x1b[K/opt/ros/jazzy/include/rclcpp/rclcpp/publisher.hpp:296:3:\x1b[m\x1b[K \x1b[01;36m\x1b[Knote: \x1b[m\x1b[Kcandidate: \xe2\x80\x98\x1b[01m\x1b[Kstd::enable_if_t<(rosidl_generator_traits::is_message<T>::value && std::is_same<T, typename rclcpp::TypeAdapter<MessageT>::ros_message_type>::value)> rclcpp::Publisher<MessageT, AllocatorT>::\x1b[01;32m\x1b[Kpublish\x1b[m\x1b[K(const T&) \x1b[35m\x1b[K[with T = sensor_msgs::msg::PointCloud2_<std::allocator<void> >; MessageT = sensor_msgs::msg::PointCloud2_<std::allocator<void> >; AllocatorT = std::allocator<void>; std::enable_if_t<(rosidl_generator_traits::is_message<T>::value && std::is_same<T, typename rclcpp::TypeAdapter<MessageT>::ros_message_type>::value)> = void; typename rclcpp::TypeAdapter<MessageT>::ros_message_type = sensor_msgs::msg::PointCloud2_<std::allocator<void> >]\x1b[m\x1b[K\x1b[m\x1b[K\xe2\x80\x99 (near match)\n'}
[4.588193] (sfm_ros2) StderrLine: {'line': b'  296 |   \x1b[01;36m\x1b[Kpublish\x1b[m\x1b[K(const T & msg)\n'}
[4.588258] (sfm_ros2) StderrLine: {'line': b'      |   \x1b[01;36m\x1b[K^~~~~~~\x1b[m\x1b[K\n'}
[4.588317] (sfm_ros2) StderrLine: {'line': b'\x1b[01m\x1b[K/opt/ros/jazzy/include/rclcpp/rclcpp/publisher.hpp:296:3:\x1b[m\x1b[K \x1b[01;36m\x1b[Knote: \x1b[m\x1b[K  passing \xe2\x80\x98\x1b[01m\x1b[Kstd::__shared_ptr_access<const rclcpp::Publisher<sensor_msgs::msg::PointCloud2_<std::allocator<void> > >, __gnu_cxx::_S_atomic, false, false>::element_type*\x1b[m\x1b[K\xe2\x80\x99 {aka \xe2\x80\x98\x1b[01m\x1b[Kconst rclcpp::Publisher<sensor_msgs::msg::PointCloud2_<std::allocator<void> > >*\x1b[m\x1b[K\xe2\x80\x99} as \xe2\x80\x98\x1b[01m\x1b[Kthis\x1b[m\x1b[K\xe2\x80\x99 argument discards qualifiers\n'}
[4.588380] (sfm_ros2) StderrLine: {'line': b'\x1b[01m\x1b[K/opt/ros/jazzy/include/rclcpp/rclcpp/publisher.hpp:242:3:\x1b[m\x1b[K \x1b[01;36m\x1b[Knote: \x1b[m\x1b[Kcandidate: \xe2\x80\x98\x1b[01m\x1b[Ktemplate<class T> std::enable_if_t<(rosidl_generator_traits::is_message<T>::value && std::is_same<T, typename rclcpp::TypeAdapter<MessageT>::ros_message_type>::value)> rclcpp::Publisher<MessageT, AllocatorT>::\x1b[01;32m\x1b[Kpublish\x1b[m\x1b[K(std::unique_ptr<T, typename std::conditional<std::is_same<typename std::allocator_traits<typename std::allocator_traits<_Allocator>::rebind_traits<typename rclcpp::TypeAdapter<MessageT, void, void>::ros_message_type>::allocator_type>::rebind_alloc<typename rclcpp::TypeAdapter<MessageT, void, void>::ros_message_type>, std::allocator<typename rclcpp::TypeAdapter<MessageT>::ros_message_type> >::value, std::default_delete<typename rclcpp::TypeAdapter<MessageT>::ros_message_type>, rclcpp::allocator::AllocatorDeleter<typename std::allocator_traits<_Allocator>::rebind_traits<typename rclcpp::TypeAdapter<MessageT, void, void>::ros_message_type>::allocator_type> >::type>) \x1b[35m\x1b[K[with MessageT = sensor_msgs::msg::PointCloud2_<std::allocator<void> >; AllocatorT = std::allocator<void>]\x1b[m\x1b[K\x1b[m\x1b[K\xe2\x80\x99\n'}
[4.588451] (sfm_ros2) StderrLine: {'line': b'  242 |   \x1b[01;36m\x1b[Kpublish\x1b[m\x1b[K(std::unique_ptr<T, ROSMessageTypeDeleter> msg)\n'}
[4.588514] (sfm_ros2) StderrLine: {'line': b'      |   \x1b[01;36m\x1b[K^~~~~~~\x1b[m\x1b[K\n'}
[4.588574] (sfm_ros2) StderrLine: {'line': b'\x1b[01m\x1b[K/opt/ros/jazzy/include/rclcpp/rclcpp/publisher.hpp:242:3:\x1b[m\x1b[K \x1b[01;36m\x1b[Knote: \x1b[m\x1b[K  template argument deduction/substitution failed:\n'}
[4.588633] (sfm_ros2) StderrLine: {'line': b'\x1b[01m\x1b[K/home/elioowo/ros_sfm/sfm_ros2/src/sfm.cpp:206:29:\x1b[m\x1b[K \x1b[01;36m\x1b[Knote: \x1b[m\x1b[K  \xe2\x80\x98\x1b[01m\x1b[Ksensor_msgs::msg::PointCloud2_<std::allocator<void> >\x1b[m\x1b[K\xe2\x80\x99 is not derived from \xe2\x80\x98\x1b[01m\x1b[Kstd::unique_ptr<T, std::default_delete<sensor_msgs::msg::PointCloud2_<std::allocator<void> > > >\x1b[m\x1b[K\xe2\x80\x99\n'}
[4.588695] (sfm_ros2) StderrLine: {'line': b'  206 |     \x1b[01;36m\x1b[Kthis->sfmCloud_->publish(finalCloud)\x1b[m\x1b[K;\n'}
[4.588754] (sfm_ros2) StderrLine: {'line': b'      |     \x1b[01;36m\x1b[K~~~~~~~~~~~~~~~~~~~~~~~~^~~~~~~~~~~~\x1b[m\x1b[K\n'}
[4.588813] (sfm_ros2) StderrLine: {'line': b'\x1b[01m\x1b[K/home/elioowo/ros_sfm/sfm_ros2/src/sfm.cpp:211:34:\x1b[m\x1b[K \x1b[01;31m\x1b[Kerror: \x1b[m\x1b[Kno matching function for call to \xe2\x80\x98\x1b[01m\x1b[Krclcpp::Publisher<nav_msgs::msg::Path_<std::allocator<void> > >::publish(nav_msgs::msg::Path&) const\x1b[m\x1b[K\xe2\x80\x99\n'}
[4.588874] (sfm_ros2) StderrLine: {'line': b'  211 |     \x1b[01;31m\x1b[Kthis->sfmTrajectory_->publish(trajectory)\x1b[m\x1b[K;\n'}
[4.588936] (sfm_ros2) StderrLine: {'line': b'      |     \x1b[01;31m\x1b[K~~~~~~~~~~~~~~~~~~~~~~~~~~~~~^~~~~~~~~~~~\x1b[m\x1b[K\n'}
[4.588995] (sfm_ros2) StderrLine: {'line': b'\x1b[01m\x1b[K/opt/ros/jazzy/include/rclcpp/rclcpp/publisher.hpp:414:3:\x1b[m\x1b[K \x1b[01;36m\x1b[Knote: \x1b[m\x1b[Kcandidate: \xe2\x80\x98\x1b[01m\x1b[Kvoid rclcpp::Publisher<MessageT, AllocatorT>::\x1b[01;32m\x1b[Kpublish\x1b[m\x1b[K(rclcpp::LoanedMessage<typename rclcpp::TypeAdapter<MessageT>::ros_message_type, AllocatorT>&&) \x1b[35m\x1b[K[with MessageT = nav_msgs::msg::Path_<std::allocator<void> >; AllocatorT = std::allocator<void>; typename rclcpp::TypeAdapter<MessageT>::ros_message_type = nav_msgs::msg::Path_<std::allocator<void> >]\x1b[m\x1b[K\x1b[m\x1b[K\xe2\x80\x99\n'}
[4.589058] (sfm_ros2) StderrLine: {'line': b'  414 |   \x1b[01;36m\x1b[Kpublish\x1b[m\x1b[K(rclcpp::LoanedMessage<ROSMessageType, AllocatorT> && loaned_msg)\n'}
[4.589117] (sfm_ros2) StderrLine: {'line': b'      |   \x1b[01;36m\x1b[K^~~~~~~\x1b[m\x1b[K\n'}
[4.589177] (sfm_ros2) StderrLine: {'line': b'\x1b[01m\x1b[K/opt/ros/jazzy/include/rclcpp/rclcpp/publisher.hpp:414:64:\x1b[m\x1b[K \x1b[01;36m\x1b[Knote: \x1b[m\x1b[K  no known conversion for argument 1 from \xe2\x80\x98\x1b[01m\x1b[Knav_msgs::msg::Path\x1b[m\x1b[K\xe2\x80\x99 {aka \xe2\x80\x98\x1b[01m\x1b[Knav_msgs::msg::Path_<std::allocator<void> >\x1b[m\x1b[K\xe2\x80\x99} to \xe2\x80\x98\x1b[01m\x1b[Krclcpp::LoanedMessage<nav_msgs::msg::Path_<std::allocator<void> >, std::allocator<void> >&&\x1b[m\x1b[K\xe2\x80\x99\n'}
[4.589243] (sfm_ros2) StderrLine: {'line': b'  414 |   publish(\x1b[01;36m\x1b[Krclcpp::LoanedMessage<ROSMessageType, AllocatorT> && loaned_msg\x1b[m\x1b[K)\n'}
[4.589303] (sfm_ros2) StderrLine: {'line': b'      |           \x1b[01;36m\x1b[K~~~~~~~~~~~~~~~~~~~~~~~~~~~~~~~~~~~~~~~~~~~~~~~~~~~~~^~~~~~~~~~\x1b[m\x1b[K\n'}
[4.589368] (sfm_ros2) StderrLine: {'line': b'\x1b[01m\x1b[K/opt/ros/jazzy/include/rclcpp/rclcpp/publisher.hpp:400:3:\x1b[m\x1b[K \x1b[01;36m\x1b[Knote: \x1b[m\x1b[Kcandidate: \xe2\x80\x98\x1b[01m\x1b[Kvoid rclcpp::Publisher<MessageT, AllocatorT>::\x1b[01;32m\x1b[Kpublish\x1b[m\x1b[K(const rclcpp::SerializedMessage&) \x1b[35m\x1b[K[with MessageT = nav_msgs::msg::Path_<std::allocator<void> >; AllocatorT = std::allocator<void>]\x1b[m\x1b[K\x1b[m\x1b[K\xe2\x80\x99\n'}
[4.589430] (sfm_ros2) StderrLine: {'line': b'  400 |   \x1b[01;36m\x1b[Kpublish\x1b[m\x1b[K(const SerializedMessage & serialized_msg)\n'}
[4.589489] (sfm_ros2) StderrLine: {'line': b'      |   \x1b[01;36m\x1b[K^~~~~~~\x1b[m\x1b[K\n'}
[4.589549] (sfm_ros2) StderrLine: {'line': b'\x1b[01m\x1b[K/opt/ros/jazzy/include/rclcpp/rclcpp/publisher.hpp:400:37:\x1b[m\x1b[K \x1b[01;36m\x1b[Knote: \x1b[m\x1b[K  no known conversion for argument 1 from \xe2\x80\x98\x1b[01m\x1b[Knav_msgs::msg::Path\x1b[m\x1b[K\xe2\x80\x99 {aka \xe2\x80\x98\x1b[01m\x1b[Knav_msgs::msg::Path_<std::allocator<void> >\x1b[m\x1b[K\xe2\x80\x99} to \xe2\x80\x98\x1b[01m\x1b[Kconst rclcpp::SerializedMessage&\x1b[m\x1b[K\xe2\x80\x99\n'}
[4.589610] (sfm_ros2) StderrLine: {'line': b'  400 |   publish(\x1b[01;36m\x1b[Kconst SerializedMessage & serialized_msg\x1b[m\x1b[K)\n'}
[4.589674] (sfm_ros2) StderrLine: {'line': b'      |           \x1b[01;36m\x1b[K~~~~~~~~~~~~~~~~~~~~~~~~~~^~~~~~~~~~~~~~\x1b[m\x1b[K\n'}
[4.589734] (sfm_ros2) StderrLine: {'line': b'\x1b[01m\x1b[K/opt/ros/jazzy/include/rclcpp/rclcpp/publisher.hpp:394:3:\x1b[m\x1b[K \x1b[01;36m\x1b[Knote: \x1b[m\x1b[Kcandidate: \xe2\x80\x98\x1b[01m\x1b[Kvoid rclcpp::Publisher<MessageT, AllocatorT>::\x1b[01;32m\x1b[Kpublish\x1b[m\x1b[K(const rcl_serialized_message_t&) \x1b[35m\x1b[K[with MessageT = nav_msgs::msg::Path_<std::allocator<void> >; AllocatorT = std::allocator<void>; rcl_serialized_message_t = rcutils_uint8_array_s]\x1b[m\x1b[K\x1b[m\x1b[K\xe2\x80\x99\n'}
[4.589795] (sfm_ros2) StderrLine: {'line': b'  394 |   \x1b[01;36m\x1b[Kpublish\x1b[m\x1b[K(const rcl_serialized_message_t & serialized_msg)\n'}
[4.589855] (sfm_ros2) StderrLine: {'line': b'      |   \x1b[01;36m\x1b[K^~~~~~~\x1b[m\x1b[K\n'}
[4.589919] (sfm_ros2) StderrLine: {'line': b'\x1b[01m\x1b[K/opt/ros/jazzy/include/rclcpp/rclcpp/publisher.hpp:394:44:\x1b[m\x1b[K \x1b[01;36m\x1b[Knote: \x1b[m\x1b[K  no known conversion for argument 1 from \xe2\x80\x98\x1b[01m\x1b[Knav_msgs::msg::Path\x1b[m\x1b[K\xe2\x80\x99 {aka \xe2\x80\x98\x1b[01m\x1b[Knav_msgs::msg::Path_<std::allocator<void> >\x1b[m\x1b[K\xe2\x80\x99} to \xe2\x80\x98\x1b[01m\x1b[Kconst rcl_serialized_message_t&\x1b[m\x1b[K\xe2\x80\x99 {aka \xe2\x80\x98\x1b[01m\x1b[Kconst rcutils_uint8_array_s&\x1b[m\x1b[K\xe2\x80\x99}\n'}
[4.589985] (sfm_ros2) StderrLine: {'line': b'  394 |   publish(\x1b[01;36m\x1b[Kconst rcl_serialized_message_t & serialized_msg\x1b[m\x1b[K)\n'}
[4.590046] (sfm_ros2) StderrLine: {'line': b'      |           \x1b[01;36m\x1b[K~~~~~~~~~~~~~~~~~~~~~~~~~~~~~~~~~^~~~~~~~~~~~~~\x1b[m\x1b[K\n'}
[4.590106] (sfm_ros2) StderrLine: {'line': b'\x1b[01m\x1b[K/opt/ros/jazzy/include/rclcpp/rclcpp/publisher.hpp:376:3:\x1b[m\x1b[K \x1b[01;36m\x1b[Knote: \x1b[m\x1b[Kcandidate: \xe2\x80\x98\x1b[01m\x1b[Ktemplate<class T> std::enable_if_t<(typename rclcpp::TypeAdapter<MessageT>::is_specialized::value && std::is_same<T, typename rclcpp::TypeAdapter<MessageT>::custom_type>::value)> rclcpp::Publisher<MessageT, AllocatorT>::\x1b[01;32m\x1b[Kpublish\x1b[m\x1b[K(const T&) \x1b[35m\x1b[K[with MessageT = nav_msgs::msg::Path_<std::allocator<void> >; AllocatorT = std::allocator<void>]\x1b[m\x1b[K\x1b[m\x1b[K\xe2\x80\x99\n'}
[4.590172] (sfm_ros2) StderrLine: {'line': b'  376 |   \x1b[01;36m\x1b[Kpublish\x1b[m\x1b[K(const T & msg)\n'}
[4.590232] (sfm_ros2) StderrLine: {'line': b'      |   \x1b[01;36m\x1b[K^~~~~~~\x1b[m\x1b[K\n'}
[4.590292] (sfm_ros2) StderrLine: {'line': b'\x1b[01m\x1b[K/opt/ros/jazzy/include/rclcpp/rclcpp/publisher.hpp:376:3:\x1b[m\x1b[K \x1b[01;36m\x1b[Knote: \x1b[m\x1b[K  template argument deduction/substitution failed:\n'}
[4.590352] (sfm_ros2) StderrLine: {'line': b'\x1b[01m\x1b[K/opt/ros/jazzy/include/rclcpp/rclcpp/publisher.hpp:326:3:\x1b[m\x1b[K \x1b[01;36m\x1b[Knote: \x1b[m\x1b[Kcandidate: \xe2\x80\x98\x1b[01m\x1b[Ktemplate<class T> std::enable_if_t<(typename rclcpp::TypeAdapter<MessageT>::is_specialized::value && std::is_same<T, typename rclcpp::TypeAdapter<MessageT>::custom_type>::value)> rclcpp::Publisher<MessageT, AllocatorT>::\x1b[01;32m\x1b[Kpublish\x1b[m\x1b[K(std::unique_ptr<T, typename std::conditional<std::is_same<typename std::allocator_traits<typename std::allocator_traits<_Allocator>::rebind_traits<typename rclcpp::TypeAdapter<MessageT, void, void>::custom_type>::allocator_type>::rebind_alloc<typename rclcpp::TypeAdapter<MessageT, void, void>::custom_type>, std::allocator<typename rclcpp::TypeAdapter<MessageT>::custom_type> >::value, std::default_delete<typename rclcpp::TypeAdapter<MessageT>::custom_type>, rclcpp::allocator::AllocatorDeleter<typename std::allocator_traits<_Allocator>::rebind_traits<typename rclcpp::TypeAdapter<MessageT, void, void>::custom_type>::allocator_type> >::type>) \x1b[35m\x1b[K[with MessageT = nav_msgs::msg::Path_<std::allocator<void> >; AllocatorT = std::allocator<void>]\x1b[m\x1b[K\x1b[m\x1b[K\xe2\x80\x99\n'}
[4.590424] (sfm_ros2) StderrLine: {'line': b'  326 |   \x1b[01;36m\x1b[Kpublish\x1b[m\x1b[K(std::unique_ptr<T, PublishedTypeDeleter> msg)\n'}
[4.590485] (sfm_ros2) StderrLine: {'line': b'      |   \x1b[01;36m\x1b[K^~~~~~~\x1b[m\x1b[K\n'}
[4.590544] (sfm_ros2) StderrLine: {'line': b'\x1b[01m\x1b[K/opt/ros/jazzy/include/rclcpp/rclcpp/publisher.hpp:326:3:\x1b[m\x1b[K \x1b[01;36m\x1b[Knote: \x1b[m\x1b[K  template argument deduction/substitution failed:\n'}
[4.590605] (sfm_ros2) StderrLine: {'line': b'\x1b[01m\x1b[K/home/elioowo/ros_sfm/sfm_ros2/src/sfm.cpp:211:34:\x1b[m\x1b[K \x1b[01;36m\x1b[Knote: \x1b[m\x1b[K  \xe2\x80\x98\x1b[01m\x1b[Knav_msgs::msg::Path_<std::allocator<void> >\x1b[m\x1b[K\xe2\x80\x99 is not derived from \xe2\x80\x98\x1b[01m\x1b[Kstd::unique_ptr<T, std::default_delete<nav_msgs::msg::Path_<std::allocator<void> > > >\x1b[m\x1b[K\xe2\x80\x99\n'}
[4.590667] (sfm_ros2) StderrLine: {'line': b'  211 |     \x1b[01;36m\x1b[Kthis->sfmTrajectory_->publish(trajectory)\x1b[m\x1b[K;\n'}
[4.590731] (sfm_ros2) StderrLine: {'line': b'      |     \x1b[01;36m\x1b[K~~~~~~~~~~~~~~~~~~~~~~~~~~~~~^~~~~~~~~~~~\x1b[m\x1b[K\n'}
[4.590791] (sfm_ros2) StderrLine: {'line': b'\x1b[01m\x1b[K/opt/ros/jazzy/include/rclcpp/rclcpp/publisher.hpp:296:3:\x1b[m\x1b[K \x1b[01;36m\x1b[Knote: \x1b[m\x1b[Kcandidate: \xe2\x80\x98\x1b[01m\x1b[Kstd::enable_if_t<(rosidl_generator_traits::is_message<T>::value && std::is_same<T, typename rclcpp::TypeAdapter<MessageT>::ros_message_type>::value)> rclcpp::Publisher<MessageT, AllocatorT>::\x1b[01;32m\x1b[Kpublish\x1b[m\x1b[K(const T&) \x1b[35m\x1b[K[with T = nav_msgs::msg::Path_<std::allocator<void> >; MessageT = nav_msgs::msg::Path_<std::allocator<void> >; AllocatorT = std::allocator<void>; std::enable_if_t<(rosidl_generator_traits::is_message<T>::value && std::is_same<T, typename rclcpp::TypeAdapter<MessageT>::ros_message_type>::value)> = void; typename rclcpp::TypeAdapter<MessageT>::ros_message_type = nav_msgs::msg::Path_<std::allocator<void> >]\x1b[m\x1b[K\x1b[m\x1b[K\xe2\x80\x99 (near match)\n'}
[4.590858] (sfm_ros2) StderrLine: {'line': b'  296 |   \x1b[01;36m\x1b[Kpublish\x1b[m\x1b[K(const T & msg)\n'}
[4.590918] (sfm_ros2) StderrLine: {'line': b'      |   \x1b[01;36m\x1b[K^~~~~~~\x1b[m\x1b[K\n'}
[4.590978] (sfm_ros2) StderrLine: {'line': b'\x1b[01m\x1b[K/opt/ros/jazzy/include/rclcpp/rclcpp/publisher.hpp:296:3:\x1b[m\x1b[K \x1b[01;36m\x1b[Knote: \x1b[m\x1b[K  passing \xe2\x80\x98\x1b[01m\x1b[Kstd::__shared_ptr_access<const rclcpp::Publisher<nav_msgs::msg::Path_<std::allocator<void> > >, __gnu_cxx::_S_atomic, false, false>::element_type*\x1b[m\x1b[K\xe2\x80\x99 {aka \xe2\x80\x98\x1b[01m\x1b[Kconst rclcpp::Publisher<nav_msgs::msg::Path_<std::allocator<void> > >*\x1b[m\x1b[K\xe2\x80\x99} as \xe2\x80\x98\x1b[01m\x1b[Kthis\x1b[m\x1b[K\xe2\x80\x99 argument discards qualifiers\n'}
[4.591043] (sfm_ros2) StderrLine: {'line': b'\x1b[01m\x1b[K/opt/ros/jazzy/include/rclcpp/rclcpp/publisher.hpp:242:3:\x1b[m\x1b[K \x1b[01;36m\x1b[Knote: \x1b[m\x1b[Kcandidate: \xe2\x80\x98\x1b[01m\x1b[Ktemplate<class T> std::enable_if_t<(rosidl_generator_traits::is_message<T>::value && std::is_same<T, typename rclcpp::TypeAdapter<MessageT>::ros_message_type>::value)> rclcpp::Publisher<MessageT, AllocatorT>::\x1b[01;32m\x1b[Kpublish\x1b[m\x1b[K(std::unique_ptr<T, typename std::conditional<std::is_same<typename std::allocator_traits<typename std::allocator_traits<_Allocator>::rebind_traits<typename rclcpp::TypeAdapter<MessageT, void, void>::ros_message_type>::allocator_type>::rebind_alloc<typename rclcpp::TypeAdapter<MessageT, void, void>::ros_message_type>, std::allocator<typename rclcpp::TypeAdapter<MessageT>::ros_message_type> >::value, std::default_delete<typename rclcpp::TypeAdapter<MessageT>::ros_message_type>, rclcpp::allocator::AllocatorDeleter<typename std::allocator_traits<_Allocator>::rebind_traits<typename rclcpp::TypeAdapter<MessageT, void, void>::ros_message_type>::allocator_type> >::type>) \x1b[35m\x1b[K[with MessageT = nav_msgs::msg::Path_<std::allocator<void> >; AllocatorT = std::allocator<void>]\x1b[m\x1b[K\x1b[m\x1b[K\xe2\x80\x99\n'}
[4.591111] (sfm_ros2) StderrLine: {'line': b'  242 |   \x1b[01;36m\x1b[Kpublish\x1b[m\x1b[K(std::unique_ptr<T, ROSMessageTypeDeleter> msg)\n'}
[4.591171] (sfm_ros2) StderrLine: {'line': b'      |   \x1b[01;36m\x1b[K^~~~~~~\x1b[m\x1b[K\n'}
[4.591230] (sfm_ros2) StderrLine: {'line': b'\x1b[01m\x1b[K/opt/ros/jazzy/include/rclcpp/rclcpp/publisher.hpp:242:3:\x1b[m\x1b[K \x1b[01;36m\x1b[Knote: \x1b[m\x1b[K  template argument deduction/substitution failed:\n'}
[4.591289] (sfm_ros2) StderrLine: {'line': b'\x1b[01m\x1b[K/home/elioowo/ros_sfm/sfm_ros2/src/sfm.cpp:211:34:\x1b[m\x1b[K \x1b[01;36m\x1b[Knote: \x1b[m\x1b[K  \xe2\x80\x98\x1b[01m\x1b[Knav_msgs::msg::Path_<std::allocator<void> >\x1b[m\x1b[K\xe2\x80\x99 is not derived from \xe2\x80\x98\x1b[01m\x1b[Kstd::unique_ptr<T, std::default_delete<nav_msgs::msg::Path_<std::allocator<void> > > >\x1b[m\x1b[K\xe2\x80\x99\n'}
[4.591351] (sfm_ros2) StderrLine: {'line': b'  211 |     \x1b[01;36m\x1b[Kthis->sfmTrajectory_->publish(trajectory)\x1b[m\x1b[K;\n'}
[4.591414] (sfm_ros2) StderrLine: {'line': b'      |     \x1b[01;36m\x1b[K~~~~~~~~~~~~~~~~~~~~~~~~~~~~~^~~~~~~~~~~~\x1b[m\x1b[K\n'}
[4.591474] (sfm_ros2) StderrLine: {'line': b'\x1b[01m\x1b[K/home/elioowo/ros_sfm/sfm_ros2/src/sfm.cpp:219:32:\x1b[m\x1b[K \x1b[01;31m\x1b[Kerror: \x1b[m\x1b[Kno matching function for call to \xe2\x80\x98\x1b[01m\x1b[Krclcpp::Publisher<sfm_ros2::msg::MapGraph_<std::allocator<void> > >::publish(sfm_ros2::msg::MapGraph&) const\x1b[m\x1b[K\xe2\x80\x99\n'}
[4.591538] (sfm_ros2) StderrLine: {'line': b'  219 |     \x1b[01;31m\x1b[Kthis->sfmMapGraph_->publish(mapGraphMsg)\x1b[m\x1b[K;\n'}
[4.591599] (sfm_ros2) StderrLine: {'line': b'      |     \x1b[01;31m\x1b[K~~~~~~~~~~~~~~~~~~~~~~~~~~~^~~~~~~~~~~~~\x1b[m\x1b[K\n'}
[4.591659] (sfm_ros2) StderrLine: {'line': b'\x1b[01m\x1b[K/opt/ros/jazzy/include/rclcpp/rclcpp/publisher.hpp:414:3:\x1b[m\x1b[K \x1b[01;36m\x1b[Knote: \x1b[m\x1b[Kcandidate: \xe2\x80\x98\x1b[01m\x1b[Kvoid rclcpp::Publisher<MessageT, AllocatorT>::\x1b[01;32m\x1b[Kpublish\x1b[m\x1b[K(rclcpp::LoanedMessage<typename rclcpp::TypeAdapter<MessageT>::ros_message_type, AllocatorT>&&) \x1b[35m\x1b[K[with MessageT = sfm_ros2::msg::MapGraph_<std::allocator<void> >; AllocatorT = std::allocator<void>; typename rclcpp::TypeAdapter<MessageT>::ros_message_type = sfm_ros2::msg::MapGraph_<std::allocator<void> >]\x1b[m\x1b[K\x1b[m\x1b[K\xe2\x80\x99\n'}
[4.591722] (sfm_ros2) StderrLine: {'line': b'  414 |   \x1b[01;36m\x1b[Kpublish\x1b[m\x1b[K(rclcpp::LoanedMessage<ROSMessageType, AllocatorT> && loaned_msg)\n'}
[4.591782] (sfm_ros2) StderrLine: {'line': b'      |   \x1b[01;36m\x1b[K^~~~~~~\x1b[m\x1b[K\n'}
[4.591841] (sfm_ros2) StderrLine: {'line': b'\x1b[01m\x1b[K/opt/ros/jazzy/include/rclcpp/rclcpp/publisher.hpp:414:64:\x1b[m\x1b[K \x1b[01;36m\x1b[Knote: \x1b[m\x1b[K  no known conversion for argument 1 from \xe2\x80\x98\x1b[01m\x1b[Ksfm_ros2::msg::MapGraph\x1b[m\x1b[K\xe2\x80\x99 {aka \xe2\x80\x98\x1b[01m\x1b[Ksfm_ros2::msg::MapGraph_<std::allocator<void> >\x1b[m\x1b[K\xe2\x80\x99} to \xe2\x80\x98\x1b[01m\x1b[Krclcpp::LoanedMessage<sfm_ros2::msg::MapGraph_<std::allocator<void> >, std::allocator<void> >&&\x1b[m\x1b[K\xe2\x80\x99\n'}
[4.591907] (sfm_ros2) StderrLine: {'line': b'  414 |   publish(\x1b[01;36m\x1b[Krclcpp::LoanedMessage<ROSMessageType, AllocatorT> && loaned_msg\x1b[m\x1b[K)\n'}
[4.591967] (sfm_ros2) StderrLine: {'line': b'      |           \x1b[01;36m\x1b[K~~~~~~~~~~~~~~~~~~~~~~~~~~~~~~~~~~~~~~~~~~~~~~~~~~~~~^~~~~~~~~~\x1b[m\x1b[K\n'}
[4.592026] (sfm_ros2) StderrLine: {'line': b'\x1b[01m\x1b[K/opt/ros/jazzy/include/rclcpp/rclcpp/publisher.hpp:400:3:\x1b[m\x1b[K \x1b[01;36m\x1b[Knote: \x1b[m\x1b[Kcandidate: \xe2\x80\x98\x1b[01m\x1b[Kvoid rclcpp::Publisher<MessageT, AllocatorT>::\x1b[01;32m\x1b[Kpublish\x1b[m\x1b[K(const rclcpp::SerializedMessage&) \x1b[35m\x1b[K[with MessageT = sfm_ros2::msg::MapGraph_<std::allocator<void> >; AllocatorT = std::allocator<void>]\x1b[m\x1b[K\x1b[m\x1b[K\xe2\x80\x99\n'}
[4.592090] (sfm_ros2) StderrLine: {'line': b'  400 |   \x1b[01;36m\x1b[Kpublish\x1b[m\x1b[K(const SerializedMessage & serialized_msg)\n'}
[4.592151] (sfm_ros2) StderrLine: {'line': b'      |   \x1b[01;36m\x1b[K^~~~~~~\x1b[m\x1b[K\n'}
[4.592210] (sfm_ros2) StderrLine: {'line': b'\x1b[01m\x1b[K/opt/ros/jazzy/include/rclcpp/rclcpp/publisher.hpp:400:37:\x1b[m\x1b[K \x1b[01;36m\x1b[Knote: \x1b[m\x1b[K  no known conversion for argument 1 from \xe2\x80\x98\x1b[01m\x1b[Ksfm_ros2::msg::MapGraph\x1b[m\x1b[K\xe2\x80\x99 {aka \xe2\x80\x98\x1b[01m\x1b[Ksfm_ros2::msg::MapGraph_<std::allocator<void> >\x1b[m\x1b[K\xe2\x80\x99} to \xe2\x80\x98\x1b[01m\x1b[Kconst rclcpp::SerializedMessage&\x1b[m\x1b[K\xe2\x80\x99\n'}
[4.592271] (sfm_ros2) StderrLine: {'line': b'  400 |   publish(\x1b[01;36m\x1b[Kconst SerializedMessage & serialized_msg\x1b[m\x1b[K)\n'}
[4.592331] (sfm_ros2) StderrLine: {'line': b'      |           \x1b[01;36m\x1b[K~~~~~~~~~~~~~~~~~~~~~~~~~~^~~~~~~~~~~~~~\x1b[m\x1b[K\n'}
[4.592390] (sfm_ros2) StderrLine: {'line': b'\x1b[01m\x1b[K/opt/ros/jazzy/include/rclcpp/rclcpp/publisher.hpp:394:3:\x1b[m\x1b[K \x1b[01;36m\x1b[Knote: \x1b[m\x1b[Kcandidate: \xe2\x80\x98\x1b[01m\x1b[Kvoid rclcpp::Publisher<MessageT, AllocatorT>::\x1b[01;32m\x1b[Kpublish\x1b[m\x1b[K(const rcl_serialized_message_t&) \x1b[35m\x1b[K[with MessageT = sfm_ros2::msg::MapGraph_<std::allocator<void> >; AllocatorT = std::allocator<void>; rcl_serialized_message_t = rcutils_uint8_array_s]\x1b[m\x1b[K\x1b[m\x1b[K\xe2\x80\x99\n'}
[4.592455] (sfm_ros2) StderrLine: {'line': b'  394 |   \x1b[01;36m\x1b[Kpublish\x1b[m\x1b[K(const rcl_serialized_message_t & serialized_msg)\n'}
[4.592515] (sfm_ros2) StderrLine: {'line': b'      |   \x1b[01;36m\x1b[K^~~~~~~\x1b[m\x1b[K\n'}
[4.592575] (sfm_ros2) StderrLine: {'line': b'\x1b[01m\x1b[K/opt/ros/jazzy/include/rclcpp/rclcpp/publisher.hpp:394:44:\x1b[m\x1b[K \x1b[01;36m\x1b[Knote: \x1b[m\x1b[K  no known conversion for argument 1 from \xe2\x80\x98\x1b[01m\x1b[Ksfm_ros2::msg::MapGraph\x1b[m\x1b[K\xe2\x80\x99 {aka \xe2\x80\x98\x1b[01m\x1b[Ksfm_ros2::msg::MapGraph_<std::allocator<void> >\x1b[m\x1b[K\xe2\x80\x99} to \xe2\x80\x98\x1b[01m\x1b[Kconst rcl_serialized_message_t&\x1b[m\x1b[K\xe2\x80\x99 {aka \xe2\x80\x98\x1b[01m\x1b[Kconst rcutils_uint8_array_s&\x1b[m\x1b[K\xe2\x80\x99}\n'}
[4.592637] (sfm_ros2) StderrLine: {'line': b'  394 |   publish(\x1b[01;36m\x1b[Kconst rcl_serialized_message_t & serialized_msg\x1b[m\x1b[K)\n'}
[4.592697] (sfm_ros2) StderrLine: {'line': b'      |           \x1b[01;36m\x1b[K~~~~~~~~~~~~~~~~~~~~~~~~~~~~~~~~~^~~~~~~~~~~~~~\x1b[m\x1b[K\n'}
[4.592756] (sfm_ros2) StderrLine: {'line': b'\x1b[01m\x1b[K/opt/ros/jazzy/include/rclcpp/rclcpp/publisher.hpp:376:3:\x1b[m\x1b[K \x1b[01;36m\x1b[Knote: \x1b[m\x1b[Kcandidate: \xe2\x80\x98\x1b[01m\x1b[Ktemplate<class T> std::enable_if_t<(typename rclcpp::TypeAdapter<MessageT>::is_specialized::value && std::is_same<T, typename rclcpp::TypeAdapter<MessageT>::custom_type>::value)> rclcpp::Publisher<MessageT, AllocatorT>::\x1b[01;32m\x1b[Kpublish\x1b[m\x1b[K(const T&) \x1b[35m\x1b[K[with MessageT = sfm_ros2::msg::MapGraph_<std::allocator<void> >; AllocatorT = std::allocator<void>]\x1b[m\x1b[K\x1b[m\x1b[K\xe2\x80\x99\n'}
[4.592818] (sfm_ros2) StderrLine: {'line': b'  376 |   \x1b[01;36m\x1b[Kpublish\x1b[m\x1b[K(const T & msg)\n'}
[4.592878] (sfm_ros2) StderrLine: {'line': b'      |   \x1b[01;36m\x1b[K^~~~~~~\x1b[m\x1b[K\n'}
[4.592942] (sfm_ros2) StderrLine: {'line': b'\x1b[01m\x1b[K/opt/ros/jazzy/include/rclcpp/rclcpp/publisher.hpp:376:3:\x1b[m\x1b[K \x1b[01;36m\x1b[Knote: \x1b[m\x1b[K  template argument deduction/substitution failed:\n'}
[4.593001] (sfm_ros2) StderrLine: {'line': b'\x1b[01m\x1b[K/opt/ros/jazzy/include/rclcpp/rclcpp/publisher.hpp:326:3:\x1b[m\x1b[K \x1b[01;36m\x1b[Knote: \x1b[m\x1b[Kcandidate: \xe2\x80\x98\x1b[01m\x1b[Ktemplate<class T> std::enable_if_t<(typename rclcpp::TypeAdapter<MessageT>::is_specialized::value && std::is_same<T, typename rclcpp::TypeAdapter<MessageT>::custom_type>::value)> rclcpp::Publisher<MessageT, AllocatorT>::\x1b[01;32m\x1b[Kpublish\x1b[m\x1b[K(std::unique_ptr<T, typename std::conditional<std::is_same<typename std::allocator_traits<typename std::allocator_traits<_Allocator>::rebind_traits<typename rclcpp::TypeAdapter<MessageT, void, void>::custom_type>::allocator_type>::rebind_alloc<typename rclcpp::TypeAdapter<MessageT, void, void>::custom_type>, std::allocator<typename rclcpp::TypeAdapter<MessageT>::custom_type> >::value, std::default_delete<typename rclcpp::TypeAdapter<MessageT>::custom_type>, rclcpp::allocator::AllocatorDeleter<typename std::allocator_traits<_Allocator>::rebind_traits<typename rclcpp::TypeAdapter<MessageT, void, void>::custom_type>::allocator_type> >::type>) \x1b[35m\x1b[K[with MessageT = sfm_ros2::msg::MapGraph_<std::allocator<void> >; AllocatorT = std::allocator<void>]\x1b[m\x1b[K\x1b[m\x1b[K\xe2\x80\x99\n'}
[4.593067] (sfm_ros2) StderrLine: {'line': b'  326 |   \x1b[01;36m\x1b[Kpublish\x1b[m\x1b[K(std::unique_ptr<T, PublishedTypeDeleter> msg)\n'}
[4.593128] (sfm_ros2) StderrLine: {'line': b'      |   \x1b[01;36m\x1b[K^~~~~~~\x1b[m\x1b[K\n'}
[4.593192] (sfm_ros2) StderrLine: {'line': b'\x1b[01m\x1b[K/opt/ros/jazzy/include/rclcpp/rclcpp/publisher.hpp:326:3:\x1b[m\x1b[K \x1b[01;36m\x1b[Knote: \x1b[m\x1b[K  template argument deduction/substitution failed:\n'}
[4.593251] (sfm_ros2) StderrLine: {'line': b'\x1b[01m\x1b[K/home/elioowo/ros_sfm/sfm_ros2/src/sfm.cpp:219:32:\x1b[m\x1b[K \x1b[01;36m\x1b[Knote: \x1b[m\x1b[K  \xe2\x80\x98\x1b[01m\x1b[Ksfm_ros2::msg::MapGraph_<std::allocator<void> >\x1b[m\x1b[K\xe2\x80\x99 is not derived from \xe2\x80\x98\x1b[01m\x1b[Kstd::unique_ptr<T, std::default_delete<sfm_ros2::msg::MapGraph_<std::allocator<void> > > >\x1b[m\x1b[K\xe2\x80\x99\n'}
[4.593314] (sfm_ros2) StderrLine: {'line': b'  219 |     \x1b[01;36m\x1b[Kthis->sfmMapGraph_->publish(mapGraphMsg)\x1b[m\x1b[K;\n'}
[4.593378] (sfm_ros2) StderrLine: {'line': b'      |     \x1b[01;36m\x1b[K~~~~~~~~~~~~~~~~~~~~~~~~~~~^~~~~~~~~~~~~\x1b[m\x1b[K\n'}
[4.593437] (sfm_ros2) StderrLine: {'line': b'\x1b[01m\x1b[K/opt/ros/jazzy/include/rclcpp/rclcpp/publisher.hpp:296:3:\x1b[m\x1b[K \x1b[01;36m\x1b[Knote: \x1b[m\x1b[Kcandidate: \xe2\x80\x98\x1b[01m\x1b[Kstd::enable_if_t<(rosidl_generator_traits::is_message<T>::value && std::is_same<T, typename rclcpp::TypeAdapter<MessageT>::ros_message_type>::value)> rclcpp::Publisher<MessageT, AllocatorT>::\x1b[01;32m\x1b[Kpublish\x1b[m\x1b[K(const T&) \x1b[35m\x1b[K[with T = sfm_ros2::msg::MapGraph_<std::allocator<void> >; MessageT = sfm_ros2::msg::MapGraph_<std::allocator<void> >; AllocatorT = std::allocator<void>; std::enable_if_t<(rosidl_generator_traits::is_message<T>::value && std::is_same<T, typename rclcpp::TypeAdapter<MessageT>::ros_message_type>::value)> = void; typename rclcpp::TypeAdapter<MessageT>::ros_message_type = sfm_ros2::msg::MapGraph_<std::allocator<void> >]\x1b[m\x1b[K\x1b[m\x1b[K\xe2\x80\x99 (near match)\n'}
[4.593499] (sfm_ros2) StderrLine: {'line': b'  296 |   \x1b[01;36m\x1b[Kpublish\x1b[m\x1b[K(const T & msg)\n'}
[4.593557] (sfm_ros2) StderrLine: {'line': b'      |   \x1b[01;36m\x1b[K^~~~~~~\x1b[m\x1b[K\n'}
[4.593615] (sfm_ros2) StderrLine: {'line': b'\x1b[01m\x1b[K/opt/ros/jazzy/include/rclcpp/rclcpp/publisher.hpp:296:3:\x1b[m\x1b[K \x1b[01;36m\x1b[Knote: \x1b[m\x1b[K  passing \xe2\x80\x98\x1b[01m\x1b[Kstd::__shared_ptr_access<const rclcpp::Publisher<sfm_ros2::msg::MapGraph_<std::allocator<void> > >, __gnu_cxx::_S_atomic, false, false>::element_type*\x1b[m\x1b[K\xe2\x80\x99 {aka \xe2\x80\x98\x1b[01m\x1b[Kconst rclcpp::Publisher<sfm_ros2::msg::MapGraph_<std::allocator<void> > >*\x1b[m\x1b[K\xe2\x80\x99} as \xe2\x80\x98\x1b[01m\x1b[Kthis\x1b[m\x1b[K\xe2\x80\x99 argument discards qualifiers\n'}
[4.593680] (sfm_ros2) StderrLine: {'line': b'\x1b[01m\x1b[K/opt/ros/jazzy/include/rclcpp/rclcpp/publisher.hpp:242:3:\x1b[m\x1b[K \x1b[01;36m\x1b[Knote: \x1b[m\x1b[Kcandidate: \xe2\x80\x98\x1b[01m\x1b[Ktemplate<class T> std::enable_if_t<(rosidl_generator_traits::is_message<T>::value && std::is_same<T, typename rclcpp::TypeAdapter<MessageT>::ros_message_type>::value)> rclcpp::Publisher<MessageT, AllocatorT>::\x1b[01;32m\x1b[Kpublish\x1b[m\x1b[K(std::unique_ptr<T, typename std::conditional<std::is_same<typename std::allocator_traits<typename std::allocator_traits<_Allocator>::rebind_traits<typename rclcpp::TypeAdapter<MessageT, void, void>::ros_message_type>::allocator_type>::rebind_alloc<typename rclcpp::TypeAdapter<MessageT, void, void>::ros_message_type>, std::allocator<typename rclcpp::TypeAdapter<MessageT>::ros_message_type> >::value, std::default_delete<typename rclcpp::TypeAdapter<MessageT>::ros_message_type>, rclcpp::allocator::AllocatorDeleter<typename std::allocator_traits<_Allocator>::rebind_traits<typename rclcpp::TypeAdapter<MessageT, void, void>::ros_message_type>::allocator_type> >::type>) \x1b[35m\x1b[K[with MessageT = sfm_ros2::msg::MapGraph_<std::allocator<void> >; AllocatorT = std::allocator<void>]\x1b[m\x1b[K\x1b[m\x1b[K\xe2\x80\x99\n'}
[4.593750] (sfm_ros2) StderrLine: {'line': b'  242 |   \x1b[01;36m\x1b[Kpublish\x1b[m\x1b[K(std::unique_ptr<T, ROSMessageTypeDeleter> msg)\n'}
[4.593808] (sfm_ros2) StderrLine: {'line': b'      |   \x1b[01;36m\x1b[K^~~~~~~\x1b[m\x1b[K\n'}
[4.593869] (sfm_ros2) StderrLine: {'line': b'\x1b[01m\x1b[K/opt/ros/jazzy/include/rclcpp/rclcpp/publisher.hpp:242:3:\x1b[m\x1b[K \x1b[01;36m\x1b[Knote: \x1b[m\x1b[K  template argument deduction/substitution failed:\n'}
[4.593927] (sfm_ros2) StderrLine: {'line': b'\x1b[01m\x1b[K/home/elioowo/ros_sfm/sfm_ros2/src/sfm.cpp:219:32:\x1b[m\x1b[K \x1b[01;36m\x1b[Knote: \x1b[m\x1b[K  \xe2\x80\x98\x1b[01m\x1b[Ksfm_ros2::msg::MapGraph_<std::allocator<void> >\x1b[m\x1b[K\xe2\x80\x99 is not derived from \xe2\x80\x98\x1b[01m\x1b[Kstd::unique_ptr<T, std::default_delete<sfm_ros2::msg::MapGraph_<std::allocator<void> > > >\x1b[m\x1b[K\xe2\x80\x99\n'}
[4.593987] (sfm_ros2) StderrLine: {'line': b'  219 |     \x1b[01;36m\x1b[Kthis->sfmMapGraph_->publish(mapGraphMsg)\x1b[m\x1b[K;\n'}
[4.594046] (sfm_ros2) StderrLine: {'line': b'      |     \x1b[01;36m\x1b[K~~~~~~~~~~~~~~~~~~~~~~~~~~~^~~~~~~~~~~~~\x1b[m\x1b[K\n'}
[4.615895] (-) TimerEvent: {}
[4.716251] (-) TimerEvent: {}
[4.816618] (-) TimerEvent: {}
[4.916987] (-) TimerEvent: {}
[5.017360] (-) TimerEvent: {}
[5.117736] (-) TimerEvent: {}
[5.147684] (sfm_ros2) StderrLine: {'line': b'In file included from \x1b[01m\x1b[K/opt/ros/jazzy/include/message_filters/message_filters/synchronizer.h:47\x1b[m\x1b[K,\n'}
[5.148057] (sfm_ros2) StderrLine: {'line': b'                 from \x1b[01m\x1b[K/opt/ros/jazzy/include/message_filters/message_filters/time_synchronizer.h:41\x1b[m\x1b[K,\n'}
[5.148170] (sfm_ros2) StderrLine: {'line': b'                 from \x1b[01m\x1b[K/home/elioowo/ros_sfm/sfm_ros2/include/sfm/sfm.h:19\x1b[m\x1b[K:\n'}
[5.148495] (sfm_ros2) StderrLine: {'line': b'/opt/ros/jazzy/include/message_filters/message_filters/signal9.h: In instantiation of \xe2\x80\x98\x1b[01m\x1b[Kmessage_filters::Connection message_filters::Signal9<M0, M1, M2, M3, M4, M5, M6, M7, M8>::\x1b[01;32m\x1b[KaddCallback\x1b[m\x1b[K(C&) \x1b[35m\x1b[K[with C = const semanticSfm::semanticSfm(rclcpp::Node::ConstSharedPtr&)::<lambda(const sensor_msgs::msg::Image_<std::allocator<void> >::ConstSharedPtr&, const sensor_msgs::msg::Image_<std::allocator<void> >::ConstSharedPtr&, const sensor_msgs::msg::CameraInfo_<std::allocator<void> >::ConstSharedPtr&, const nav_msgs::msg::Odometry_<std::allocator<void> >::ConstSharedPtr&)>; M0 = sensor_msgs::msg::Image_<std::allocator<void> >; M1 = sensor_msgs::msg::Image_<std::allocator<void> >; M2 = sensor_msgs::msg::CameraInfo_<std::allocator<void> >; M3 = nav_msgs::msg::Odometry_<std::allocator<void> >; M4 = message_filters::NullType; M5 = message_filters::NullType; M6 = message_filters::NullType; M7 = message_filters::NullType; M8 = message_filters::NullType]\x1b[m\x1b[K\x1b[m\x1b[K\xe2\x80\x99:\n'}
[5.148673] (sfm_ros2) StderrLine: {'line': b'\x1b[01m\x1b[K/opt/ros/jazzy/include/message_filters/message_filters/synchronizer.h:298:31:\x1b[m\x1b[K   required from \xe2\x80\x98\x1b[01m\x1b[Kmessage_filters::Connection message_filters::Synchronizer<Policy>::\x1b[01;32m\x1b[KregisterCallback\x1b[m\x1b[K(const C&) \x1b[35m\x1b[K[with C = semanticSfm::semanticSfm(rclcpp::Node::ConstSharedPtr&)::<lambda(const sensor_msgs::msg::Image_<std::allocator<void> >::ConstSharedPtr&, const sensor_msgs::msg::Image_<std::allocator<void> >::ConstSharedPtr&, const sensor_msgs::msg::CameraInfo_<std::allocator<void> >::ConstSharedPtr&, const nav_msgs::msg::Odometry_<std::allocator<void> >::ConstSharedPtr&)>; Policy = message_filters::sync_policies::ApproximateTime<sensor_msgs::msg::Image_<std::allocator<void> >, sensor_msgs::msg::Image_<std::allocator<void> >, sensor_msgs::msg::CameraInfo_<std::allocator<void> >, nav_msgs::msg::Odometry_<std::allocator<void> > >]\x1b[m\x1b[K\x1b[m\x1b[K\xe2\x80\x99\n'}
[5.148776] (sfm_ros2) StderrLine: {'line': b'\x1b[01m\x1b[K/home/elioowo/ros_sfm/sfm_ros2/src/sfm.cpp:35:28:\x1b[m\x1b[K   required from here\n'}
[5.148853] (sfm_ros2) StderrLine: {'line': b'\x1b[01m\x1b[K/opt/ros/jazzy/include/message_filters/message_filters/signal9.h:280:40:\x1b[m\x1b[K \x1b[01;31m\x1b[Kerror: \x1b[m\x1b[Kno matching function for call to \xe2\x80\x98\x1b[01m\x1b[Kmessage_filters::Signal9<sensor_msgs::msg::Image_<std::allocator<void> >, sensor_msgs::msg::Image_<std::allocator<void> >, sensor_msgs::msg::CameraInfo_<std::allocator<void> >, nav_msgs::msg::Odometry_<std::allocator<void> >, message_filters::NullType, message_filters::NullType, message_filters::NullType, message_filters::NullType, message_filters::NullType>::addCallback<const message_filters::Signal9<sensor_msgs::msg::Image_<std::allocator<void> >, sensor_msgs::msg::Image_<std::allocator<void> >, sensor_msgs::msg::CameraInfo_<std::allocator<void> >, nav_msgs::msg::Odometry_<std::allocator<void> >, message_filters::NullType, message_filters::NullType, message_filters::NullType, message_filters::NullType, message_filters::NullType>::M0ConstPtr&, const message_filters::Signal9<sensor_msgs::msg::Image_<std::allocator<void> >, sensor_msgs::msg::Image_<std::allocator<void> >, sensor_msgs::msg::CameraInfo_<std::allocator<void> >, nav_msgs::msg::Odometry_<std::allocator<void> >, message_filters::NullType, message_filters::NullType, message_filters::NullType, message_filters::NullType, message_filters::NullType>::M1ConstPtr&, const message_filters::Signal9<sensor_msgs::msg::Image_<std::allocator<void> >, sensor_msgs::msg::Image_<std::allocator<void> >, sensor_msgs::msg::CameraInfo_<std::allocator<void> >, nav_msgs::msg::Odometry_<std::allocator<void> >, message_filters::NullType, message_filters::NullType, message_filters::NullType, message_filters::NullType, message_filters::NullType>::M2ConstPtr&, const message_filters::Signal9<sensor_msgs::msg::Image_<std::allocator<void> >, sensor_msgs::msg::Image_<std::allocator<void> >, sensor_msgs::msg::CameraInfo_<std::allocator<void> >, nav_msgs::msg::Odometry_<std::allocator<void> >, message_filters::NullType, message_filters::NullType, message_filters::NullType, message_filters::NullType, message_filters::NullType>::M3ConstPtr&, const message_filters::Signal9<sensor_msgs::msg::Image_<std::allocator<void> >, sensor_msgs::msg::Image_<std::allocator<void> >, sensor_msgs::msg::CameraInfo_<std::allocator<void> >, nav_msgs::msg::Odometry_<std::allocator<void> >, message_filters::NullType, message_filters::NullType, message_filters::NullType, message_filters::NullType, message_filters::NullType>::M4ConstPtr&, const message_filters::Signal9<sensor_msgs::msg::Image_<std::allocator<void> >, sensor_msgs::msg::Image_<std::allocator<void> >, sensor_msgs::msg::CameraInfo_<std::allocator<void> >, nav_msgs::msg::Odometry_<std::allocator<void> >, message_filters::NullType, message_filters::NullType, message_filters::NullType, message_filters::NullType, message_filters::NullType>::M5ConstPtr&, const message_filters::Signal9<sensor_msgs::msg::Image_<std::allocator<void> >, sensor_msgs::msg::Image_<std::allocator<void> >, sensor_msgs::msg::CameraInfo_<std::allocator<void> >, nav_msgs::msg::Odometry_<std::allocator<void> >, message_filters::NullType, message_filters::NullType, message_filters::NullType, message_filters::NullType, message_filters::NullType>::M6ConstPtr&, const message_filters::Signal9<sensor_msgs::msg::Image_<std::allocator<void> >, sensor_msgs::msg::Image_<std::allocator<void> >, sensor_msgs::msg::CameraInfo_<std::allocator<void> >, nav_msgs::msg::Odometry_<std::allocator<void> >, message_filters::NullType, message_filters::NullType, message_filters::NullType, message_filters::NullType, message_filters::NullType>::M7ConstPtr&, const message_filters::Signal9<sensor_msgs::msg::Image_<std::allocator<void> >, sensor_msgs::msg::Image_<std::allocator<void> >, sensor_msgs::msg::CameraInfo_<std::allocator<void> >, nav_msgs::msg::Odometry_<std::allocator<void> >, message_filters::NullType, message_filters::NullType, message_filters::NullType, message_filters::NullType, message_filters::NullType>::M8ConstPtr&>(std::_Bind_helper<false, const semanticSfm::semanticSfm(rclcpp::Node::ConstSharedPtr&)::<lambda(const sensor_msgs::msg::Image_<std::allocator<void> >::ConstSharedPtr&, const sensor_msgs::msg::Image_<std::allocator<void> >::ConstSharedPtr&, const sensor_msgs::msg::CameraInfo_<std::allocator<void> >::ConstSharedPtr&, const nav_msgs::msg::Odometry_<std::allocator<void> >::ConstSharedPtr&)>&, const std::_Placeholder<1>&, const std::_Placeholder<2>&, const std::_Placeholder<3>&, const std::_Placeholder<4>&, const std::_Placeholder<5>&, const std::_Placeholder<6>&, const std::_Placeholder<7>&, const std::_Placeholder<8>&, const std::_Placeholder<9>&>::type)\x1b[m\x1b[K\xe2\x80\x99\n'}
[5.148967] (sfm_ros2) StderrLine: {'line': b'  272 |     return \x1b[01;31m\x1b[KaddCallback<const M0ConstPtr&,\x1b[m\x1b[K\n'}
[5.149034] (sfm_ros2) StderrLine: {'line': b'      |            \x1b[01;31m\x1b[K~~~~~~~~~~~~~~~~~~~~~~~~~~~~~~\x1b[m\x1b[K\n'}
[5.149098] (sfm_ros2) StderrLine: {'line': b'  273 | \x1b[01;31m\x1b[K                     const M1ConstPtr&,\x1b[m\x1b[K\n'}
[5.149162] (sfm_ros2) StderrLine: {'line': b'      |                      \x1b[01;31m\x1b[K~~~~~~~~~~~~~~~~~~\x1b[m\x1b[K \n'}
[5.149228] (sfm_ros2) StderrLine: {'line': b'  274 | \x1b[01;31m\x1b[K                     const M2ConstPtr&,\x1b[m\x1b[K\n'}
[5.149292] (sfm_ros2) StderrLine: {'line': b'      |                      \x1b[01;31m\x1b[K~~~~~~~~~~~~~~~~~~\x1b[m\x1b[K \n'}
[5.149425] (sfm_ros2) StderrLine: {'line': b'  275 | \x1b[01;31m\x1b[K                     const M3ConstPtr&,\x1b[m\x1b[K\n'}
[5.149488] (sfm_ros2) StderrLine: {'line': b'      |                      \x1b[01;31m\x1b[K~~~~~~~~~~~~~~~~~~\x1b[m\x1b[K \n'}
[5.149530] (sfm_ros2) StderrLine: {'line': b'  276 | \x1b[01;31m\x1b[K                     const M4ConstPtr&,\x1b[m\x1b[K\n'}
[5.149574] (sfm_ros2) StderrLine: {'line': b'      |                      \x1b[01;31m\x1b[K~~~~~~~~~~~~~~~~~~\x1b[m\x1b[K \n'}
[5.149613] (sfm_ros2) StderrLine: {'line': b'  277 | \x1b[01;31m\x1b[K                     const M5ConstPtr&,\x1b[m\x1b[K\n'}
[5.149651] (sfm_ros2) StderrLine: {'line': b'      |                      \x1b[01;31m\x1b[K~~~~~~~~~~~~~~~~~~\x1b[m\x1b[K \n'}
[5.149688] (sfm_ros2) StderrLine: {'line': b'  278 | \x1b[01;31m\x1b[K                     const M6ConstPtr&,\x1b[m\x1b[K\n'}
[5.149725] (sfm_ros2) StderrLine: {'line': b'      |                      \x1b[01;31m\x1b[K~~~~~~~~~~~~~~~~~~\x1b[m\x1b[K \n'}
[5.149762] (sfm_ros2) StderrLine: {'line': b'  279 | \x1b[01;31m\x1b[K                     const M7ConstPtr&,\x1b[m\x1b[K\n'}
[5.149799] (sfm_ros2) StderrLine: {'line': b'      |                      \x1b[01;31m\x1b[K~~~~~~~~~~~~~~~~~~\x1b[m\x1b[K \n'}
[5.149834] (sfm_ros2) StderrLine: {'line': b'  280 | \x1b[01;31m\x1b[K                     const M8ConstPtr&>(std::bind(callback, std::placeholders::_1, std::placeholders::_2, std::placeholders::_3, std::placeholders::_4, std::placeholders::_5, std::placeholders::_6, std::placeholders::_7, std::placeholders::_8, std::placeholders::_9))\x1b[m\x1b[K;\n'}
[5.149873] (sfm_ros2) StderrLine: {'line': b'      |                      \x1b[01;31m\x1b[K~~~~~~~~~~~~~~~~~~^~~~~~~~~~~~~~~~~~~~~~~~~~~~~~~~~~~~~~~~~~~~~~~~~~~~~~~~~~~~~~~~~~~~~~~~~~~~~~~~~~~~~~~~~~~~~~~~~~~~~~~~~~~~~~~~~~~~~~~~~~~~~~~~~~~~~~~~~~~~~~~~~~~~~~~~~~~~~~~~~~~~~~~~~~~~~~~~~~~~~~~~~~~~~~~~~~~~~~~~~~~~~~~~~~~~~~~~~~~~~~~~~~~~\x1b[m\x1b[K\n'}
[5.149921] (sfm_ros2) StderrLine: {'line': b'\x1b[01m\x1b[K/opt/ros/jazzy/include/message_filters/message_filters/signal9.h:170:14:\x1b[m\x1b[K \x1b[01;36m\x1b[Knote: \x1b[m\x1b[Kcandidate: \xe2\x80\x98\x1b[01m\x1b[Kmessage_filters::Connection message_filters::Signal9<M0, M1, M2, M3, M4, M5, M6, M7, M8>::\x1b[01;32m\x1b[KaddCallback\x1b[m\x1b[K(const std::function<void(P0, P1, P2, P3, P4, P5, P6, P7, P8)>&) \x1b[35m\x1b[K[with P0 = const std::shared_ptr<const sensor_msgs::msg::Image_<std::allocator<void> > >&; P1 = const std::shared_ptr<const sensor_msgs::msg::Image_<std::allocator<void> > >&; P2 = const std::shared_ptr<const sensor_msgs::msg::CameraInfo_<std::allocator<void> > >&; P3 = const std::shared_ptr<const nav_msgs::msg::Odometry_<std::allocator<void> > >&; P4 = const std::shared_ptr<const message_filters::NullType>&; P5 = const std::shared_ptr<const message_filters::NullType>&; P6 = const std::shared_ptr<const message_filters::NullType>&; P7 = const std::shared_ptr<const message_filters::NullType>&; P8 = const std::shared_ptr<const message_filters::NullType>&; M0 = sensor_msgs::msg::Image_<std::allocator<void> >; M1 = sensor_msgs::msg::Image_<std::allocator<void> >; M2 = sensor_msgs::msg::CameraInfo_<std::allocator<void> >; M3 = nav_msgs::msg::Odometry_<std::allocator<void> >; M4 = message_filters::NullType; M5 = message_filters::NullType; M6 = message_filters::NullType; M7 = message_filters::NullType; M8 = message_filters::NullType]\x1b[m\x1b[K\x1b[m\x1b[K\xe2\x80\x99\n'}
[5.149965] (sfm_ros2) StderrLine: {'line': b'  170 |   Connection \x1b[01;36m\x1b[KaddCallback\x1b[m\x1b[K(const std::function<void(P0, P1, P2, P3, P4, P5, P6, P7, P8)>& callback)\n'}
[5.150005] (sfm_ros2) StderrLine: {'line': b'      |              \x1b[01;36m\x1b[K^~~~~~~~~~~\x1b[m\x1b[K\n'}
[5.150039] (sfm_ros2) StderrLine: {'line': b'\x1b[01m\x1b[K/opt/ros/jazzy/include/message_filters/message_filters/signal9.h:170:89:\x1b[m\x1b[K \x1b[01;36m\x1b[Knote: \x1b[m\x1b[K  no known conversion for argument 1 from \xe2\x80\x98\x1b[01m\x1b[Kstd::_Bind_helper<false, const semanticSfm::semanticSfm(rclcpp::Node::ConstSharedPtr&)::<lambda(const sensor_msgs::msg::Image_<std::allocator<void> >::ConstSharedPtr&, const sensor_msgs::msg::Image_<std::allocator<void> >::ConstSharedPtr&, const sensor_msgs::msg::CameraInfo_<std::allocator<void> >::ConstSharedPtr&, const nav_msgs::msg::Odometry_<std::allocator<void> >::ConstSharedPtr&)>&, const std::_Placeholder<1>&, const std::_Placeholder<2>&, const std::_Placeholder<3>&, const std::_Placeholder<4>&, const std::_Placeholder<5>&, const std::_Placeholder<6>&, const std::_Placeholder<7>&, const std::_Placeholder<8>&, const std::_Placeholder<9>&>::type\x1b[m\x1b[K\xe2\x80\x99 to \xe2\x80\x98\x1b[01m\x1b[Kconst std::function<void(const std::shared_ptr<const sensor_msgs::msg::Image_<std::allocator<void> > >&, const std::shared_ptr<const sensor_msgs::msg::Image_<std::allocator<void> > >&, const std::shared_ptr<const sensor_msgs::msg::CameraInfo_<std::allocator<void> > >&, const std::shared_ptr<const nav_msgs::msg::Odometry_<std::allocator<void> > >&, const std::shared_ptr<const message_filters::NullType>&, const std::shared_ptr<const message_filters::NullType>&, const std::shared_ptr<const message_filters::NullType>&, const std::shared_ptr<const message_filters::NullType>&, const std::shared_ptr<const message_filters::NullType>&)>&\x1b[m\x1b[K\xe2\x80\x99\n'}
[5.150083] (sfm_ros2) StderrLine: {'line': b'  170 |   Connection addCallback(\x1b[01;36m\x1b[Kconst std::function<void(P0, P1, P2, P3, P4, P5, P6, P7, P8)>& callback\x1b[m\x1b[K)\n'}
[5.150118] (sfm_ros2) StderrLine: {'line': b'      |                          \x1b[01;36m\x1b[K~~~~~~~~~~~~~~~~~~~~~~~~~~~~~~~~~~~~~~~~~~~~~~~~~~~~~~~~~~~~~~~^~~~~~~~\x1b[m\x1b[K\n'}
[5.150154] (sfm_ros2) StderrLine: {'line': b'\x1b[01m\x1b[K/opt/ros/jazzy/include/message_filters/message_filters/signal9.h:180:14:\x1b[m\x1b[K \x1b[01;36m\x1b[Knote: \x1b[m\x1b[Kcandidate: \xe2\x80\x98\x1b[01m\x1b[Ktemplate<class P0, class P1> message_filters::Connection message_filters::Signal9<M0, M1, M2, M3, M4, M5, M6, M7, M8>::\x1b[01;32m\x1b[KaddCallback\x1b[m\x1b[K(void (*)(P0, P1)) \x1b[35m\x1b[K[with P1 = P0; M0 = sensor_msgs::msg::Image_<std::allocator<void> >; M1 = sensor_msgs::msg::Image_<std::allocator<void> >; M2 = sensor_msgs::msg::CameraInfo_<std::allocator<void> >; M3 = nav_msgs::msg::Odometry_<std::allocator<void> >; M4 = message_filters::NullType; M5 = message_filters::NullType; M6 = message_filters::NullType; M7 = message_filters::NullType; M8 = message_filters::NullType]\x1b[m\x1b[K\x1b[m\x1b[K\xe2\x80\x99\n'}
[5.150195] (sfm_ros2) StderrLine: {'line': b'  180 |   Connection \x1b[01;36m\x1b[KaddCallback\x1b[m\x1b[K(void(*callback)(P0, P1))\n'}
[5.150230] (sfm_ros2) StderrLine: {'line': b'      |              \x1b[01;36m\x1b[K^~~~~~~~~~~\x1b[m\x1b[K\n'}
[5.150265] (sfm_ros2) StderrLine: {'line': b'\x1b[01m\x1b[K/opt/ros/jazzy/include/message_filters/message_filters/signal9.h:180:14:\x1b[m\x1b[K \x1b[01;36m\x1b[Knote: \x1b[m\x1b[K  template argument deduction/substitution failed:\n'}
[5.150302] (sfm_ros2) StderrLine: {'line': b'\x1b[01m\x1b[K/opt/ros/jazzy/include/message_filters/message_filters/signal9.h:280:40:\x1b[m\x1b[K \x1b[01;31m\x1b[Kerror: \x1b[m\x1b[Kwrong number of template arguments (9, should be 2)\n'}
[5.150338] (sfm_ros2) StderrLine: {'line': b'  272 |     return \x1b[01;31m\x1b[KaddCallback<const M0ConstPtr&,\x1b[m\x1b[K\n'}
[5.150372] (sfm_ros2) StderrLine: {'line': b'      |            \x1b[01;31m\x1b[K~~~~~~~~~~~~~~~~~~~~~~~~~~~~~~\x1b[m\x1b[K\n'}
[5.150406] (sfm_ros2) StderrLine: {'line': b'  273 | \x1b[01;31m\x1b[K                     const M1ConstPtr&,\x1b[m\x1b[K\n'}
[5.150442] (sfm_ros2) StderrLine: {'line': b'      |                      \x1b[01;31m\x1b[K~~~~~~~~~~~~~~~~~~\x1b[m\x1b[K \n'}
[5.150477] (sfm_ros2) StderrLine: {'line': b'  274 | \x1b[01;31m\x1b[K                     const M2ConstPtr&,\x1b[m\x1b[K\n'}
[5.150511] (sfm_ros2) StderrLine: {'line': b'      |                      \x1b[01;31m\x1b[K~~~~~~~~~~~~~~~~~~\x1b[m\x1b[K \n'}
[5.150545] (sfm_ros2) StderrLine: {'line': b'  275 | \x1b[01;31m\x1b[K                     const M3ConstPtr&,\x1b[m\x1b[K\n'}
[5.150580] (sfm_ros2) StderrLine: {'line': b'      |                      \x1b[01;31m\x1b[K~~~~~~~~~~~~~~~~~~\x1b[m\x1b[K \n'}
[5.150613] (sfm_ros2) StderrLine: {'line': b'  276 | \x1b[01;31m\x1b[K                     const M4ConstPtr&,\x1b[m\x1b[K\n'}
[5.150646] (sfm_ros2) StderrLine: {'line': b'      |                      \x1b[01;31m\x1b[K~~~~~~~~~~~~~~~~~~\x1b[m\x1b[K \n'}
[5.150681] (sfm_ros2) StderrLine: {'line': b'  277 | \x1b[01;31m\x1b[K                     const M5ConstPtr&,\x1b[m\x1b[K\n'}
[5.150715] (sfm_ros2) StderrLine: {'line': b'      |                      \x1b[01;31m\x1b[K~~~~~~~~~~~~~~~~~~\x1b[m\x1b[K \n'}
[5.150749] (sfm_ros2) StderrLine: {'line': b'  278 | \x1b[01;31m\x1b[K                     const M6ConstPtr&,\x1b[m\x1b[K\n'}
[5.150784] (sfm_ros2) StderrLine: {'line': b'      |                      \x1b[01;31m\x1b[K~~~~~~~~~~~~~~~~~~\x1b[m\x1b[K \n'}
[5.150819] (sfm_ros2) StderrLine: {'line': b'  279 | \x1b[01;31m\x1b[K                     const M7ConstPtr&,\x1b[m\x1b[K\n'}
[5.150852] (sfm_ros2) StderrLine: {'line': b'      |                      \x1b[01;31m\x1b[K~~~~~~~~~~~~~~~~~~\x1b[m\x1b[K \n'}
[5.150886] (sfm_ros2) StderrLine: {'line': b'  280 | \x1b[01;31m\x1b[K                     const M8ConstPtr&>(std::bind(callback, std::placeholders::_1, std::placeholders::_2, std::placeholders::_3, std::placeholders::_4, std::placeholders::_5, std::placeholders::_6, std::placeholders::_7, std::placeholders::_8, std::placeholders::_9))\x1b[m\x1b[K;\n'}
[5.150922] (sfm_ros2) StderrLine: {'line': b'      |                      \x1b[01;31m\x1b[K~~~~~~~~~~~~~~~~~~^~~~~~~~~~~~~~~~~~~~~~~~~~~~~~~~~~~~~~~~~~~~~~~~~~~~~~~~~~~~~~~~~~~~~~~~~~~~~~~~~~~~~~~~~~~~~~~~~~~~~~~~~~~~~~~~~~~~~~~~~~~~~~~~~~~~~~~~~~~~~~~~~~~~~~~~~~~~~~~~~~~~~~~~~~~~~~~~~~~~~~~~~~~~~~~~~~~~~~~~~~~~~~~~~~~~~~~~~~~~~~~~~~~~\x1b[m\x1b[K\n'}
[5.150958] (sfm_ros2) StderrLine: {'line': b'\x1b[01m\x1b[K/opt/ros/jazzy/include/message_filters/message_filters/signal9.h:180:14:\x1b[m\x1b[K \x1b[01;36m\x1b[Knote: \x1b[m\x1b[Kprovided for \xe2\x80\x98\x1b[01m\x1b[Ktemplate<class P0, class P1> message_filters::Connection message_filters::Signal9<M0, M1, M2, M3, M4, M5, M6, M7, M8>::\x1b[01;32m\x1b[KaddCallback\x1b[m\x1b[K(void (*)(P0, P1)) \x1b[35m\x1b[K[with P1 = P0; M0 = sensor_msgs::msg::Image_<std::allocator<void> >; M1 = sensor_msgs::msg::Image_<std::allocator<void> >; M2 = sensor_msgs::msg::CameraInfo_<std::allocator<void> >; M3 = nav_msgs::msg::Odometry_<std::allocator<void> >; M4 = message_filters::NullType; M5 = message_filters::NullType; M6 = message_filters::NullType; M7 = message_filters::NullType; M8 = message_filters::NullType]\x1b[m\x1b[K\x1b[m\x1b[K\xe2\x80\x99\n'}
[5.150996] (sfm_ros2) StderrLine: {'line': b'  180 |   Connection \x1b[01;36m\x1b[KaddCallback\x1b[m\x1b[K(void(*callback)(P0, P1))\n'}
[5.151030] (sfm_ros2) StderrLine: {'line': b'      |              \x1b[01;36m\x1b[K^~~~~~~~~~~\x1b[m\x1b[K\n'}
[5.151066] (sfm_ros2) StderrLine: {'line': b'\x1b[01m\x1b[K/opt/ros/jazzy/include/message_filters/message_filters/signal9.h:186:14:\x1b[m\x1b[K \x1b[01;36m\x1b[Knote: \x1b[m\x1b[Kcandidate: \xe2\x80\x98\x1b[01m\x1b[Ktemplate<class P0, class P1, class P2> message_filters::Connection message_filters::Signal9<M0, M1, M2, M3, M4, M5, M6, M7, M8>::\x1b[01;32m\x1b[KaddCallback\x1b[m\x1b[K(void (*)(P0, P1, P2)) \x1b[35m\x1b[K[with P1 = P0; P2 = P1; M0 = sensor_msgs::msg::Image_<std::allocator<void> >; M1 = sensor_msgs::msg::Image_<std::allocator<void> >; M2 = sensor_msgs::msg::CameraInfo_<std::allocator<void> >; M3 = nav_msgs::msg::Odometry_<std::allocator<void> >; M4 = message_filters::NullType; M5 = message_filters::NullType; M6 = message_filters::NullType; M7 = message_filters::NullType; M8 = message_filters::NullType]\x1b[m\x1b[K\x1b[m\x1b[K\xe2\x80\x99\n'}
[5.151103] (sfm_ros2) StderrLine: {'line': b'  186 |   Connection \x1b[01;36m\x1b[KaddCallback\x1b[m\x1b[K(void(*callback)(P0, P1, P2))\n'}
[5.151138] (sfm_ros2) StderrLine: {'line': b'      |              \x1b[01;36m\x1b[K^~~~~~~~~~~\x1b[m\x1b[K\n'}
[5.151172] (sfm_ros2) StderrLine: {'line': b'\x1b[01m\x1b[K/opt/ros/jazzy/include/message_filters/message_filters/signal9.h:186:14:\x1b[m\x1b[K \x1b[01;36m\x1b[Knote: \x1b[m\x1b[K  template argument deduction/substitution failed:\n'}
[5.151208] (sfm_ros2) StderrLine: {'line': b'\x1b[01m\x1b[K/opt/ros/jazzy/include/message_filters/message_filters/signal9.h:280:40:\x1b[m\x1b[K \x1b[01;31m\x1b[Kerror: \x1b[m\x1b[Kwrong number of template arguments (9, should be 3)\n'}
[5.151245] (sfm_ros2) StderrLine: {'line': b'  272 |     return \x1b[01;31m\x1b[KaddCallback<const M0ConstPtr&,\x1b[m\x1b[K\n'}
[5.151279] (sfm_ros2) StderrLine: {'line': b'      |            \x1b[01;31m\x1b[K~~~~~~~~~~~~~~~~~~~~~~~~~~~~~~\x1b[m\x1b[K\n'}
[5.151314] (sfm_ros2) StderrLine: {'line': b'  273 | \x1b[01;31m\x1b[K                     const M1ConstPtr&,\x1b[m\x1b[K\n'}
[5.151348] (sfm_ros2) StderrLine: {'line': b'      |                      \x1b[01;31m\x1b[K~~~~~~~~~~~~~~~~~~\x1b[m\x1b[K \n'}
[5.151383] (sfm_ros2) StderrLine: {'line': b'  274 | \x1b[01;31m\x1b[K                     const M2ConstPtr&,\x1b[m\x1b[K\n'}
[5.151417] (sfm_ros2) StderrLine: {'line': b'      |                      \x1b[01;31m\x1b[K~~~~~~~~~~~~~~~~~~\x1b[m\x1b[K \n'}
[5.151452] (sfm_ros2) StderrLine: {'line': b'  275 | \x1b[01;31m\x1b[K                     const M3ConstPtr&,\x1b[m\x1b[K\n'}
[5.151483] (sfm_ros2) StderrLine: {'line': b'      |                      \x1b[01;31m\x1b[K~~~~~~~~~~~~~~~~~~\x1b[m\x1b[K \n'}
[5.151516] (sfm_ros2) StderrLine: {'line': b'  276 | \x1b[01;31m\x1b[K                     const M4ConstPtr&,\x1b[m\x1b[K\n'}
[5.151549] (sfm_ros2) StderrLine: {'line': b'      |                      \x1b[01;31m\x1b[K~~~~~~~~~~~~~~~~~~\x1b[m\x1b[K \n'}
[5.151581] (sfm_ros2) StderrLine: {'line': b'  277 | \x1b[01;31m\x1b[K                     const M5ConstPtr&,\x1b[m\x1b[K\n'}
[5.151613] (sfm_ros2) StderrLine: {'line': b'      |                      \x1b[01;31m\x1b[K~~~~~~~~~~~~~~~~~~\x1b[m\x1b[K \n'}
[5.151646] (sfm_ros2) StderrLine: {'line': b'  278 | \x1b[01;31m\x1b[K                     const M6ConstPtr&,\x1b[m\x1b[K\n'}
[5.151678] (sfm_ros2) StderrLine: {'line': b'      |                      \x1b[01;31m\x1b[K~~~~~~~~~~~~~~~~~~\x1b[m\x1b[K \n'}
[5.151711] (sfm_ros2) StderrLine: {'line': b'  279 | \x1b[01;31m\x1b[K                     const M7ConstPtr&,\x1b[m\x1b[K\n'}
[5.151744] (sfm_ros2) StderrLine: {'line': b'      |                      \x1b[01;31m\x1b[K~~~~~~~~~~~~~~~~~~\x1b[m\x1b[K \n'}
[5.151776] (sfm_ros2) StderrLine: {'line': b'  280 | \x1b[01;31m\x1b[K                     const M8ConstPtr&>(std::bind(callback, std::placeholders::_1, std::placeholders::_2, std::placeholders::_3, std::placeholders::_4, std::placeholders::_5, std::placeholders::_6, std::placeholders::_7, std::placeholders::_8, std::placeholders::_9))\x1b[m\x1b[K;\n'}
[5.151811] (sfm_ros2) StderrLine: {'line': b'      |                      \x1b[01;31m\x1b[K~~~~~~~~~~~~~~~~~~^~~~~~~~~~~~~~~~~~~~~~~~~~~~~~~~~~~~~~~~~~~~~~~~~~~~~~~~~~~~~~~~~~~~~~~~~~~~~~~~~~~~~~~~~~~~~~~~~~~~~~~~~~~~~~~~~~~~~~~~~~~~~~~~~~~~~~~~~~~~~~~~~~~~~~~~~~~~~~~~~~~~~~~~~~~~~~~~~~~~~~~~~~~~~~~~~~~~~~~~~~~~~~~~~~~~~~~~~~~~~~~~~~~~\x1b[m\x1b[K\n'}
[5.151847] (sfm_ros2) StderrLine: {'line': b'\x1b[01m\x1b[K/opt/ros/jazzy/include/message_filters/message_filters/signal9.h:186:14:\x1b[m\x1b[K \x1b[01;36m\x1b[Knote: \x1b[m\x1b[Kprovided for \xe2\x80\x98\x1b[01m\x1b[Ktemplate<class P0, class P1, class P2> message_filters::Connection message_filters::Signal9<M0, M1, M2, M3, M4, M5, M6, M7, M8>::\x1b[01;32m\x1b[KaddCallback\x1b[m\x1b[K(void (*)(P0, P1, P2)) \x1b[35m\x1b[K[with P1 = P0; P2 = P1; M0 = sensor_msgs::msg::Image_<std::allocator<void> >; M1 = sensor_msgs::msg::Image_<std::allocator<void> >; M2 = sensor_msgs::msg::CameraInfo_<std::allocator<void> >; M3 = nav_msgs::msg::Odometry_<std::allocator<void> >; M4 = message_filters::NullType; M5 = message_filters::NullType; M6 = message_filters::NullType; M7 = message_filters::NullType; M8 = message_filters::NullType]\x1b[m\x1b[K\x1b[m\x1b[K\xe2\x80\x99\n'}
[5.151884] (sfm_ros2) StderrLine: {'line': b'  186 |   Connection \x1b[01;36m\x1b[KaddCallback\x1b[m\x1b[K(void(*callback)(P0, P1, P2))\n'}
[5.151919] (sfm_ros2) StderrLine: {'line': b'      |              \x1b[01;36m\x1b[K^~~~~~~~~~~\x1b[m\x1b[K\n'}
[5.151954] (sfm_ros2) StderrLine: {'line': b'\x1b[01m\x1b[K/opt/ros/jazzy/include/message_filters/message_filters/signal9.h:192:14:\x1b[m\x1b[K \x1b[01;36m\x1b[Knote: \x1b[m\x1b[Kcandidate: \xe2\x80\x98\x1b[01m\x1b[Ktemplate<class P0, class P1, class P2, class P3> message_filters::Connection message_filters::Signal9<M0, M1, M2, M3, M4, M5, M6, M7, M8>::\x1b[01;32m\x1b[KaddCallback\x1b[m\x1b[K(void (*)(P0, P1, P2, P3)) \x1b[35m\x1b[K[with P1 = P0; P2 = P1; P3 = P2; M0 = sensor_msgs::msg::Image_<std::allocator<void> >; M1 = sensor_msgs::msg::Image_<std::allocator<void> >; M2 = sensor_msgs::msg::CameraInfo_<std::allocator<void> >; M3 = nav_msgs::msg::Odometry_<std::allocator<void> >; M4 = message_filters::NullType; M5 = message_filters::NullType; M6 = message_filters::NullType; M7 = message_filters::NullType; M8 = message_filters::NullType]\x1b[m\x1b[K\x1b[m\x1b[K\xe2\x80\x99\n'}
[5.151992] (sfm_ros2) StderrLine: {'line': b'  192 |   Connection \x1b[01;36m\x1b[KaddCallback\x1b[m\x1b[K(void(*callback)(P0, P1, P2, P3))\n'}
[5.152026] (sfm_ros2) StderrLine: {'line': b'      |              \x1b[01;36m\x1b[K^~~~~~~~~~~\x1b[m\x1b[K\n'}
[5.152059] (sfm_ros2) StderrLine: {'line': b'\x1b[01m\x1b[K/opt/ros/jazzy/include/message_filters/message_filters/signal9.h:192:14:\x1b[m\x1b[K \x1b[01;36m\x1b[Knote: \x1b[m\x1b[K  template argument deduction/substitution failed:\n'}
[5.152094] (sfm_ros2) StderrLine: {'line': b'\x1b[01m\x1b[K/opt/ros/jazzy/include/message_filters/message_filters/signal9.h:280:40:\x1b[m\x1b[K \x1b[01;31m\x1b[Kerror: \x1b[m\x1b[Kwrong number of template arguments (9, should be 4)\n'}
[5.152128] (sfm_ros2) StderrLine: {'line': b'  272 |     return \x1b[01;31m\x1b[KaddCallback<const M0ConstPtr&,\x1b[m\x1b[K\n'}
[5.152160] (sfm_ros2) StderrLine: {'line': b'      |            \x1b[01;31m\x1b[K~~~~~~~~~~~~~~~~~~~~~~~~~~~~~~\x1b[m\x1b[K\n'}
[5.152194] (sfm_ros2) StderrLine: {'line': b'  273 | \x1b[01;31m\x1b[K                     const M1ConstPtr&,\x1b[m\x1b[K\n'}
[5.152228] (sfm_ros2) StderrLine: {'line': b'      |                      \x1b[01;31m\x1b[K~~~~~~~~~~~~~~~~~~\x1b[m\x1b[K \n'}
[5.152261] (sfm_ros2) StderrLine: {'line': b'  274 | \x1b[01;31m\x1b[K                     const M2ConstPtr&,\x1b[m\x1b[K\n'}
[5.152294] (sfm_ros2) StderrLine: {'line': b'      |                      \x1b[01;31m\x1b[K~~~~~~~~~~~~~~~~~~\x1b[m\x1b[K \n'}
[5.152330] (sfm_ros2) StderrLine: {'line': b'  275 | \x1b[01;31m\x1b[K                     const M3ConstPtr&,\x1b[m\x1b[K\n'}
[5.152362] (sfm_ros2) StderrLine: {'line': b'      |                      \x1b[01;31m\x1b[K~~~~~~~~~~~~~~~~~~\x1b[m\x1b[K \n'}
[5.152395] (sfm_ros2) StderrLine: {'line': b'  276 | \x1b[01;31m\x1b[K                     const M4ConstPtr&,\x1b[m\x1b[K\n'}
[5.152430] (sfm_ros2) StderrLine: {'line': b'      |                      \x1b[01;31m\x1b[K~~~~~~~~~~~~~~~~~~\x1b[m\x1b[K \n'}
[5.152462] (sfm_ros2) StderrLine: {'line': b'  277 | \x1b[01;31m\x1b[K                     const M5ConstPtr&,\x1b[m\x1b[K\n'}
[5.152496] (sfm_ros2) StderrLine: {'line': b'      |                      \x1b[01;31m\x1b[K~~~~~~~~~~~~~~~~~~\x1b[m\x1b[K \n'}
[5.152530] (sfm_ros2) StderrLine: {'line': b'  278 | \x1b[01;31m\x1b[K                     const M6ConstPtr&,\x1b[m\x1b[K\n'}
[5.152563] (sfm_ros2) StderrLine: {'line': b'      |                      \x1b[01;31m\x1b[K~~~~~~~~~~~~~~~~~~\x1b[m\x1b[K \n'}
[5.152596] (sfm_ros2) StderrLine: {'line': b'  279 | \x1b[01;31m\x1b[K                     const M7ConstPtr&,\x1b[m\x1b[K\n'}
[5.152628] (sfm_ros2) StderrLine: {'line': b'      |                      \x1b[01;31m\x1b[K~~~~~~~~~~~~~~~~~~\x1b[m\x1b[K \n'}
[5.152661] (sfm_ros2) StderrLine: {'line': b'  280 | \x1b[01;31m\x1b[K                     const M8ConstPtr&>(std::bind(callback, std::placeholders::_1, std::placeholders::_2, std::placeholders::_3, std::placeholders::_4, std::placeholders::_5, std::placeholders::_6, std::placeholders::_7, std::placeholders::_8, std::placeholders::_9))\x1b[m\x1b[K;\n'}
[5.152695] (sfm_ros2) StderrLine: {'line': b'      |                      \x1b[01;31m\x1b[K~~~~~~~~~~~~~~~~~~^~~~~~~~~~~~~~~~~~~~~~~~~~~~~~~~~~~~~~~~~~~~~~~~~~~~~~~~~~~~~~~~~~~~~~~~~~~~~~~~~~~~~~~~~~~~~~~~~~~~~~~~~~~~~~~~~~~~~~~~~~~~~~~~~~~~~~~~~~~~~~~~~~~~~~~~~~~~~~~~~~~~~~~~~~~~~~~~~~~~~~~~~~~~~~~~~~~~~~~~~~~~~~~~~~~~~~~~~~~~~~~~~~~~\x1b[m\x1b[K\n'}
[5.152730] (sfm_ros2) StderrLine: {'line': b'\x1b[01m\x1b[K/opt/ros/jazzy/include/message_filters/message_filters/signal9.h:192:14:\x1b[m\x1b[K \x1b[01;36m\x1b[Knote: \x1b[m\x1b[Kprovided for \xe2\x80\x98\x1b[01m\x1b[Ktemplate<class P0, class P1, class P2, class P3> message_filters::Connection message_filters::Signal9<M0, M1, M2, M3, M4, M5, M6, M7, M8>::\x1b[01;32m\x1b[KaddCallback\x1b[m\x1b[K(void (*)(P0, P1, P2, P3)) \x1b[35m\x1b[K[with P1 = P0; P2 = P1; P3 = P2; M0 = sensor_msgs::msg::Image_<std::allocator<void> >; M1 = sensor_msgs::msg::Image_<std::allocator<void> >; M2 = sensor_msgs::msg::CameraInfo_<std::allocator<void> >; M3 = nav_msgs::msg::Odometry_<std::allocator<void> >; M4 = message_filters::NullType; M5 = message_filters::NullType; M6 = message_filters::NullType; M7 = message_filters::NullType; M8 = message_filters::NullType]\x1b[m\x1b[K\x1b[m\x1b[K\xe2\x80\x99\n'}
[5.152766] (sfm_ros2) StderrLine: {'line': b'  192 |   Connection \x1b[01;36m\x1b[KaddCallback\x1b[m\x1b[K(void(*callback)(P0, P1, P2, P3))\n'}
[5.152800] (sfm_ros2) StderrLine: {'line': b'      |              \x1b[01;36m\x1b[K^~~~~~~~~~~\x1b[m\x1b[K\n'}
[5.152833] (sfm_ros2) StderrLine: {'line': b'\x1b[01m\x1b[K/opt/ros/jazzy/include/message_filters/message_filters/signal9.h:198:14:\x1b[m\x1b[K \x1b[01;36m\x1b[Knote: \x1b[m\x1b[Kcandidate: \xe2\x80\x98\x1b[01m\x1b[Ktemplate<class P0, class P1, class P2, class P3, class P4> message_filters::Connection message_filters::Signal9<M0, M1, M2, M3, M4, M5, M6, M7, M8>::\x1b[01;32m\x1b[KaddCallback\x1b[m\x1b[K(void (*)(P0, P1, P2, P3, P4)) \x1b[35m\x1b[K[with P1 = P0; P2 = P1; P3 = P2; P4 = P3; M0 = sensor_msgs::msg::Image_<std::allocator<void> >; M1 = sensor_msgs::msg::Image_<std::allocator<void> >; M2 = sensor_msgs::msg::CameraInfo_<std::allocator<void> >; M3 = nav_msgs::msg::Odometry_<std::allocator<void> >; M4 = message_filters::NullType; M5 = message_filters::NullType; M6 = message_filters::NullType; M7 = message_filters::NullType; M8 = message_filters::NullType]\x1b[m\x1b[K\x1b[m\x1b[K\xe2\x80\x99\n'}
[5.152872] (sfm_ros2) StderrLine: {'line': b'  198 |   Connection \x1b[01;36m\x1b[KaddCallback\x1b[m\x1b[K(void(*callback)(P0, P1, P2, P3, P4))\n'}
[5.152906] (sfm_ros2) StderrLine: {'line': b'      |              \x1b[01;36m\x1b[K^~~~~~~~~~~\x1b[m\x1b[K\n'}
[5.152940] (sfm_ros2) StderrLine: {'line': b'\x1b[01m\x1b[K/opt/ros/jazzy/include/message_filters/message_filters/signal9.h:198:14:\x1b[m\x1b[K \x1b[01;36m\x1b[Knote: \x1b[m\x1b[K  template argument deduction/substitution failed:\n'}
[5.152974] (sfm_ros2) StderrLine: {'line': b'\x1b[01m\x1b[K/opt/ros/jazzy/include/message_filters/message_filters/signal9.h:280:40:\x1b[m\x1b[K \x1b[01;31m\x1b[Kerror: \x1b[m\x1b[Kwrong number of template arguments (9, should be 5)\n'}
[5.153010] (sfm_ros2) StderrLine: {'line': b'  272 |     return \x1b[01;31m\x1b[KaddCallback<const M0ConstPtr&,\x1b[m\x1b[K\n'}
[5.153044] (sfm_ros2) StderrLine: {'line': b'      |            \x1b[01;31m\x1b[K~~~~~~~~~~~~~~~~~~~~~~~~~~~~~~\x1b[m\x1b[K\n'}
[5.153079] (sfm_ros2) StderrLine: {'line': b'  273 | \x1b[01;31m\x1b[K                     const M1ConstPtr&,\x1b[m\x1b[K\n'}
[5.153112] (sfm_ros2) StderrLine: {'line': b'      |                      \x1b[01;31m\x1b[K~~~~~~~~~~~~~~~~~~\x1b[m\x1b[K \n'}
[5.153146] (sfm_ros2) StderrLine: {'line': b'  274 | \x1b[01;31m\x1b[K                     const M2ConstPtr&,\x1b[m\x1b[K\n'}
[5.153179] (sfm_ros2) StderrLine: {'line': b'      |                      \x1b[01;31m\x1b[K~~~~~~~~~~~~~~~~~~\x1b[m\x1b[K \n'}
[5.153211] (sfm_ros2) StderrLine: {'line': b'  275 | \x1b[01;31m\x1b[K                     const M3ConstPtr&,\x1b[m\x1b[K\n'}
[5.153244] (sfm_ros2) StderrLine: {'line': b'      |                      \x1b[01;31m\x1b[K~~~~~~~~~~~~~~~~~~\x1b[m\x1b[K \n'}
[5.153276] (sfm_ros2) StderrLine: {'line': b'  276 | \x1b[01;31m\x1b[K                     const M4ConstPtr&,\x1b[m\x1b[K\n'}
[5.153308] (sfm_ros2) StderrLine: {'line': b'      |                      \x1b[01;31m\x1b[K~~~~~~~~~~~~~~~~~~\x1b[m\x1b[K \n'}
[5.153348] (sfm_ros2) StderrLine: {'line': b'  277 | \x1b[01;31m\x1b[K                     const M5ConstPtr&,\x1b[m\x1b[K\n'}
[5.153381] (sfm_ros2) StderrLine: {'line': b'      |                      \x1b[01;31m\x1b[K~~~~~~~~~~~~~~~~~~\x1b[m\x1b[K \n'}
[5.153414] (sfm_ros2) StderrLine: {'line': b'  278 | \x1b[01;31m\x1b[K                     const M6ConstPtr&,\x1b[m\x1b[K\n'}
[5.153446] (sfm_ros2) StderrLine: {'line': b'      |                      \x1b[01;31m\x1b[K~~~~~~~~~~~~~~~~~~\x1b[m\x1b[K \n'}
[5.153477] (sfm_ros2) StderrLine: {'line': b'  279 | \x1b[01;31m\x1b[K                     const M7ConstPtr&,\x1b[m\x1b[K\n'}
[5.153510] (sfm_ros2) StderrLine: {'line': b'      |                      \x1b[01;31m\x1b[K~~~~~~~~~~~~~~~~~~\x1b[m\x1b[K \n'}
[5.153542] (sfm_ros2) StderrLine: {'line': b'  280 | \x1b[01;31m\x1b[K                     const M8ConstPtr&>(std::bind(callback, std::placeholders::_1, std::placeholders::_2, std::placeholders::_3, std::placeholders::_4, std::placeholders::_5, std::placeholders::_6, std::placeholders::_7, std::placeholders::_8, std::placeholders::_9))\x1b[m\x1b[K;\n'}
[5.153576] (sfm_ros2) StderrLine: {'line': b'      |                      \x1b[01;31m\x1b[K~~~~~~~~~~~~~~~~~~^~~~~~~~~~~~~~~~~~~~~~~~~~~~~~~~~~~~~~~~~~~~~~~~~~~~~~~~~~~~~~~~~~~~~~~~~~~~~~~~~~~~~~~~~~~~~~~~~~~~~~~~~~~~~~~~~~~~~~~~~~~~~~~~~~~~~~~~~~~~~~~~~~~~~~~~~~~~~~~~~~~~~~~~~~~~~~~~~~~~~~~~~~~~~~~~~~~~~~~~~~~~~~~~~~~~~~~~~~~~~~~~~~~~\x1b[m\x1b[K\n'}
[5.153609] (sfm_ros2) StderrLine: {'line': b'\x1b[01m\x1b[K/opt/ros/jazzy/include/message_filters/message_filters/signal9.h:198:14:\x1b[m\x1b[K \x1b[01;36m\x1b[Knote: \x1b[m\x1b[Kprovided for \xe2\x80\x98\x1b[01m\x1b[Ktemplate<class P0, class P1, class P2, class P3, class P4> message_filters::Connection message_filters::Signal9<M0, M1, M2, M3, M4, M5, M6, M7, M8>::\x1b[01;32m\x1b[KaddCallback\x1b[m\x1b[K(void (*)(P0, P1, P2, P3, P4)) \x1b[35m\x1b[K[with P1 = P0; P2 = P1; P3 = P2; P4 = P3; M0 = sensor_msgs::msg::Image_<std::allocator<void> >; M1 = sensor_msgs::msg::Image_<std::allocator<void> >; M2 = sensor_msgs::msg::CameraInfo_<std::allocator<void> >; M3 = nav_msgs::msg::Odometry_<std::allocator<void> >; M4 = message_filters::NullType; M5 = message_filters::NullType; M6 = message_filters::NullType; M7 = message_filters::NullType; M8 = message_filters::NullType]\x1b[m\x1b[K\x1b[m\x1b[K\xe2\x80\x99\n'}
[5.153643] (sfm_ros2) StderrLine: {'line': b'  198 |   Connection \x1b[01;36m\x1b[KaddCallback\x1b[m\x1b[K(void(*callback)(P0, P1, P2, P3, P4))\n'}
[5.153677] (sfm_ros2) StderrLine: {'line': b'      |              \x1b[01;36m\x1b[K^~~~~~~~~~~\x1b[m\x1b[K\n'}
[5.153709] (sfm_ros2) StderrLine: {'line': b'\x1b[01m\x1b[K/opt/ros/jazzy/include/message_filters/message_filters/signal9.h:204:14:\x1b[m\x1b[K \x1b[01;36m\x1b[Knote: \x1b[m\x1b[Kcandidate: \xe2\x80\x98\x1b[01m\x1b[Ktemplate<class P0, class P1, class P2, class P3, class P4, class P5> message_filters::Connection message_filters::Signal9<M0, M1, M2, M3, M4, M5, M6, M7, M8>::\x1b[01;32m\x1b[KaddCallback\x1b[m\x1b[K(void (*)(P0, P1, P2, P3, P4, P5)) \x1b[35m\x1b[K[with P1 = P0; P2 = P1; P3 = P2; P4 = P3; P5 = P4; M0 = sensor_msgs::msg::Image_<std::allocator<void> >; M1 = sensor_msgs::msg::Image_<std::allocator<void> >; M2 = sensor_msgs::msg::CameraInfo_<std::allocator<void> >; M3 = nav_msgs::msg::Odometry_<std::allocator<void> >; M4 = message_filters::NullType; M5 = message_filters::NullType; M6 = message_filters::NullType; M7 = message_filters::NullType; M8 = message_filters::NullType]\x1b[m\x1b[K\x1b[m\x1b[K\xe2\x80\x99\n'}
[5.153747] (sfm_ros2) StderrLine: {'line': b'  204 |   Connection \x1b[01;36m\x1b[KaddCallback\x1b[m\x1b[K(void(*callback)(P0, P1, P2, P3, P4, P5))\n'}
[5.153781] (sfm_ros2) StderrLine: {'line': b'      |              \x1b[01;36m\x1b[K^~~~~~~~~~~\x1b[m\x1b[K\n'}
[5.153813] (sfm_ros2) StderrLine: {'line': b'\x1b[01m\x1b[K/opt/ros/jazzy/include/message_filters/message_filters/signal9.h:204:14:\x1b[m\x1b[K \x1b[01;36m\x1b[Knote: \x1b[m\x1b[K  template argument deduction/substitution failed:\n'}
[5.153845] (sfm_ros2) StderrLine: {'line': b'\x1b[01m\x1b[K/opt/ros/jazzy/include/message_filters/message_filters/signal9.h:280:40:\x1b[m\x1b[K \x1b[01;31m\x1b[Kerror: \x1b[m\x1b[Kwrong number of template arguments (9, should be 6)\n'}
[5.153878] (sfm_ros2) StderrLine: {'line': b'  272 |     return \x1b[01;31m\x1b[KaddCallback<const M0ConstPtr&,\x1b[m\x1b[K\n'}
[5.153911] (sfm_ros2) StderrLine: {'line': b'      |            \x1b[01;31m\x1b[K~~~~~~~~~~~~~~~~~~~~~~~~~~~~~~\x1b[m\x1b[K\n'}
[5.153944] (sfm_ros2) StderrLine: {'line': b'  273 | \x1b[01;31m\x1b[K                     const M1ConstPtr&,\x1b[m\x1b[K\n'}
[5.153976] (sfm_ros2) StderrLine: {'line': b'      |                      \x1b[01;31m\x1b[K~~~~~~~~~~~~~~~~~~\x1b[m\x1b[K \n'}
[5.154009] (sfm_ros2) StderrLine: {'line': b'  274 | \x1b[01;31m\x1b[K                     const M2ConstPtr&,\x1b[m\x1b[K\n'}
[5.154041] (sfm_ros2) StderrLine: {'line': b'      |                      \x1b[01;31m\x1b[K~~~~~~~~~~~~~~~~~~\x1b[m\x1b[K \n'}
[5.154073] (sfm_ros2) StderrLine: {'line': b'  275 | \x1b[01;31m\x1b[K                     const M3ConstPtr&,\x1b[m\x1b[K\n'}
[5.154105] (sfm_ros2) StderrLine: {'line': b'      |                      \x1b[01;31m\x1b[K~~~~~~~~~~~~~~~~~~\x1b[m\x1b[K \n'}
[5.154137] (sfm_ros2) StderrLine: {'line': b'  276 | \x1b[01;31m\x1b[K                     const M4ConstPtr&,\x1b[m\x1b[K\n'}
[5.154169] (sfm_ros2) StderrLine: {'line': b'      |                      \x1b[01;31m\x1b[K~~~~~~~~~~~~~~~~~~\x1b[m\x1b[K \n'}
[5.154201] (sfm_ros2) StderrLine: {'line': b'  277 | \x1b[01;31m\x1b[K                     const M5ConstPtr&,\x1b[m\x1b[K\n'}
[5.154233] (sfm_ros2) StderrLine: {'line': b'      |                      \x1b[01;31m\x1b[K~~~~~~~~~~~~~~~~~~\x1b[m\x1b[K \n'}
[5.154265] (sfm_ros2) StderrLine: {'line': b'  278 | \x1b[01;31m\x1b[K                     const M6ConstPtr&,\x1b[m\x1b[K\n'}
[5.154297] (sfm_ros2) StderrLine: {'line': b'      |                      \x1b[01;31m\x1b[K~~~~~~~~~~~~~~~~~~\x1b[m\x1b[K \n'}
[5.154330] (sfm_ros2) StderrLine: {'line': b'  279 | \x1b[01;31m\x1b[K                     const M7ConstPtr&,\x1b[m\x1b[K\n'}
[5.154363] (sfm_ros2) StderrLine: {'line': b'      |                      \x1b[01;31m\x1b[K~~~~~~~~~~~~~~~~~~\x1b[m\x1b[K \n'}
[5.154395] (sfm_ros2) StderrLine: {'line': b'  280 | \x1b[01;31m\x1b[K                     const M8ConstPtr&>(std::bind(callback, std::placeholders::_1, std::placeholders::_2, std::placeholders::_3, std::placeholders::_4, std::placeholders::_5, std::placeholders::_6, std::placeholders::_7, std::placeholders::_8, std::placeholders::_9))\x1b[m\x1b[K;\n'}
[5.154429] (sfm_ros2) StderrLine: {'line': b'      |                      \x1b[01;31m\x1b[K~~~~~~~~~~~~~~~~~~^~~~~~~~~~~~~~~~~~~~~~~~~~~~~~~~~~~~~~~~~~~~~~~~~~~~~~~~~~~~~~~~~~~~~~~~~~~~~~~~~~~~~~~~~~~~~~~~~~~~~~~~~~~~~~~~~~~~~~~~~~~~~~~~~~~~~~~~~~~~~~~~~~~~~~~~~~~~~~~~~~~~~~~~~~~~~~~~~~~~~~~~~~~~~~~~~~~~~~~~~~~~~~~~~~~~~~~~~~~~~~~~~~~~\x1b[m\x1b[K\n'}
[5.154463] (sfm_ros2) StderrLine: {'line': b'\x1b[01m\x1b[K/opt/ros/jazzy/include/message_filters/message_filters/signal9.h:204:14:\x1b[m\x1b[K \x1b[01;36m\x1b[Knote: \x1b[m\x1b[Kprovided for \xe2\x80\x98\x1b[01m\x1b[Ktemplate<class P0, class P1, class P2, class P3, class P4, class P5> message_filters::Connection message_filters::Signal9<M0, M1, M2, M3, M4, M5, M6, M7, M8>::\x1b[01;32m\x1b[KaddCallback\x1b[m\x1b[K(void (*)(P0, P1, P2, P3, P4, P5)) \x1b[35m\x1b[K[with P1 = P0; P2 = P1; P3 = P2; P4 = P3; P5 = P4; M0 = sensor_msgs::msg::Image_<std::allocator<void> >; M1 = sensor_msgs::msg::Image_<std::allocator<void> >; M2 = sensor_msgs::msg::CameraInfo_<std::allocator<void> >; M3 = nav_msgs::msg::Odometry_<std::allocator<void> >; M4 = message_filters::NullType; M5 = message_filters::NullType; M6 = message_filters::NullType; M7 = message_filters::NullType; M8 = message_filters::NullType]\x1b[m\x1b[K\x1b[m\x1b[K\xe2\x80\x99\n'}
[5.154500] (sfm_ros2) StderrLine: {'line': b'  204 |   Connection \x1b[01;36m\x1b[KaddCallback\x1b[m\x1b[K(void(*callback)(P0, P1, P2, P3, P4, P5))\n'}
[5.154533] (sfm_ros2) StderrLine: {'line': b'      |              \x1b[01;36m\x1b[K^~~~~~~~~~~\x1b[m\x1b[K\n'}
[5.154566] (sfm_ros2) StderrLine: {'line': b'\x1b[01m\x1b[K/opt/ros/jazzy/include/message_filters/message_filters/signal9.h:210:14:\x1b[m\x1b[K \x1b[01;36m\x1b[Knote: \x1b[m\x1b[Kcandidate: \xe2\x80\x98\x1b[01m\x1b[Ktemplate<class P0, class P1, class P2, class P3, class P4, class P5, class P6> message_filters::Connection message_filters::Signal9<M0, M1, M2, M3, M4, M5, M6, M7, M8>::\x1b[01;32m\x1b[KaddCallback\x1b[m\x1b[K(void (*)(P0, P1, P2, P3, P4, P5, P6)) \x1b[35m\x1b[K[with P1 = P0; P2 = P1; P3 = P2; P4 = P3; P5 = P4; P6 = P5; M0 = sensor_msgs::msg::Image_<std::allocator<void> >; M1 = sensor_msgs::msg::Image_<std::allocator<void> >; M2 = sensor_msgs::msg::CameraInfo_<std::allocator<void> >; M3 = nav_msgs::msg::Odometry_<std::allocator<void> >; M4 = message_filters::NullType; M5 = message_filters::NullType; M6 = message_filters::NullType; M7 = message_filters::NullType; M8 = message_filters::NullType]\x1b[m\x1b[K\x1b[m\x1b[K\xe2\x80\x99\n'}
[5.154601] (sfm_ros2) StderrLine: {'line': b'  210 |   Connection \x1b[01;36m\x1b[KaddCallback\x1b[m\x1b[K(void(*callback)(P0, P1, P2, P3, P4, P5, P6))\n'}
[5.154632] (sfm_ros2) StderrLine: {'line': b'      |              \x1b[01;36m\x1b[K^~~~~~~~~~~\x1b[m\x1b[K\n'}
[5.154664] (sfm_ros2) StderrLine: {'line': b'\x1b[01m\x1b[K/opt/ros/jazzy/include/message_filters/message_filters/signal9.h:210:14:\x1b[m\x1b[K \x1b[01;36m\x1b[Knote: \x1b[m\x1b[K  template argument deduction/substitution failed:\n'}
[5.154697] (sfm_ros2) StderrLine: {'line': b'\x1b[01m\x1b[K/opt/ros/jazzy/include/message_filters/message_filters/signal9.h:280:40:\x1b[m\x1b[K \x1b[01;31m\x1b[Kerror: \x1b[m\x1b[Kwrong number of template arguments (9, should be 7)\n'}
[5.154732] (sfm_ros2) StderrLine: {'line': b'  272 |     return \x1b[01;31m\x1b[KaddCallback<const M0ConstPtr&,\x1b[m\x1b[K\n'}
[5.154764] (sfm_ros2) StderrLine: {'line': b'      |            \x1b[01;31m\x1b[K~~~~~~~~~~~~~~~~~~~~~~~~~~~~~~\x1b[m\x1b[K\n'}
[5.154795] (sfm_ros2) StderrLine: {'line': b'  273 | \x1b[01;31m\x1b[K                     const M1ConstPtr&,\x1b[m\x1b[K\n'}
[5.154828] (sfm_ros2) StderrLine: {'line': b'      |                      \x1b[01;31m\x1b[K~~~~~~~~~~~~~~~~~~\x1b[m\x1b[K \n'}
[5.154861] (sfm_ros2) StderrLine: {'line': b'  274 | \x1b[01;31m\x1b[K                     const M2ConstPtr&,\x1b[m\x1b[K\n'}
[5.154893] (sfm_ros2) StderrLine: {'line': b'      |                      \x1b[01;31m\x1b[K~~~~~~~~~~~~~~~~~~\x1b[m\x1b[K \n'}
[5.154927] (sfm_ros2) StderrLine: {'line': b'  275 | \x1b[01;31m\x1b[K                     const M3ConstPtr&,\x1b[m\x1b[K\n'}
[5.154960] (sfm_ros2) StderrLine: {'line': b'      |                      \x1b[01;31m\x1b[K~~~~~~~~~~~~~~~~~~\x1b[m\x1b[K \n'}
[5.154993] (sfm_ros2) StderrLine: {'line': b'  276 | \x1b[01;31m\x1b[K                     const M4ConstPtr&,\x1b[m\x1b[K\n'}
[5.155024] (sfm_ros2) StderrLine: {'line': b'      |                      \x1b[01;31m\x1b[K~~~~~~~~~~~~~~~~~~\x1b[m\x1b[K \n'}
[5.155056] (sfm_ros2) StderrLine: {'line': b'  277 | \x1b[01;31m\x1b[K                     const M5ConstPtr&,\x1b[m\x1b[K\n'}
[5.155088] (sfm_ros2) StderrLine: {'line': b'      |                      \x1b[01;31m\x1b[K~~~~~~~~~~~~~~~~~~\x1b[m\x1b[K \n'}
[5.155119] (sfm_ros2) StderrLine: {'line': b'  278 | \x1b[01;31m\x1b[K                     const M6ConstPtr&,\x1b[m\x1b[K\n'}
[5.155150] (sfm_ros2) StderrLine: {'line': b'      |                      \x1b[01;31m\x1b[K~~~~~~~~~~~~~~~~~~\x1b[m\x1b[K \n'}
[5.155182] (sfm_ros2) StderrLine: {'line': b'  279 | \x1b[01;31m\x1b[K                     const M7ConstPtr&,\x1b[m\x1b[K\n'}
[5.155214] (sfm_ros2) StderrLine: {'line': b'      |                      \x1b[01;31m\x1b[K~~~~~~~~~~~~~~~~~~\x1b[m\x1b[K \n'}
[5.155246] (sfm_ros2) StderrLine: {'line': b'  280 | \x1b[01;31m\x1b[K                     const M8ConstPtr&>(std::bind(callback, std::placeholders::_1, std::placeholders::_2, std::placeholders::_3, std::placeholders::_4, std::placeholders::_5, std::placeholders::_6, std::placeholders::_7, std::placeholders::_8, std::placeholders::_9))\x1b[m\x1b[K;\n'}
[5.155281] (sfm_ros2) StderrLine: {'line': b'      |                      \x1b[01;31m\x1b[K~~~~~~~~~~~~~~~~~~^~~~~~~~~~~~~~~~~~~~~~~~~~~~~~~~~~~~~~~~~~~~~~~~~~~~~~~~~~~~~~~~~~~~~~~~~~~~~~~~~~~~~~~~~~~~~~~~~~~~~~~~~~~~~~~~~~~~~~~~~~~~~~~~~~~~~~~~~~~~~~~~~~~~~~~~~~~~~~~~~~~~~~~~~~~~~~~~~~~~~~~~~~~~~~~~~~~~~~~~~~~~~~~~~~~~~~~~~~~~~~~~~~~~\x1b[m\x1b[K\n'}
[5.155314] (sfm_ros2) StderrLine: {'line': b'\x1b[01m\x1b[K/opt/ros/jazzy/include/message_filters/message_filters/signal9.h:210:14:\x1b[m\x1b[K \x1b[01;36m\x1b[Knote: \x1b[m\x1b[Kprovided for \xe2\x80\x98\x1b[01m\x1b[Ktemplate<class P0, class P1, class P2, class P3, class P4, class P5, class P6> message_filters::Connection message_filters::Signal9<M0, M1, M2, M3, M4, M5, M6, M7, M8>::\x1b[01;32m\x1b[KaddCallback\x1b[m\x1b[K(void (*)(P0, P1, P2, P3, P4, P5, P6)) \x1b[35m\x1b[K[with P1 = P0; P2 = P1; P3 = P2; P4 = P3; P5 = P4; P6 = P5; M0 = sensor_msgs::msg::Image_<std::allocator<void> >; M1 = sensor_msgs::msg::Image_<std::allocator<void> >; M2 = sensor_msgs::msg::CameraInfo_<std::allocator<void> >; M3 = nav_msgs::msg::Odometry_<std::allocator<void> >; M4 = message_filters::NullType; M5 = message_filters::NullType; M6 = message_filters::NullType; M7 = message_filters::NullType; M8 = message_filters::NullType]\x1b[m\x1b[K\x1b[m\x1b[K\xe2\x80\x99\n'}
[5.155350] (sfm_ros2) StderrLine: {'line': b'  210 |   Connection \x1b[01;36m\x1b[KaddCallback\x1b[m\x1b[K(void(*callback)(P0, P1, P2, P3, P4, P5, P6))\n'}
[5.155382] (sfm_ros2) StderrLine: {'line': b'      |              \x1b[01;36m\x1b[K^~~~~~~~~~~\x1b[m\x1b[K\n'}
[5.155415] (sfm_ros2) StderrLine: {'line': b'\x1b[01m\x1b[K/opt/ros/jazzy/include/message_filters/message_filters/signal9.h:216:14:\x1b[m\x1b[K \x1b[01;36m\x1b[Knote: \x1b[m\x1b[Kcandidate: \xe2\x80\x98\x1b[01m\x1b[Ktemplate<class P0, class P1, class P2, class P3, class P4, class P5, class P6, class P7> message_filters::Connection message_filters::Signal9<M0, M1, M2, M3, M4, M5, M6, M7, M8>::\x1b[01;32m\x1b[KaddCallback\x1b[m\x1b[K(void (*)(P0, P1, P2, P3, P4, P5, P6, P7)) \x1b[35m\x1b[K[with P1 = P0; P2 = P1; P3 = P2; P4 = P3; P5 = P4; P6 = P5; P7 = P6; M0 = sensor_msgs::msg::Image_<std::allocator<void> >; M1 = sensor_msgs::msg::Image_<std::allocator<void> >; M2 = sensor_msgs::msg::CameraInfo_<std::allocator<void> >; M3 = nav_msgs::msg::Odometry_<std::allocator<void> >; M4 = message_filters::NullType; M5 = message_filters::NullType; M6 = message_filters::NullType; M7 = message_filters::NullType; M8 = message_filters::NullType]\x1b[m\x1b[K\x1b[m\x1b[K\xe2\x80\x99\n'}
[5.155456] (sfm_ros2) StderrLine: {'line': b'  216 |   Connection \x1b[01;36m\x1b[KaddCallback\x1b[m\x1b[K(void(*callback)(P0, P1, P2, P3, P4, P5, P6, P7))\n'}
[5.155489] (sfm_ros2) StderrLine: {'line': b'      |              \x1b[01;36m\x1b[K^~~~~~~~~~~\x1b[m\x1b[K\n'}
[5.155521] (sfm_ros2) StderrLine: {'line': b'\x1b[01m\x1b[K/opt/ros/jazzy/include/message_filters/message_filters/signal9.h:216:14:\x1b[m\x1b[K \x1b[01;36m\x1b[Knote: \x1b[m\x1b[K  template argument deduction/substitution failed:\n'}
[5.155556] (sfm_ros2) StderrLine: {'line': b'\x1b[01m\x1b[K/opt/ros/jazzy/include/message_filters/message_filters/signal9.h:280:40:\x1b[m\x1b[K \x1b[01;31m\x1b[Kerror: \x1b[m\x1b[Kwrong number of template arguments (9, should be 8)\n'}
[5.155590] (sfm_ros2) StderrLine: {'line': b'  272 |     return \x1b[01;31m\x1b[KaddCallback<const M0ConstPtr&,\x1b[m\x1b[K\n'}
[5.155623] (sfm_ros2) StderrLine: {'line': b'      |            \x1b[01;31m\x1b[K~~~~~~~~~~~~~~~~~~~~~~~~~~~~~~\x1b[m\x1b[K\n'}
[5.155656] (sfm_ros2) StderrLine: {'line': b'  273 | \x1b[01;31m\x1b[K                     const M1ConstPtr&,\x1b[m\x1b[K\n'}
[5.155689] (sfm_ros2) StderrLine: {'line': b'      |                      \x1b[01;31m\x1b[K~~~~~~~~~~~~~~~~~~\x1b[m\x1b[K \n'}
[5.155721] (sfm_ros2) StderrLine: {'line': b'  274 | \x1b[01;31m\x1b[K                     const M2ConstPtr&,\x1b[m\x1b[K\n'}
[5.155752] (sfm_ros2) StderrLine: {'line': b'      |                      \x1b[01;31m\x1b[K~~~~~~~~~~~~~~~~~~\x1b[m\x1b[K \n'}
[5.155784] (sfm_ros2) StderrLine: {'line': b'  275 | \x1b[01;31m\x1b[K                     const M3ConstPtr&,\x1b[m\x1b[K\n'}
[5.155815] (sfm_ros2) StderrLine: {'line': b'      |                      \x1b[01;31m\x1b[K~~~~~~~~~~~~~~~~~~\x1b[m\x1b[K \n'}
[5.155847] (sfm_ros2) StderrLine: {'line': b'  276 | \x1b[01;31m\x1b[K                     const M4ConstPtr&,\x1b[m\x1b[K\n'}
[5.155878] (sfm_ros2) StderrLine: {'line': b'      |                      \x1b[01;31m\x1b[K~~~~~~~~~~~~~~~~~~\x1b[m\x1b[K \n'}
[5.155909] (sfm_ros2) StderrLine: {'line': b'  277 | \x1b[01;31m\x1b[K                     const M5ConstPtr&,\x1b[m\x1b[K\n'}
[5.155939] (sfm_ros2) StderrLine: {'line': b'      |                      \x1b[01;31m\x1b[K~~~~~~~~~~~~~~~~~~\x1b[m\x1b[K \n'}
[5.155971] (sfm_ros2) StderrLine: {'line': b'  278 | \x1b[01;31m\x1b[K                     const M6ConstPtr&,\x1b[m\x1b[K\n'}
[5.156001] (sfm_ros2) StderrLine: {'line': b'      |                      \x1b[01;31m\x1b[K~~~~~~~~~~~~~~~~~~\x1b[m\x1b[K \n'}
[5.156032] (sfm_ros2) StderrLine: {'line': b'  279 | \x1b[01;31m\x1b[K                     const M7ConstPtr&,\x1b[m\x1b[K\n'}
[5.156063] (sfm_ros2) StderrLine: {'line': b'      |                      \x1b[01;31m\x1b[K~~~~~~~~~~~~~~~~~~\x1b[m\x1b[K \n'}
[5.156093] (sfm_ros2) StderrLine: {'line': b'  280 | \x1b[01;31m\x1b[K                     const M8ConstPtr&>(std::bind(callback, std::placeholders::_1, std::placeholders::_2, std::placeholders::_3, std::placeholders::_4, std::placeholders::_5, std::placeholders::_6, std::placeholders::_7, std::placeholders::_8, std::placeholders::_9))\x1b[m\x1b[K;\n'}
[5.156129] (sfm_ros2) StderrLine: {'line': b'      |                      \x1b[01;31m\x1b[K~~~~~~~~~~~~~~~~~~^~~~~~~~~~~~~~~~~~~~~~~~~~~~~~~~~~~~~~~~~~~~~~~~~~~~~~~~~~~~~~~~~~~~~~~~~~~~~~~~~~~~~~~~~~~~~~~~~~~~~~~~~~~~~~~~~~~~~~~~~~~~~~~~~~~~~~~~~~~~~~~~~~~~~~~~~~~~~~~~~~~~~~~~~~~~~~~~~~~~~~~~~~~~~~~~~~~~~~~~~~~~~~~~~~~~~~~~~~~~~~~~~~~~\x1b[m\x1b[K\n'}
[5.156162] (sfm_ros2) StderrLine: {'line': b'\x1b[01m\x1b[K/opt/ros/jazzy/include/message_filters/message_filters/signal9.h:216:14:\x1b[m\x1b[K \x1b[01;36m\x1b[Knote: \x1b[m\x1b[Kprovided for \xe2\x80\x98\x1b[01m\x1b[Ktemplate<class P0, class P1, class P2, class P3, class P4, class P5, class P6, class P7> message_filters::Connection message_filters::Signal9<M0, M1, M2, M3, M4, M5, M6, M7, M8>::\x1b[01;32m\x1b[KaddCallback\x1b[m\x1b[K(void (*)(P0, P1, P2, P3, P4, P5, P6, P7)) \x1b[35m\x1b[K[with P1 = P0; P2 = P1; P3 = P2; P4 = P3; P5 = P4; P6 = P5; P7 = P6; M0 = sensor_msgs::msg::Image_<std::allocator<void> >; M1 = sensor_msgs::msg::Image_<std::allocator<void> >; M2 = sensor_msgs::msg::CameraInfo_<std::allocator<void> >; M3 = nav_msgs::msg::Odometry_<std::allocator<void> >; M4 = message_filters::NullType; M5 = message_filters::NullType; M6 = message_filters::NullType; M7 = message_filters::NullType; M8 = message_filters::NullType]\x1b[m\x1b[K\x1b[m\x1b[K\xe2\x80\x99\n'}
[5.156199] (sfm_ros2) StderrLine: {'line': b'  216 |   Connection \x1b[01;36m\x1b[KaddCallback\x1b[m\x1b[K(void(*callback)(P0, P1, P2, P3, P4, P5, P6, P7))\n'}
[5.156230] (sfm_ros2) StderrLine: {'line': b'      |              \x1b[01;36m\x1b[K^~~~~~~~~~~\x1b[m\x1b[K\n'}
[5.156262] (sfm_ros2) StderrLine: {'line': b'\x1b[01m\x1b[K/opt/ros/jazzy/include/message_filters/message_filters/signal9.h:222:14:\x1b[m\x1b[K \x1b[01;36m\x1b[Knote: \x1b[m\x1b[Kcandidate: \xe2\x80\x98\x1b[01m\x1b[Kmessage_filters::Connection message_filters::Signal9<M0, M1, M2, M3, M4, M5, M6, M7, M8>::\x1b[01;32m\x1b[KaddCallback\x1b[m\x1b[K(void (*)(P0, P1, P2, P3, P4, P5, P6, P7, P8)) \x1b[35m\x1b[K[with P0 = const std::shared_ptr<const sensor_msgs::msg::Image_<std::allocator<void> > >&; P1 = const std::shared_ptr<const sensor_msgs::msg::Image_<std::allocator<void> > >&; P2 = const std::shared_ptr<const sensor_msgs::msg::CameraInfo_<std::allocator<void> > >&; P3 = const std::shared_ptr<const nav_msgs::msg::Odometry_<std::allocator<void> > >&; P4 = const std::shared_ptr<const message_filters::NullType>&; P5 = const std::shared_ptr<const message_filters::NullType>&; P6 = const std::shared_ptr<const message_filters::NullType>&; P7 = const std::shared_ptr<const message_filters::NullType>&; P8 = const std::shared_ptr<const message_filters::NullType>&; M0 = sensor_msgs::msg::Image_<std::allocator<void> >; M1 = sensor_msgs::msg::Image_<std::allocator<void> >; M2 = sensor_msgs::msg::CameraInfo_<std::allocator<void> >; M3 = nav_msgs::msg::Odometry_<std::allocator<void> >; M4 = message_filters::NullType; M5 = message_filters::NullType; M6 = message_filters::NullType; M7 = message_filters::NullType; M8 = message_filters::NullType]\x1b[m\x1b[K\x1b[m\x1b[K\xe2\x80\x99\n'}
[5.156303] (sfm_ros2) StderrLine: {'line': b'  222 |   Connection \x1b[01;36m\x1b[KaddCallback\x1b[m\x1b[K(void(*callback)(P0, P1, P2, P3, P4, P5, P6, P7, P8))\n'}
[5.156337] (sfm_ros2) StderrLine: {'line': b'      |              \x1b[01;36m\x1b[K^~~~~~~~~~~\x1b[m\x1b[K\n'}
[5.156369] (sfm_ros2) StderrLine: {'line': b'\x1b[01m\x1b[K/opt/ros/jazzy/include/message_filters/message_filters/signal9.h:222:32:\x1b[m\x1b[K \x1b[01;36m\x1b[Knote: \x1b[m\x1b[K  no known conversion for argument 1 from \xe2\x80\x98\x1b[01m\x1b[Kstd::_Bind_helper<false, const semanticSfm::semanticSfm(rclcpp::Node::ConstSharedPtr&)::<lambda(const sensor_msgs::msg::Image_<std::allocator<void> >::ConstSharedPtr&, const sensor_msgs::msg::Image_<std::allocator<void> >::ConstSharedPtr&, const sensor_msgs::msg::CameraInfo_<std::allocator<void> >::ConstSharedPtr&, const nav_msgs::msg::Odometry_<std::allocator<void> >::ConstSharedPtr&)>&, const std::_Placeholder<1>&, const std::_Placeholder<2>&, const std::_Placeholder<3>&, const std::_Placeholder<4>&, const std::_Placeholder<5>&, const std::_Placeholder<6>&, const std::_Placeholder<7>&, const std::_Placeholder<8>&, const std::_Placeholder<9>&>::type\x1b[m\x1b[K\xe2\x80\x99 to \xe2\x80\x98\x1b[01m\x1b[Kvoid (*)(const std::shared_ptr<const sensor_msgs::msg::Image_<std::allocator<void> > >&, const std::shared_ptr<const sensor_msgs::msg::Image_<std::allocator<void> > >&, const std::shared_ptr<const sensor_msgs::msg::CameraInfo_<std::allocator<void> > >&, const std::shared_ptr<const nav_msgs::msg::Odometry_<std::allocator<void> > >&, const std::shared_ptr<const message_filters::NullType>&, const std::shared_ptr<const message_filters::NullType>&, const std::shared_ptr<const message_filters::NullType>&, const std::shared_ptr<const message_filters::NullType>&, const std::shared_ptr<const message_filters::NullType>&)\x1b[m\x1b[K\xe2\x80\x99\n'}
[5.156412] (sfm_ros2) StderrLine: {'line': b'  222 |   Connection addCallback(\x1b[01;36m\x1b[Kvoid(*callback)(P0, P1, P2, P3, P4, P5, P6, P7, P8)\x1b[m\x1b[K)\n'}
[5.156446] (sfm_ros2) StderrLine: {'line': b'      |                          \x1b[01;36m\x1b[K~~~~~~^~~~~~~~~~~~~~~~~~~~~~~~~~~~~~~~~~~~~~~~~~~~~\x1b[m\x1b[K\n'}
[5.156479] (sfm_ros2) StderrLine: {'line': b'\x1b[01m\x1b[K/opt/ros/jazzy/include/message_filters/message_filters/signal9.h:228:14:\x1b[m\x1b[K \x1b[01;36m\x1b[Knote: \x1b[m\x1b[Kcandidate: \xe2\x80\x98\x1b[01m\x1b[Ktemplate<class T, class P0, class P1> message_filters::Connection message_filters::Signal9<M0, M1, M2, M3, M4, M5, M6, M7, M8>::\x1b[01;32m\x1b[KaddCallback\x1b[m\x1b[K(void (T::*)(P0, P1), T*) \x1b[35m\x1b[K[with P0 = T; P1 = P0; M0 = sensor_msgs::msg::Image_<std::allocator<void> >; M1 = sensor_msgs::msg::Image_<std::allocator<void> >; M2 = sensor_msgs::msg::CameraInfo_<std::allocator<void> >; M3 = nav_msgs::msg::Odometry_<std::allocator<void> >; M4 = message_filters::NullType; M5 = message_filters::NullType; M6 = message_filters::NullType; M7 = message_filters::NullType; M8 = message_filters::NullType]\x1b[m\x1b[K\x1b[m\x1b[K\xe2\x80\x99\n'}
[5.156515] (sfm_ros2) StderrLine: {'line': b'  228 |   Connection \x1b[01;36m\x1b[KaddCallback\x1b[m\x1b[K(void(T::*callback)(P0, P1), T* t)\n'}
[5.156548] (sfm_ros2) StderrLine: {'line': b'      |              \x1b[01;36m\x1b[K^~~~~~~~~~~\x1b[m\x1b[K\n'}
[5.156580] (sfm_ros2) StderrLine: {'line': b'\x1b[01m\x1b[K/opt/ros/jazzy/include/message_filters/message_filters/signal9.h:228:14:\x1b[m\x1b[K \x1b[01;36m\x1b[Knote: \x1b[m\x1b[K  candidate expects 2 arguments, 1 provided\n'}
[5.156614] (sfm_ros2) StderrLine: {'line': b'\x1b[01m\x1b[K/opt/ros/jazzy/include/message_filters/message_filters/signal9.h:234:14:\x1b[m\x1b[K \x1b[01;36m\x1b[Knote: \x1b[m\x1b[Kcandidate: \xe2\x80\x98\x1b[01m\x1b[Ktemplate<class T, class P0, class P1, class P2> message_filters::Connection message_filters::Signal9<M0, M1, M2, M3, M4, M5, M6, M7, M8>::\x1b[01;32m\x1b[KaddCallback\x1b[m\x1b[K(void (T::*)(P0, P1, P2), T*) \x1b[35m\x1b[K[with P0 = T; P1 = P0; P2 = P1; M0 = sensor_msgs::msg::Image_<std::allocator<void> >; M1 = sensor_msgs::msg::Image_<std::allocator<void> >; M2 = sensor_msgs::msg::CameraInfo_<std::allocator<void> >; M3 = nav_msgs::msg::Odometry_<std::allocator<void> >; M4 = message_filters::NullType; M5 = message_filters::NullType; M6 = message_filters::NullType; M7 = message_filters::NullType; M8 = message_filters::NullType]\x1b[m\x1b[K\x1b[m\x1b[K\xe2\x80\x99\n'}
[5.156651] (sfm_ros2) StderrLine: {'line': b'  234 |   Connection \x1b[01;36m\x1b[KaddCallback\x1b[m\x1b[K(void(T::*callback)(P0, P1, P2), T* t)\n'}
[5.156685] (sfm_ros2) StderrLine: {'line': b'      |              \x1b[01;36m\x1b[K^~~~~~~~~~~\x1b[m\x1b[K\n'}
[5.156718] (sfm_ros2) StderrLine: {'line': b'\x1b[01m\x1b[K/opt/ros/jazzy/include/message_filters/message_filters/signal9.h:234:14:\x1b[m\x1b[K \x1b[01;36m\x1b[Knote: \x1b[m\x1b[K  candidate expects 2 arguments, 1 provided\n'}
[5.156751] (sfm_ros2) StderrLine: {'line': b'\x1b[01m\x1b[K/opt/ros/jazzy/include/message_filters/message_filters/signal9.h:240:14:\x1b[m\x1b[K \x1b[01;36m\x1b[Knote: \x1b[m\x1b[Kcandidate: \xe2\x80\x98\x1b[01m\x1b[Ktemplate<class T, class P0, class P1, class P2, class P3> message_filters::Connection message_filters::Signal9<M0, M1, M2, M3, M4, M5, M6, M7, M8>::\x1b[01;32m\x1b[KaddCallback\x1b[m\x1b[K(void (T::*)(P0, P1, P2, P3), T*) \x1b[35m\x1b[K[with P0 = T; P1 = P0; P2 = P1; P3 = P2; M0 = sensor_msgs::msg::Image_<std::allocator<void> >; M1 = sensor_msgs::msg::Image_<std::allocator<void> >; M2 = sensor_msgs::msg::CameraInfo_<std::allocator<void> >; M3 = nav_msgs::msg::Odometry_<std::allocator<void> >; M4 = message_filters::NullType; M5 = message_filters::NullType; M6 = message_filters::NullType; M7 = message_filters::NullType; M8 = message_filters::NullType]\x1b[m\x1b[K\x1b[m\x1b[K\xe2\x80\x99\n'}
[5.156789] (sfm_ros2) StderrLine: {'line': b'  240 |   Connection \x1b[01;36m\x1b[KaddCallback\x1b[m\x1b[K(void(T::*callback)(P0, P1, P2, P3), T* t)\n'}
[5.156822] (sfm_ros2) StderrLine: {'line': b'      |              \x1b[01;36m\x1b[K^~~~~~~~~~~\x1b[m\x1b[K\n'}
[5.156858] (sfm_ros2) StderrLine: {'line': b'\x1b[01m\x1b[K/opt/ros/jazzy/include/message_filters/message_filters/signal9.h:240:14:\x1b[m\x1b[K \x1b[01;36m\x1b[Knote: \x1b[m\x1b[K  candidate expects 2 arguments, 1 provided\n'}
[5.156891] (sfm_ros2) StderrLine: {'line': b'\x1b[01m\x1b[K/opt/ros/jazzy/include/message_filters/message_filters/signal9.h:246:14:\x1b[m\x1b[K \x1b[01;36m\x1b[Knote: \x1b[m\x1b[Kcandidate: \xe2\x80\x98\x1b[01m\x1b[Ktemplate<class T, class P0, class P1, class P2, class P3, class P4> message_filters::Connection message_filters::Signal9<M0, M1, M2, M3, M4, M5, M6, M7, M8>::\x1b[01;32m\x1b[KaddCallback\x1b[m\x1b[K(void (T::*)(P0, P1, P2, P3, P4), T*) \x1b[35m\x1b[K[with P0 = T; P1 = P0; P2 = P1; P3 = P2; P4 = P3; M0 = sensor_msgs::msg::Image_<std::allocator<void> >; M1 = sensor_msgs::msg::Image_<std::allocator<void> >; M2 = sensor_msgs::msg::CameraInfo_<std::allocator<void> >; M3 = nav_msgs::msg::Odometry_<std::allocator<void> >; M4 = message_filters::NullType; M5 = message_filters::NullType; M6 = message_filters::NullType; M7 = message_filters::NullType; M8 = message_filters::NullType]\x1b[m\x1b[K\x1b[m\x1b[K\xe2\x80\x99\n'}
[5.156929] (sfm_ros2) StderrLine: {'line': b'  246 |   Connection \x1b[01;36m\x1b[KaddCallback\x1b[m\x1b[K(void(T::*callback)(P0, P1, P2, P3, P4), T* t)\n'}
[5.156962] (sfm_ros2) StderrLine: {'line': b'      |              \x1b[01;36m\x1b[K^~~~~~~~~~~\x1b[m\x1b[K\n'}
[5.156995] (sfm_ros2) StderrLine: {'line': b'\x1b[01m\x1b[K/opt/ros/jazzy/include/message_filters/message_filters/signal9.h:246:14:\x1b[m\x1b[K \x1b[01;36m\x1b[Knote: \x1b[m\x1b[K  candidate expects 2 arguments, 1 provided\n'}
[5.157028] (sfm_ros2) StderrLine: {'line': b'\x1b[01m\x1b[K/opt/ros/jazzy/include/message_filters/message_filters/signal9.h:252:14:\x1b[m\x1b[K \x1b[01;36m\x1b[Knote: \x1b[m\x1b[Kcandidate: \xe2\x80\x98\x1b[01m\x1b[Ktemplate<class T, class P0, class P1, class P2, class P3, class P4, class P5> message_filters::Connection message_filters::Signal9<M0, M1, M2, M3, M4, M5, M6, M7, M8>::\x1b[01;32m\x1b[KaddCallback\x1b[m\x1b[K(void (T::*)(P0, P1, P2, P3, P4, P5), T*) \x1b[35m\x1b[K[with P0 = T; P1 = P0; P2 = P1; P3 = P2; P4 = P3; P5 = P4; M0 = sensor_msgs::msg::Image_<std::allocator<void> >; M1 = sensor_msgs::msg::Image_<std::allocator<void> >; M2 = sensor_msgs::msg::CameraInfo_<std::allocator<void> >; M3 = nav_msgs::msg::Odometry_<std::allocator<void> >; M4 = message_filters::NullType; M5 = message_filters::NullType; M6 = message_filters::NullType; M7 = message_filters::NullType; M8 = message_filters::NullType]\x1b[m\x1b[K\x1b[m\x1b[K\xe2\x80\x99\n'}
[5.157065] (sfm_ros2) StderrLine: {'line': b'  252 |   Connection \x1b[01;36m\x1b[KaddCallback\x1b[m\x1b[K(void(T::*callback)(P0, P1, P2, P3, P4, P5), T* t)\n'}
[5.157096] (sfm_ros2) StderrLine: {'line': b'      |              \x1b[01;36m\x1b[K^~~~~~~~~~~\x1b[m\x1b[K\n'}
[5.157128] (sfm_ros2) StderrLine: {'line': b'\x1b[01m\x1b[K/opt/ros/jazzy/include/message_filters/message_filters/signal9.h:252:14:\x1b[m\x1b[K \x1b[01;36m\x1b[Knote: \x1b[m\x1b[K  candidate expects 2 arguments, 1 provided\n'}
[5.157159] (sfm_ros2) StderrLine: {'line': b'\x1b[01m\x1b[K/opt/ros/jazzy/include/message_filters/message_filters/signal9.h:258:14:\x1b[m\x1b[K \x1b[01;36m\x1b[Knote: \x1b[m\x1b[Kcandidate: \xe2\x80\x98\x1b[01m\x1b[Ktemplate<class T, class P0, class P1, class P2, class P3, class P4, class P5, class P6> message_filters::Connection message_filters::Signal9<M0, M1, M2, M3, M4, M5, M6, M7, M8>::\x1b[01;32m\x1b[KaddCallback\x1b[m\x1b[K(void (T::*)(P0, P1, P2, P3, P4, P5, P6), T*) \x1b[35m\x1b[K[with P0 = T; P1 = P0; P2 = P1; P3 = P2; P4 = P3; P5 = P4; P6 = P5; M0 = sensor_msgs::msg::Image_<std::allocator<void> >; M1 = sensor_msgs::msg::Image_<std::allocator<void> >; M2 = sensor_msgs::msg::CameraInfo_<std::allocator<void> >; M3 = nav_msgs::msg::Odometry_<std::allocator<void> >; M4 = message_filters::NullType; M5 = message_filters::NullType; M6 = message_filters::NullType; M7 = message_filters::NullType; M8 = message_filters::NullType]\x1b[m\x1b[K\x1b[m\x1b[K\xe2\x80\x99\n'}
[5.157197] (sfm_ros2) StderrLine: {'line': b'  258 |   Connection \x1b[01;36m\x1b[KaddCallback\x1b[m\x1b[K(void(T::*callback)(P0, P1, P2, P3, P4, P5, P6), T* t)\n'}
[5.157230] (sfm_ros2) StderrLine: {'line': b'      |              \x1b[01;36m\x1b[K^~~~~~~~~~~\x1b[m\x1b[K\n'}
[5.157263] (sfm_ros2) StderrLine: {'line': b'\x1b[01m\x1b[K/opt/ros/jazzy/include/message_filters/message_filters/signal9.h:258:14:\x1b[m\x1b[K \x1b[01;36m\x1b[Knote: \x1b[m\x1b[K  candidate expects 2 arguments, 1 provided\n'}
[5.157294] (sfm_ros2) StderrLine: {'line': b'\x1b[01m\x1b[K/opt/ros/jazzy/include/message_filters/message_filters/signal9.h:264:14:\x1b[m\x1b[K \x1b[01;36m\x1b[Knote: \x1b[m\x1b[Kcandidate: \xe2\x80\x98\x1b[01m\x1b[Ktemplate<class T, class P0, class P1, class P2, class P3, class P4, class P5, class P6, class P7> message_filters::Connection message_filters::Signal9<M0, M1, M2, M3, M4, M5, M6, M7, M8>::\x1b[01;32m\x1b[KaddCallback\x1b[m\x1b[K(void (T::*)(P0, P1, P2, P3, P4, P5, P6, P7), T*) \x1b[35m\x1b[K[with P0 = T; P1 = P0; P2 = P1; P3 = P2; P4 = P3; P5 = P4; P6 = P5; P7 = P6; M0 = sensor_msgs::msg::Image_<std::allocator<void> >; M1 = sensor_msgs::msg::Image_<std::allocator<void> >; M2 = sensor_msgs::msg::CameraInfo_<std::allocator<void> >; M3 = nav_msgs::msg::Odometry_<std::allocator<void> >; M4 = message_filters::NullType; M5 = message_filters::NullType; M6 = message_filters::NullType; M7 = message_filters::NullType; M8 = message_filters::NullType]\x1b[m\x1b[K\x1b[m\x1b[K\xe2\x80\x99\n'}
[5.157333] (sfm_ros2) StderrLine: {'line': b'  264 |   Connection \x1b[01;36m\x1b[KaddCallback\x1b[m\x1b[K(void(T::*callback)(P0, P1, P2, P3, P4, P5, P6, P7), T* t)\n'}
[5.157367] (sfm_ros2) StderrLine: {'line': b'      |              \x1b[01;36m\x1b[K^~~~~~~~~~~\x1b[m\x1b[K\n'}
[5.157399] (sfm_ros2) StderrLine: {'line': b'\x1b[01m\x1b[K/opt/ros/jazzy/include/message_filters/message_filters/signal9.h:264:14:\x1b[m\x1b[K \x1b[01;36m\x1b[Knote: \x1b[m\x1b[K  candidate expects 2 arguments, 1 provided\n'}
[5.157432] (sfm_ros2) StderrLine: {'line': b'\x1b[01m\x1b[K/opt/ros/jazzy/include/message_filters/message_filters/signal9.h:270:14:\x1b[m\x1b[K \x1b[01;36m\x1b[Knote: \x1b[m\x1b[Kcandidate: \xe2\x80\x98\x1b[01m\x1b[Ktemplate<class C> message_filters::Connection message_filters::Signal9<M0, M1, M2, M3, M4, M5, M6, M7, M8>::\x1b[01;32m\x1b[KaddCallback\x1b[m\x1b[K(C&) \x1b[35m\x1b[K[with M0 = sensor_msgs::msg::Image_<std::allocator<void> >; M1 = sensor_msgs::msg::Image_<std::allocator<void> >; M2 = sensor_msgs::msg::CameraInfo_<std::allocator<void> >; M3 = nav_msgs::msg::Odometry_<std::allocator<void> >; M4 = message_filters::NullType; M5 = message_filters::NullType; M6 = message_filters::NullType; M7 = message_filters::NullType; M8 = message_filters::NullType]\x1b[m\x1b[K\x1b[m\x1b[K\xe2\x80\x99\n'}
[5.157469] (sfm_ros2) StderrLine: {'line': b'  270 |   Connection \x1b[01;36m\x1b[KaddCallback\x1b[m\x1b[K( C& callback)\n'}
[5.157500] (sfm_ros2) StderrLine: {'line': b'      |              \x1b[01;36m\x1b[K^~~~~~~~~~~\x1b[m\x1b[K\n'}
[5.157531] (sfm_ros2) StderrLine: {'line': b'\x1b[01m\x1b[K/opt/ros/jazzy/include/message_filters/message_filters/signal9.h:270:14:\x1b[m\x1b[K \x1b[01;36m\x1b[Knote: \x1b[m\x1b[K  template argument deduction/substitution failed:\n'}
[5.157563] (sfm_ros2) StderrLine: {'line': b'\x1b[01m\x1b[K/opt/ros/jazzy/include/message_filters/message_filters/signal9.h:280:40:\x1b[m\x1b[K \x1b[01;31m\x1b[Kerror: \x1b[m\x1b[Kwrong number of template arguments (9, should be 1)\n'}
[5.157595] (sfm_ros2) StderrLine: {'line': b'  272 |     return \x1b[01;31m\x1b[KaddCallback<const M0ConstPtr&,\x1b[m\x1b[K\n'}
[5.157628] (sfm_ros2) StderrLine: {'line': b'      |            \x1b[01;31m\x1b[K~~~~~~~~~~~~~~~~~~~~~~~~~~~~~~\x1b[m\x1b[K\n'}
[5.157659] (sfm_ros2) StderrLine: {'line': b'  273 | \x1b[01;31m\x1b[K                     const M1ConstPtr&,\x1b[m\x1b[K\n'}
[5.157692] (sfm_ros2) StderrLine: {'line': b'      |                      \x1b[01;31m\x1b[K~~~~~~~~~~~~~~~~~~\x1b[m\x1b[K \n'}
[5.157724] (sfm_ros2) StderrLine: {'line': b'  274 | \x1b[01;31m\x1b[K                     const M2ConstPtr&,\x1b[m\x1b[K\n'}
[5.157755] (sfm_ros2) StderrLine: {'line': b'      |                      \x1b[01;31m\x1b[K~~~~~~~~~~~~~~~~~~\x1b[m\x1b[K \n'}
[5.157786] (sfm_ros2) StderrLine: {'line': b'  275 | \x1b[01;31m\x1b[K                     const M3ConstPtr&,\x1b[m\x1b[K\n'}
[5.157817] (sfm_ros2) StderrLine: {'line': b'      |                      \x1b[01;31m\x1b[K~~~~~~~~~~~~~~~~~~\x1b[m\x1b[K \n'}
[5.157847] (sfm_ros2) StderrLine: {'line': b'  276 | \x1b[01;31m\x1b[K                     const M4ConstPtr&,\x1b[m\x1b[K\n'}
[5.157879] (sfm_ros2) StderrLine: {'line': b'      |                      \x1b[01;31m\x1b[K~~~~~~~~~~~~~~~~~~\x1b[m\x1b[K \n'}
[5.157910] (sfm_ros2) StderrLine: {'line': b'  277 | \x1b[01;31m\x1b[K                     const M5ConstPtr&,\x1b[m\x1b[K\n'}
[5.157941] (sfm_ros2) StderrLine: {'line': b'      |                      \x1b[01;31m\x1b[K~~~~~~~~~~~~~~~~~~\x1b[m\x1b[K \n'}
[5.157972] (sfm_ros2) StderrLine: {'line': b'  278 | \x1b[01;31m\x1b[K                     const M6ConstPtr&,\x1b[m\x1b[K\n'}
[5.158004] (sfm_ros2) StderrLine: {'line': b'      |                      \x1b[01;31m\x1b[K~~~~~~~~~~~~~~~~~~\x1b[m\x1b[K \n'}
[5.158034] (sfm_ros2) StderrLine: {'line': b'  279 | \x1b[01;31m\x1b[K                     const M7ConstPtr&,\x1b[m\x1b[K\n'}
[5.158065] (sfm_ros2) StderrLine: {'line': b'      |                      \x1b[01;31m\x1b[K~~~~~~~~~~~~~~~~~~\x1b[m\x1b[K \n'}
[5.158095] (sfm_ros2) StderrLine: {'line': b'  280 | \x1b[01;31m\x1b[K                     const M8ConstPtr&>(std::bind(callback, std::placeholders::_1, std::placeholders::_2, std::placeholders::_3, std::placeholders::_4, std::placeholders::_5, std::placeholders::_6, std::placeholders::_7, std::placeholders::_8, std::placeholders::_9))\x1b[m\x1b[K;\n'}
[5.158129] (sfm_ros2) StderrLine: {'line': b'      |                      \x1b[01;31m\x1b[K~~~~~~~~~~~~~~~~~~^~~~~~~~~~~~~~~~~~~~~~~~~~~~~~~~~~~~~~~~~~~~~~~~~~~~~~~~~~~~~~~~~~~~~~~~~~~~~~~~~~~~~~~~~~~~~~~~~~~~~~~~~~~~~~~~~~~~~~~~~~~~~~~~~~~~~~~~~~~~~~~~~~~~~~~~~~~~~~~~~~~~~~~~~~~~~~~~~~~~~~~~~~~~~~~~~~~~~~~~~~~~~~~~~~~~~~~~~~~~~~~~~~~~\x1b[m\x1b[K\n'}
[5.158162] (sfm_ros2) StderrLine: {'line': b'\x1b[01m\x1b[K/opt/ros/jazzy/include/message_filters/message_filters/signal9.h:270:14:\x1b[m\x1b[K \x1b[01;36m\x1b[Knote: \x1b[m\x1b[Kprovided for \xe2\x80\x98\x1b[01m\x1b[Ktemplate<class C> message_filters::Connection message_filters::Signal9<M0, M1, M2, M3, M4, M5, M6, M7, M8>::\x1b[01;32m\x1b[KaddCallback\x1b[m\x1b[K(C&) \x1b[35m\x1b[K[with M0 = sensor_msgs::msg::Image_<std::allocator<void> >; M1 = sensor_msgs::msg::Image_<std::allocator<void> >; M2 = sensor_msgs::msg::CameraInfo_<std::allocator<void> >; M3 = nav_msgs::msg::Odometry_<std::allocator<void> >; M4 = message_filters::NullType; M5 = message_filters::NullType; M6 = message_filters::NullType; M7 = message_filters::NullType; M8 = message_filters::NullType]\x1b[m\x1b[K\x1b[m\x1b[K\xe2\x80\x99\n'}
[5.158197] (sfm_ros2) StderrLine: {'line': b'  270 |   Connection \x1b[01;36m\x1b[KaddCallback\x1b[m\x1b[K( C& callback)\n'}
[5.158228] (sfm_ros2) StderrLine: {'line': b'      |              \x1b[01;36m\x1b[K^~~~~~~~~~~\x1b[m\x1b[K\n'}
[5.217912] (-) TimerEvent: {}
[5.318209] (-) TimerEvent: {}
[5.418611] (-) TimerEvent: {}
[5.518931] (-) TimerEvent: {}
[5.619290] (-) TimerEvent: {}
[5.719636] (-) TimerEvent: {}
[5.819961] (-) TimerEvent: {}
[5.920279] (-) TimerEvent: {}
[6.020616] (-) TimerEvent: {}
[6.120955] (-) TimerEvent: {}
[6.221298] (-) TimerEvent: {}
[6.321635] (-) TimerEvent: {}
[6.421959] (-) TimerEvent: {}
[6.522296] (-) TimerEvent: {}
[6.524938] (sfm_ros2) StderrLine: {'line': b'In file included from \x1b[01m\x1b[K/usr/include/c++/13/bits/stl_tempbuf.h:61\x1b[m\x1b[K,\n'}
[6.525087] (sfm_ros2) StderrLine: {'line': b'                 from \x1b[01m\x1b[K/usr/include/c++/13/memory:66\x1b[m\x1b[K:\n'}
[6.525170] (sfm_ros2) StderrLine: {'line': b'/usr/include/c++/13/bits/stl_construct.h: In instantiation of \xe2\x80\x98\x1b[01m\x1b[Kvoid std::\x1b[01;32m\x1b[K_Construct\x1b[m\x1b[K(_Tp*, _Args&& ...) \x1b[35m\x1b[K[with _Tp = semanticSfm; _Args = {shared_ptr<rclcpp::Node>&}]\x1b[m\x1b[K\x1b[m\x1b[K\xe2\x80\x99:\n'}
[6.525237] (sfm_ros2) StderrLine: {'line': b'\x1b[01m\x1b[K/usr/include/c++/13/bits/alloc_traits.h:661:19:\x1b[m\x1b[K   required from \xe2\x80\x98\x1b[01m\x1b[Kstatic void std::allocator_traits<std::allocator<void> >::\x1b[01;32m\x1b[Kconstruct\x1b[m\x1b[K(allocator_type&, _Up*, _Args&& ...) \x1b[35m\x1b[K[with _Up = semanticSfm; _Args = {std::shared_ptr<rclcpp::Node>&}; allocator_type = std::allocator<void>]\x1b[m\x1b[K\x1b[m\x1b[K\xe2\x80\x99\n'}
[6.525307] (sfm_ros2) StderrLine: {'line': b'\x1b[01m\x1b[K/usr/include/c++/13/bits/shared_ptr_base.h:604:39:\x1b[m\x1b[K   required from \xe2\x80\x98\x1b[01m\x1b[Kstd::_Sp_counted_ptr_inplace<_Tp, _Alloc, _Lp>::\x1b[01;32m\x1b[K_Sp_counted_ptr_inplace\x1b[m\x1b[K(_Alloc, _Args&& ...) \x1b[35m\x1b[K[with _Args = {std::shared_ptr<rclcpp::Node>&}; _Tp = semanticSfm; _Alloc = std::allocator<void>; __gnu_cxx::_Lock_policy _Lp = __gnu_cxx::_S_atomic]\x1b[m\x1b[K\x1b[m\x1b[K\xe2\x80\x99\n'}
[6.525381] (sfm_ros2) StderrLine: {'line': b'\x1b[01m\x1b[K/usr/include/c++/13/bits/shared_ptr_base.h:971:16:\x1b[m\x1b[K   required from \xe2\x80\x98\x1b[01m\x1b[Kstd::__shared_count<_Lp>::\x1b[01;32m\x1b[K__shared_count\x1b[m\x1b[K(_Tp*&, std::_Sp_alloc_shared_tag<_Alloc>, _Args&& ...) \x1b[35m\x1b[K[with _Tp = semanticSfm; _Alloc = std::allocator<void>; _Args = {std::shared_ptr<rclcpp::Node>&}; __gnu_cxx::_Lock_policy _Lp = __gnu_cxx::_S_atomic]\x1b[m\x1b[K\x1b[m\x1b[K\xe2\x80\x99\n'}
[6.525444] (sfm_ros2) StderrLine: {'line': b'\x1b[01m\x1b[K/usr/include/c++/13/bits/shared_ptr_base.h:1712:14:\x1b[m\x1b[K   required from \xe2\x80\x98\x1b[01m\x1b[Kstd::__shared_ptr<_Tp, _Lp>::\x1b[01;32m\x1b[K__shared_ptr\x1b[m\x1b[K(std::_Sp_alloc_shared_tag<_Tp>, _Args&& ...) \x1b[35m\x1b[K[with _Alloc = std::allocator<void>; _Args = {std::shared_ptr<rclcpp::Node>&}; _Tp = semanticSfm; __gnu_cxx::_Lock_policy _Lp = __gnu_cxx::_S_atomic]\x1b[m\x1b[K\x1b[m\x1b[K\xe2\x80\x99\n'}
[6.525506] (sfm_ros2) StderrLine: {'line': b'\x1b[01m\x1b[K/usr/include/c++/13/bits/shared_ptr.h:464:59:\x1b[m\x1b[K   required from \xe2\x80\x98\x1b[01m\x1b[Kstd::shared_ptr<_Tp>::\x1b[01;32m\x1b[Kshared_ptr\x1b[m\x1b[K(std::_Sp_alloc_shared_tag<_Tp>, _Args&& ...) \x1b[35m\x1b[K[with _Alloc = std::allocator<void>; _Args = {std::shared_ptr<rclcpp::Node>&}; _Tp = semanticSfm]\x1b[m\x1b[K\x1b[m\x1b[K\xe2\x80\x99\n'}
[6.525568] (sfm_ros2) StderrLine: {'line': b'\x1b[01m\x1b[K/usr/include/c++/13/bits/shared_ptr.h:1009:14:\x1b[m\x1b[K   required from \xe2\x80\x98\x1b[01m\x1b[Kstd::shared_ptr<typename std::enable_if<(! std::is_array< <template-parameter-1-1> >::value), _Tp>::type> std::\x1b[01;32m\x1b[Kmake_shared\x1b[m\x1b[K(_Args&& ...) \x1b[35m\x1b[K[with _Tp = semanticSfm; _Args = {shared_ptr<rclcpp::Node>&}; typename enable_if<(! is_array< <template-parameter-1-1> >::value), _Tp>::type = semanticSfm]\x1b[m\x1b[K\x1b[m\x1b[K\xe2\x80\x99\n'}
[6.525636] (sfm_ros2) StderrLine: {'line': b'\x1b[01m\x1b[K/home/elioowo/ros_sfm/sfm_ros2/src/sfm.cpp:229:45:\x1b[m\x1b[K   required from here\n'}
[6.525697] (sfm_ros2) StderrLine: {'line': b'\x1b[01m\x1b[K/usr/include/c++/13/bits/stl_construct.h:119:7:\x1b[m\x1b[K \x1b[01;31m\x1b[Kerror: \x1b[m\x1b[Kcannot bind non-const lvalue reference of type \xe2\x80\x98\x1b[01m\x1b[Krclcpp::Node::ConstSharedPtr&\x1b[m\x1b[K\xe2\x80\x99 {aka \xe2\x80\x98\x1b[01m\x1b[Kstd::shared_ptr<const rclcpp::Node>&\x1b[m\x1b[K\xe2\x80\x99} to an rvalue of type \xe2\x80\x98\x1b[01m\x1b[Krclcpp::Node::ConstSharedPtr\x1b[m\x1b[K\xe2\x80\x99 {aka \xe2\x80\x98\x1b[01m\x1b[Kstd::shared_ptr<const rclcpp::Node>\x1b[m\x1b[K\xe2\x80\x99}\n'}
[6.525761] (sfm_ros2) StderrLine: {'line': b'  119 |       \x1b[01;31m\x1b[K::new((void*)__p) _Tp(std::forward<_Args>(__args)...)\x1b[m\x1b[K;\n'}
[6.525821] (sfm_ros2) StderrLine: {'line': b'      |       \x1b[01;31m\x1b[K^~~~~~~~~~~~~~~~~~~~~~~~~~~~~~~~~~~~~~~~~~~~~~~~~~~~~\x1b[m\x1b[K\n'}
[6.525885] (sfm_ros2) StderrLine: {'line': b'In file included from \x1b[01m\x1b[K/usr/include/c++/13/memory:80\x1b[m\x1b[K:\n'}
[6.525945] (sfm_ros2) StderrLine: {'line': b'\x1b[01m\x1b[K/usr/include/c++/13/bits/shared_ptr.h:351:9:\x1b[m\x1b[K \x1b[01;36m\x1b[Knote: \x1b[m\x1b[K  after user-defined conversion: \xe2\x80\x98\x1b[01m\x1b[Kstd::shared_ptr<_Tp>::\x1b[01;32m\x1b[Kshared_ptr\x1b[m\x1b[K(const std::shared_ptr<_Yp>&) \x1b[35m\x1b[K[with _Yp = rclcpp::Node; <template-parameter-2-2> = void; _Tp = const rclcpp::Node]\x1b[m\x1b[K\x1b[m\x1b[K\xe2\x80\x99\n'}
[6.526011] (sfm_ros2) StderrLine: {'line': b'  351 |         \x1b[01;36m\x1b[Kshared_ptr\x1b[m\x1b[K(const shared_ptr<_Yp>& __r) noexcept\n'}
[6.526071] (sfm_ros2) StderrLine: {'line': b'      |         \x1b[01;36m\x1b[K^~~~~~~~~~\x1b[m\x1b[K\n'}
[6.526131] (sfm_ros2) StderrLine: {'line': b'\x1b[01m\x1b[K/home/elioowo/ros_sfm/sfm_ros2/src/sfm.cpp:4:56:\x1b[m\x1b[K \x1b[01;36m\x1b[Knote: \x1b[m\x1b[K  initializing argument 1 of \xe2\x80\x98\x1b[01m\x1b[KsemanticSfm::\x1b[01;32m\x1b[KsemanticSfm\x1b[m\x1b[K(rclcpp::Node::ConstSharedPtr&)\x1b[m\x1b[K\xe2\x80\x99\n'}
[6.526192] (sfm_ros2) StderrLine: {'line': b'    4 | semanticSfm::semanticSfm(\x1b[01;36m\x1b[Krclcpp::Node::ConstSharedPtr& node\x1b[m\x1b[K)\n'}
[6.526252] (sfm_ros2) StderrLine: {'line': b'      |                          \x1b[01;36m\x1b[K~~~~~~~~~~~~~~~~~~~~~~~~~~~~~~^~~~\x1b[m\x1b[K\n'}
[6.622513] (-) TimerEvent: {}
[6.722883] (-) TimerEvent: {}
[6.823257] (-) TimerEvent: {}
[6.923626] (-) TimerEvent: {}
[7.023993] (-) TimerEvent: {}
[7.124368] (-) TimerEvent: {}
[7.224738] (-) TimerEvent: {}
[7.325109] (-) TimerEvent: {}
[7.425499] (-) TimerEvent: {}
[7.525862] (-) TimerEvent: {}
[7.626239] (-) TimerEvent: {}
[7.726630] (-) TimerEvent: {}
[7.827007] (-) TimerEvent: {}
[7.927351] (-) TimerEvent: {}
[8.027711] (-) TimerEvent: {}
[8.128050] (-) TimerEvent: {}
[8.228414] (-) TimerEvent: {}
[8.328775] (-) TimerEvent: {}
[8.429142] (-) TimerEvent: {}
[8.529518] (-) TimerEvent: {}
[8.629905] (-) TimerEvent: {}
[8.730278] (-) TimerEvent: {}
[8.830679] (-) TimerEvent: {}
[8.884768] (sfm_ros2) StderrLine: {'line': b'gmake[2]: *** [CMakeFiles/sfm.dir/build.make:76: CMakeFiles/sfm.dir/src/sfm.cpp.o] Error 1\n'}
[8.884974] (sfm_ros2) StderrLine: {'line': b'gmake[1]: *** [CMakeFiles/Makefile2:644: CMakeFiles/sfm.dir/all] Error 2\n'}
[8.885156] (sfm_ros2) StderrLine: {'line': b'gmake: *** [Makefile:146: all] Error 2\n'}
[8.887565] (sfm_ros2) CommandEnded: {'returncode': 2}
[8.892689] (sfm_ros2) JobEnded: {'identifier': 'sfm_ros2', 'rc': 2}
[8.903224] (-) EventReactorShutdown: {}
