[0.000000] (-) TimerEvent: {}
[0.000051] (sfm_ros2) JobQueued: {'identifier': 'sfm_ros2', 'dependencies': OrderedDict()}
[0.000073] (sfm_ros2) JobStarted: {'identifier': 'sfm_ros2'}
[0.005039] (sfm_ros2) JobProgress: {'identifier': 'sfm_ros2', 'progress': 'cmake'}
[0.006015] (sfm_ros2) JobProgress: {'identifier': 'sfm_ros2', 'progress': 'build'}
[0.006044] (sfm_ros2) Command: {'cmd': ['/usr/bin/cmake', '--build', '/home/elioowo/ros_sfm/sfm_ros2/build/sfm_ros2', '--', '-j32', '-l32'], 'cwd': '/home/elioowo/ros_sfm/sfm_ros2/build/sfm_ros2', 'env': OrderedDict({'LESSOPEN': '| /usr/bin/lesspipe %s', 'GZ_SIM_RESOURCE_PATH': '/opt/ros/jazzy/share', 'USER': 'elioowo', 'GZ_CONFIG_PATH': '/opt/ros/jazzy/opt/gz_sim_vendor/share/gz:/opt/ros/jazzy/opt/sdformat_vendor/share/gz:/opt/ros/jazzy/opt/gz_gui_vendor/share/gz:/opt/ros/jazzy/opt/gz_transport_vendor/share/gz:/opt/ros/jazzy/opt/gz_rendering_vendor/share/gz:/opt/ros/jazzy/opt/gz_plugin_vendor/share/gz:/opt/ros/jazzy/opt/gz_fuel_tools_vendor/share/gz:/opt/ros/jazzy/opt/gz_msgs_vendor/share/gz:/opt/ros/jazzy/opt/gz_common_vendor/share/gz', 'XDG_SESSION_TYPE': 'wayland', 'CLUTTER_DISABLE_MIPMAPPED_TEXT': '1', 'SHLVL': '1', 'LD_LIBRARY_PATH': '/opt/ros/jazzy/opt/gz_sim_vendor/lib:/opt/ros/jazzy/opt/gz_sensors_vendor/lib:/opt/ros/jazzy/opt/gz_physics_vendor/lib:/opt/ros/jazzy/opt/sdformat_vendor/lib:/opt/ros/jazzy/opt/rviz_ogre_vendor/lib:/opt/ros/jazzy/lib/x86_64-linux-gnu:/opt/ros/jazzy/opt/gz_gui_vendor/lib:/opt/ros/jazzy/opt/gz_transport_vendor/lib:/opt/ros/jazzy/opt/gz_rendering_vendor/lib:/opt/ros/jazzy/opt/gz_plugin_vendor/lib:/opt/ros/jazzy/opt/gz_fuel_tools_vendor/lib:/opt/ros/jazzy/opt/gz_msgs_vendor/lib:/opt/ros/jazzy/opt/gz_common_vendor/lib:/opt/ros/jazzy/opt/gz_math_vendor/lib:/opt/ros/jazzy/opt/gz_utils_vendor/lib:/opt/ros/jazzy/opt/gz_tools_vendor/lib:/opt/ros/jazzy/opt/gz_ogre_next_vendor/lib:/opt/ros/jazzy/opt/gz_dartsim_vendor/lib:/opt/ros/jazzy/opt/gz_cmake_vendor/lib:/opt/ros/jazzy/lib', 'HOME': '/home/elioowo', 'MOZ_ENABLE_WAYLAND': '1', 'OLDPWD': '/home/elioowo/ros_sfm/sfm_ros2/msg', 'DESKTOP_SESSION': 'ubuntu', 'ROS_PYTHON_VERSION': '3', 'GNOME_SHELL_SESSION_MODE': 'ubuntu', 'GTK_MODULES': 'gail:atk-bridge', 'SYSTEMD_EXEC_PID': '4315', 'GSM_SKIP_SSH_AGENT_WORKAROUND': 'true', 'DBUS_SESSION_BUS_ADDRESS': 'unix:path=/run/user/1004/bus', 'COLORTERM': 'truecolor', 'DEBUGINFOD_URLS': 'https://debuginfod.ubuntu.com', 'IM_CONFIG_PHASE': '1', 'WAYLAND_DISPLAY': 'wayland-0', 'ROS_DISTRO': 'jazzy', 'LOGNAME': 'elioowo', '_': '/usr/bin/colcon', 'ROS_VERSION': '2', 'MEMORY_PRESSURE_WATCH': '/sys/fs/cgroup/user.slice/user-1004.slice/user@1004.service/session.slice/org.gnome.Shell@wayland.service/memory.pressure', 'XDG_SESSION_CLASS': 'user', 'USERNAME': 'elioowo', 'TERM': 'xterm-256color', 'GNOME_DESKTOP_SESSION_ID': 'this-is-deprecated', 'PATH': '/opt/ros/jazzy/opt/gz_msgs_vendor/bin:/opt/ros/jazzy/opt/gz_tools_vendor/bin:/opt/ros/jazzy/opt/gz_ogre_next_vendor/bin:/opt/ros/jazzy/bin:/usr/local/sbin:/usr/local/bin:/usr/sbin:/usr/bin:/sbin:/bin:/usr/games:/usr/local/games:/snap/bin:/snap/bin', 'SESSION_MANAGER': 'local/OMEN-10:@/tmp/.ICE-unix/4283,unix/OMEN-10:/tmp/.ICE-unix/4283', 'XDG_MENU_PREFIX': 'gnome-', 'GNOME_TERMINAL_SCREEN': '/org/gnome/Terminal/screen/e54a3fa6_a308_470f_a110_c80fc401f295', 'GNOME_SETUP_DISPLAY': ':1', 'XDG_RUNTIME_DIR': '/run/user/1004', 'DISPLAY': ':0', 'LANG': 'en_US.UTF-8', 'XDG_CURRENT_DESKTOP': 'ubuntu:GNOME', 'XMODIFIERS': '@im=ibus', 'XDG_SESSION_DESKTOP': 'ubuntu', 'XAUTHORITY': '/run/user/1004/.mutter-Xwaylandauth.TAUHQ3', 'LS_COLORS': 'rs=0:di=01;34:ln=01;36:mh=00:pi=40;33:so=01;35:do=01;35:bd=40;33;01:cd=40;33;01:or=40;31;01:mi=00:su=37;41:sg=30;43:ca=00:tw=30;42:ow=34;42:st=37;44:ex=01;32:*.tar=01;31:*.tgz=01;31:*.arc=01;31:*.arj=01;31:*.taz=01;31:*.lha=01;31:*.lz4=01;31:*.lzh=01;31:*.lzma=01;31:*.tlz=01;31:*.txz=01;31:*.tzo=01;31:*.t7z=01;31:*.zip=01;31:*.z=01;31:*.dz=01;31:*.gz=01;31:*.lrz=01;31:*.lz=01;31:*.lzo=01;31:*.xz=01;31:*.zst=01;31:*.tzst=01;31:*.bz2=01;31:*.bz=01;31:*.tbz=01;31:*.tbz2=01;31:*.tz=01;31:*.deb=01;31:*.rpm=01;31:*.jar=01;31:*.war=01;31:*.ear=01;31:*.sar=01;31:*.rar=01;31:*.alz=01;31:*.ace=01;31:*.zoo=01;31:*.cpio=01;31:*.7z=01;31:*.rz=01;31:*.cab=01;31:*.wim=01;31:*.swm=01;31:*.dwm=01;31:*.esd=01;31:*.avif=01;35:*.jpg=01;35:*.jpeg=01;35:*.mjpg=01;35:*.mjpeg=01;35:*.gif=01;35:*.bmp=01;35:*.pbm=01;35:*.pgm=01;35:*.ppm=01;35:*.tga=01;35:*.xbm=01;35:*.xpm=01;35:*.tif=01;35:*.tiff=01;35:*.png=01;35:*.svg=01;35:*.svgz=01;35:*.mng=01;35:*.pcx=01;35:*.mov=01;35:*.mpg=01;35:*.mpeg=01;35:*.m2v=01;35:*.mkv=01;35:*.webm=01;35:*.webp=01;35:*.ogm=01;35:*.mp4=01;35:*.m4v=01;35:*.mp4v=01;35:*.vob=01;35:*.qt=01;35:*.nuv=01;35:*.wmv=01;35:*.asf=01;35:*.rm=01;35:*.rmvb=01;35:*.flc=01;35:*.avi=01;35:*.fli=01;35:*.flv=01;35:*.gl=01;35:*.dl=01;35:*.xcf=01;35:*.xwd=01;35:*.yuv=01;35:*.cgm=01;35:*.emf=01;35:*.ogv=01;35:*.ogx=01;35:*.aac=00;36:*.au=00;36:*.flac=00;36:*.m4a=00;36:*.mid=00;36:*.midi=00;36:*.mka=00;36:*.mp3=00;36:*.mpc=00;36:*.ogg=00;36:*.ra=00;36:*.wav=00;36:*.oga=00;36:*.opus=00;36:*.spx=00;36:*.xspf=00;36:*~=00;90:*#=00;90:*.bak=00;90:*.crdownload=00;90:*.dpkg-dist=00;90:*.dpkg-new=00;90:*.dpkg-old=00;90:*.dpkg-tmp=00;90:*.old=00;90:*.orig=00;90:*.part=00;90:*.rej=00;90:*.rpmnew=00;90:*.rpmorig=00;90:*.rpmsave=00;90:*.swp=00;90:*.tmp=00;90:*.ucf-dist=00;90:*.ucf-new=00;90:*.ucf-old=00;90:', 'GNOME_TERMINAL_SERVICE': ':1.133', 'SSH_AUTH_SOCK': '/run/user/1004/keyring/ssh', 'AMENT_PREFIX_PATH': '/opt/ros/jazzy', 'SHELL': '/bin/bash', 'QT_ACCESSIBILITY': '1', 'GDMSESSION': 'ubuntu', 'LESSCLOSE': '/usr/bin/lesspipe %s %s', 'WLR_NO_HARDWARE_CURSORS': '1', 'ROS_AUTOMATIC_DISCOVERY_RANGE': 'SUBNET', 'QT_IM_MODULE': 'ibus', 'PWD': '/home/elioowo/ros_sfm/sfm_ros2/build/sfm_ros2', 'XDG_CONFIG_DIRS': '/etc/xdg/xdg-ubuntu:/etc/xdg', 'XDG_DATA_DIRS': '/usr/share/ubuntu:/usr/share/gnome:/usr/local/share/:/usr/share/:/var/lib/snapd/desktop', 'PYTHONPATH': '/opt/ros/jazzy/lib/python3.12/site-packages', 'COLCON': '1', 'MEMORY_PRESSURE_WRITE': 'c29tZSAyMDAwMDAgMjAwMDAwMAA=', 'GENICAM_GENTL64_PATH': ':/opt/pylon5/lib64/gentlproducer/gtl', 'VTE_VERSION': '7600', 'CMAKE_PREFIX_PATH': '/opt/ros/jazzy/opt/gz_sim_vendor:/opt/ros/jazzy/opt/gz_sensors_vendor:/opt/ros/jazzy/opt/gz_physics_vendor:/opt/ros/jazzy/opt/sdformat_vendor:/opt/ros/jazzy/opt/gz_gui_vendor:/opt/ros/jazzy/opt/gz_transport_vendor:/opt/ros/jazzy/opt/gz_rendering_vendor:/opt/ros/jazzy/opt/gz_plugin_vendor:/opt/ros/jazzy/opt/gz_fuel_tools_vendor:/opt/ros/jazzy/opt/gz_msgs_vendor:/opt/ros/jazzy/opt/gz_common_vendor:/opt/ros/jazzy/opt/gz_math_vendor:/opt/ros/jazzy/opt/gz_utils_vendor:/opt/ros/jazzy/opt/gz_tools_vendor:/opt/ros/jazzy/opt/gz_ogre_next_vendor:/opt/ros/jazzy/opt/gz_dartsim_vendor:/opt/ros/jazzy/opt/gz_cmake_vendor:/opt/ros/jazzy'}), 'shell': False}
[0.049489] (sfm_ros2) StdoutLine: {'line': b'[  2%] Built target sfm_ros2__rosidl_generator_type_description\n'}
[0.050264] (sfm_ros2) StdoutLine: {'line': b'[  4%] Built target sfm_ros2__rs\n'}
[0.055684] (sfm_ros2) StdoutLine: {'line': b'[  4%] Built target ament_cmake_python_copy_sfm_ros2\n'}
[0.062066] (sfm_ros2) StdoutLine: {'line': b'[  6%] Built target sfm_ros2__cpp\n'}
[0.064920] (sfm_ros2) StdoutLine: {'line': b'[ 23%] Built target sfm_ros2__rosidl_generator_c\n'}
[0.078890] (sfm_ros2) StdoutLine: {'line': b'[ 31%] Built target sfm_ros2__rosidl_typesupport_introspection_c\n'}
[0.079203] (sfm_ros2) StdoutLine: {'line': b'[ 40%] Built target sfm_ros2__rosidl_typesupport_c\n'}
[0.079729] (sfm_ros2) StdoutLine: {'line': b'[ 48%] Built target sfm_ros2__rosidl_typesupport_fastrtps_c\n'}
[0.079814] (sfm_ros2) StdoutLine: {'line': b'[ 57%] Built target sfm_ros2__rosidl_typesupport_fastrtps_cpp\n'}
[0.080202] (sfm_ros2) StdoutLine: {'line': b'[ 65%] Built target sfm_ros2__rosidl_typesupport_cpp\n'}
[0.080815] (sfm_ros2) StdoutLine: {'line': b'[ 74%] Built target sfm_ros2__rosidl_typesupport_introspection_cpp\n'}
[0.093296] (sfm_ros2) StdoutLine: {'line': b'[ 74%] Built target sfm_ros2\n'}
[0.099447] (-) TimerEvent: {}
[0.105370] (sfm_ros2) StdoutLine: {'line': b'[ 76%] Built target sfm_ros2__py\n'}
[0.108649] (sfm_ros2) StdoutLine: {'line': b'[ 78%] Building CXX object CMakeFiles/sfm.dir/src/sfm.cpp.o\n'}
[0.120423] (sfm_ros2) StdoutLine: {'line': b'[ 85%] Built target sfm_ros2__rosidl_generator_py\n'}
[0.133978] (sfm_ros2) StdoutLine: {'line': b'[ 89%] Built target sfm_ros2_s__rosidl_typesupport_fastrtps_c\n'}
[0.134086] (sfm_ros2) StdoutLine: {'line': b'[ 93%] Built target sfm_ros2_s__rosidl_typesupport_introspection_c\n'}
[0.135484] (sfm_ros2) StdoutLine: {'line': b'[ 97%] Built target sfm_ros2_s__rosidl_typesupport_c\n'}
[0.197644] (sfm_ros2) StdoutLine: {'line': b'running egg_info\n'}
[0.199518] (-) TimerEvent: {}
[0.210820] (sfm_ros2) StdoutLine: {'line': b'writing sfm_ros2.egg-info/PKG-INFO\n'}
[0.211002] (sfm_ros2) StdoutLine: {'line': b'writing dependency_links to sfm_ros2.egg-info/dependency_links.txt\n'}
[0.211208] (sfm_ros2) StdoutLine: {'line': b'writing top-level names to sfm_ros2.egg-info/top_level.txt\n'}
[0.249966] (sfm_ros2) StdoutLine: {'line': b"reading manifest file 'sfm_ros2.egg-info/SOURCES.txt'\n"}
[0.250213] (sfm_ros2) StdoutLine: {'line': b"writing manifest file 'sfm_ros2.egg-info/SOURCES.txt'\n"}
[0.268836] (sfm_ros2) StdoutLine: {'line': b'[ 97%] Built target ament_cmake_python_build_sfm_ros2_egg\n'}
[0.299632] (-) TimerEvent: {}
[0.399844] (-) TimerEvent: {}
[0.500088] (-) TimerEvent: {}
[0.600341] (-) TimerEvent: {}
[0.700573] (-) TimerEvent: {}
[0.800794] (-) TimerEvent: {}
[0.900990] (-) TimerEvent: {}
[1.001100] (-) TimerEvent: {}
[1.101320] (-) TimerEvent: {}
[1.201554] (-) TimerEvent: {}
[1.301807] (-) TimerEvent: {}
[1.402067] (-) TimerEvent: {}
[1.502321] (-) TimerEvent: {}
[1.602572] (-) TimerEvent: {}
[1.702812] (-) TimerEvent: {}
[1.803061] (-) TimerEvent: {}
[1.903313] (-) TimerEvent: {}
[2.003565] (-) TimerEvent: {}
[2.103725] (-) TimerEvent: {}
[2.203970] (-) TimerEvent: {}
[2.304217] (-) TimerEvent: {}
[2.404471] (-) TimerEvent: {}
[2.504723] (-) TimerEvent: {}
[2.604974] (-) TimerEvent: {}
[2.705213] (-) TimerEvent: {}
[2.805453] (-) TimerEvent: {}
[2.905707] (-) TimerEvent: {}
[3.005966] (-) TimerEvent: {}
[3.106220] (-) TimerEvent: {}
[3.206488] (-) TimerEvent: {}
[3.306738] (-) TimerEvent: {}
[3.406994] (-) TimerEvent: {}
[3.507262] (-) TimerEvent: {}
[3.607492] (-) TimerEvent: {}
[3.707641] (-) TimerEvent: {}
[3.807871] (-) TimerEvent: {}
[3.908118] (-) TimerEvent: {}
[4.008371] (-) TimerEvent: {}
[4.108621] (-) TimerEvent: {}
[4.208876] (-) TimerEvent: {}
[4.309126] (-) TimerEvent: {}
[4.409373] (-) TimerEvent: {}
[4.438330] (sfm_ros2) StderrLine: {'line': b'/home/elioowo/ros_sfm/sfm_ros2/src/sfm.cpp: In constructor \xe2\x80\x98semanticSfm::semanticSfm(rclcpp::Node::SharedPtr)\xe2\x80\x99:\n'}
[4.438552] (sfm_ros2) StderrLine: {'line': b'/home/elioowo/ros_sfm/sfm_ros2/src/sfm.cpp:4:1: error: uninitialized reference member in \xe2\x80\x98using rclcpp::Publisher<sensor_msgs::msg::PointCloud2_<std::allocator<void> > >::ConstSharedPtr = class std::shared_ptr<const rclcpp::Publisher<sensor_msgs::msg::PointCloud2_<std::allocator<void> > > >&\xe2\x80\x99 {aka \xe2\x80\x98class std::shared_ptr<const rclcpp::Publisher<sensor_msgs::msg::PointCloud2_<std::allocator<void> > > >&\xe2\x80\x99} [-fpermissive]\n'}
[4.438627] (sfm_ros2) StderrLine: {'line': b'    4 | semanticSfm::semanticSfm(rclcpp::Node::SharedPtr node)\n'}
[4.438687] (sfm_ros2) StderrLine: {'line': b'      | ^~~~~~~~~~~\n'}
[4.438741] (sfm_ros2) StderrLine: {'line': b'In file included from /home/elioowo/ros_sfm/sfm_ros2/src/sfm.cpp:1:\n'}
[4.438794] (sfm_ros2) StderrLine: {'line': b'/home/elioowo/ros_sfm/sfm_ros2/include/sfm/sfm.h:72:71: note: \xe2\x80\x98rclcpp::Publisher<sensor_msgs::msg::PointCloud2_<std::allocator<void> > >::ConstSharedPtr& semanticSfm::sfmCloud_\xe2\x80\x99 should be initialized\n'}
[4.438851] (sfm_ros2) StderrLine: {'line': b'   72 |     rclcpp::Publisher<sensor_msgs::msg::PointCloud2>::ConstSharedPtr& sfmCloud_;\n'}
[4.438904] (sfm_ros2) StderrLine: {'line': b'      |                                                                       ^~~~~~~~~\n'}
[4.438967] (sfm_ros2) StderrLine: {'line': b'/home/elioowo/ros_sfm/sfm_ros2/src/sfm.cpp:4:1: error: uninitialized reference member in \xe2\x80\x98using rclcpp::Publisher<nav_msgs::msg::Path_<std::allocator<void> > >::ConstSharedPtr = class std::shared_ptr<const rclcpp::Publisher<nav_msgs::msg::Path_<std::allocator<void> > > >&\xe2\x80\x99 {aka \xe2\x80\x98class std::shared_ptr<const rclcpp::Publisher<nav_msgs::msg::Path_<std::allocator<void> > > >&\xe2\x80\x99} [-fpermissive]\n'}
[4.439025] (sfm_ros2) StderrLine: {'line': b'    4 | semanticSfm::semanticSfm(rclcpp::Node::SharedPtr node)\n'}
[4.439076] (sfm_ros2) StderrLine: {'line': b'      | ^~~~~~~~~~~\n'}
[4.439124] (sfm_ros2) StderrLine: {'line': b'/home/elioowo/ros_sfm/sfm_ros2/include/sfm/sfm.h:73:61: note: \xe2\x80\x98rclcpp::Publisher<nav_msgs::msg::Path_<std::allocator<void> > >::ConstSharedPtr& semanticSfm::sfmTrajectory_\xe2\x80\x99 should be initialized\n'}
[4.439172] (sfm_ros2) StderrLine: {'line': b'   73 |     rclcpp::Publisher<nav_msgs::msg::Path>::ConstSharedPtr& sfmTrajectory_;\n'}
[4.439220] (sfm_ros2) StderrLine: {'line': b'      |                                                             ^~~~~~~~~~~~~~\n'}
[4.439269] (sfm_ros2) StderrLine: {'line': b'/home/elioowo/ros_sfm/sfm_ros2/src/sfm.cpp:4:1: error: uninitialized reference member in \xe2\x80\x98using rclcpp::Publisher<sfm_ros2::msg::MapGraph_<std::allocator<void> > >::ConstSharedPtr = class std::shared_ptr<const rclcpp::Publisher<sfm_ros2::msg::MapGraph_<std::allocator<void> > > >&\xe2\x80\x99 {aka \xe2\x80\x98class std::shared_ptr<const rclcpp::Publisher<sfm_ros2::msg::MapGraph_<std::allocator<void> > > >&\xe2\x80\x99} [-fpermissive]\n'}
[4.439323] (sfm_ros2) StderrLine: {'line': b'    4 | semanticSfm::semanticSfm(rclcpp::Node::SharedPtr node)\n'}
[4.439371] (sfm_ros2) StderrLine: {'line': b'      | ^~~~~~~~~~~\n'}
[4.439420] (sfm_ros2) StderrLine: {'line': b'/home/elioowo/ros_sfm/sfm_ros2/include/sfm/sfm.h:74:65: note: \xe2\x80\x98rclcpp::Publisher<sfm_ros2::msg::MapGraph_<std::allocator<void> > >::ConstSharedPtr& semanticSfm::sfmMapGraph_\xe2\x80\x99 should be initialized\n'}
[4.439468] (sfm_ros2) StderrLine: {'line': b'   74 |     rclcpp::Publisher<sfm_ros2::msg::MapGraph>::ConstSharedPtr& sfmMapGraph_;\n'}
[4.439516] (sfm_ros2) StderrLine: {'line': b'      |                                                                 ^~~~~~~~~~~~\n'}
[4.509568] (-) TimerEvent: {}
[4.547316] (sfm_ros2) StderrLine: {'line': b'/home/elioowo/ros_sfm/sfm_ros2/src/sfm.cpp: In member function \xe2\x80\x98void semanticSfm::sfmCallBack_(const sensor_msgs::msg::Image_<std::allocator<void> >::ConstSharedPtr&, const sensor_msgs::msg::Image_<std::allocator<void> >::ConstSharedPtr&, const sensor_msgs::msg::CameraInfo_<std::allocator<void> >::ConstSharedPtr&, const nav_msgs::msg::Odometry_<std::allocator<void> >::ConstSharedPtr&)\xe2\x80\x99:\n'}
[4.547511] (sfm_ros2) StderrLine: {'line': b'/home/elioowo/ros_sfm/sfm_ros2/src/sfm.cpp:206:29: error: no matching function for call to \xe2\x80\x98rclcpp::Publisher<sensor_msgs::msg::PointCloud2_<std::allocator<void> > >::publish(sensor_msgs::msg::PointCloud2&) const\xe2\x80\x99\n'}
[4.547568] (sfm_ros2) StderrLine: {'line': b'  206 |     this->sfmCloud_->publish(finalCloud);\n'}
[4.547619] (sfm_ros2) StderrLine: {'line': b'      |     ~~~~~~~~~~~~~~~~~~~~~~~~^~~~~~~~~~~~\n'}
[4.547667] (sfm_ros2) StderrLine: {'line': b'In file included from /opt/ros/jazzy/include/rclcpp/rclcpp/topic_statistics/subscription_topic_statistics.hpp:31,\n'}
[4.547715] (sfm_ros2) StderrLine: {'line': b'                 from /opt/ros/jazzy/include/rclcpp/rclcpp/subscription.hpp:50,\n'}
[4.547764] (sfm_ros2) StderrLine: {'line': b'                 from /opt/ros/jazzy/include/rclcpp/rclcpp/any_executable.hpp:25,\n'}
[4.547810] (sfm_ros2) StderrLine: {'line': b'                 from /opt/ros/jazzy/include/rclcpp/rclcpp/memory_strategy.hpp:25,\n'}
[4.547856] (sfm_ros2) StderrLine: {'line': b'                 from /opt/ros/jazzy/include/rclcpp/rclcpp/memory_strategies.hpp:18,\n'}
[4.547900] (sfm_ros2) StderrLine: {'line': b'                 from /opt/ros/jazzy/include/rclcpp/rclcpp/executor_options.hpp:22,\n'}
[4.548454] (sfm_ros2) StderrLine: {'line': b'                 from /opt/ros/jazzy/include/rclcpp/rclcpp/executor.hpp:38,\n'}
[4.548525] (sfm_ros2) StderrLine: {'line': b'                 from /opt/ros/jazzy/include/rclcpp/rclcpp/executors/multi_threaded_executor.hpp:25,\n'}
[4.548575] (sfm_ros2) StderrLine: {'line': b'                 from /opt/ros/jazzy/include/rclcpp/rclcpp/executors.hpp:21,\n'}
[4.548619] (sfm_ros2) StderrLine: {'line': b'                 from /opt/ros/jazzy/include/rclcpp/rclcpp/rclcpp.hpp:172,\n'}
[4.548660] (sfm_ros2) StderrLine: {'line': b'                 from /home/elioowo/ros_sfm/sfm_ros2/include/sfm/sfm.h:5:\n'}
[4.548704] (sfm_ros2) StderrLine: {'line': b'/opt/ros/jazzy/include/rclcpp/rclcpp/publisher.hpp:414:3: note: candidate: \xe2\x80\x98void rclcpp::Publisher<MessageT, AllocatorT>::publish(rclcpp::LoanedMessage<typename rclcpp::TypeAdapter<MessageT>::ros_message_type, AllocatorT>&&) [with MessageT = sensor_msgs::msg::PointCloud2_<std::allocator<void> >; AllocatorT = std::allocator<void>; typename rclcpp::TypeAdapter<MessageT>::ros_message_type = sensor_msgs::msg::PointCloud2_<std::allocator<void> >]\xe2\x80\x99\n'}
[4.548749] (sfm_ros2) StderrLine: {'line': b'  414 |   publish(rclcpp::LoanedMessage<ROSMessageType, AllocatorT> && loaned_msg)\n'}
[4.548790] (sfm_ros2) StderrLine: {'line': b'      |   ^~~~~~~\n'}
[4.548831] (sfm_ros2) StderrLine: {'line': b'/opt/ros/jazzy/include/rclcpp/rclcpp/publisher.hpp:414:64: note:   no known conversion for argument 1 from \xe2\x80\x98sensor_msgs::msg::PointCloud2\xe2\x80\x99 {aka \xe2\x80\x98sensor_msgs::msg::PointCloud2_<std::allocator<void> >\xe2\x80\x99} to \xe2\x80\x98rclcpp::LoanedMessage<sensor_msgs::msg::PointCloud2_<std::allocator<void> >, std::allocator<void> >&&\xe2\x80\x99\n'}
[4.548874] (sfm_ros2) StderrLine: {'line': b'  414 |   publish(rclcpp::LoanedMessage<ROSMessageType, AllocatorT> && loaned_msg)\n'}
[4.548915] (sfm_ros2) StderrLine: {'line': b'      |           ~~~~~~~~~~~~~~~~~~~~~~~~~~~~~~~~~~~~~~~~~~~~~~~~~~~~~^~~~~~~~~~\n'}
[4.548953] (sfm_ros2) StderrLine: {'line': b'/opt/ros/jazzy/include/rclcpp/rclcpp/publisher.hpp:400:3: note: candidate: \xe2\x80\x98void rclcpp::Publisher<MessageT, AllocatorT>::publish(const rclcpp::SerializedMessage&) [with MessageT = sensor_msgs::msg::PointCloud2_<std::allocator<void> >; AllocatorT = std::allocator<void>]\xe2\x80\x99\n'}
[4.548995] (sfm_ros2) StderrLine: {'line': b'  400 |   publish(const SerializedMessage & serialized_msg)\n'}
[4.549034] (sfm_ros2) StderrLine: {'line': b'      |   ^~~~~~~\n'}
[4.549073] (sfm_ros2) StderrLine: {'line': b'/opt/ros/jazzy/include/rclcpp/rclcpp/publisher.hpp:400:37: note:   no known conversion for argument 1 from \xe2\x80\x98sensor_msgs::msg::PointCloud2\xe2\x80\x99 {aka \xe2\x80\x98sensor_msgs::msg::PointCloud2_<std::allocator<void> >\xe2\x80\x99} to \xe2\x80\x98const rclcpp::SerializedMessage&\xe2\x80\x99\n'}
[4.549118] (sfm_ros2) StderrLine: {'line': b'  400 |   publish(const SerializedMessage & serialized_msg)\n'}
[4.549159] (sfm_ros2) StderrLine: {'line': b'      |           ~~~~~~~~~~~~~~~~~~~~~~~~~~^~~~~~~~~~~~~~\n'}
[4.549199] (sfm_ros2) StderrLine: {'line': b'/opt/ros/jazzy/include/rclcpp/rclcpp/publisher.hpp:394:3: note: candidate: \xe2\x80\x98void rclcpp::Publisher<MessageT, AllocatorT>::publish(const rcl_serialized_message_t&) [with MessageT = sensor_msgs::msg::PointCloud2_<std::allocator<void> >; AllocatorT = std::allocator<void>; rcl_serialized_message_t = rcutils_uint8_array_s]\xe2\x80\x99\n'}
[4.549240] (sfm_ros2) StderrLine: {'line': b'  394 |   publish(const rcl_serialized_message_t & serialized_msg)\n'}
[4.549278] (sfm_ros2) StderrLine: {'line': b'      |   ^~~~~~~\n'}
[4.549318] (sfm_ros2) StderrLine: {'line': b'/opt/ros/jazzy/include/rclcpp/rclcpp/publisher.hpp:394:44: note:   no known conversion for argument 1 from \xe2\x80\x98sensor_msgs::msg::PointCloud2\xe2\x80\x99 {aka \xe2\x80\x98sensor_msgs::msg::PointCloud2_<std::allocator<void> >\xe2\x80\x99} to \xe2\x80\x98const rcl_serialized_message_t&\xe2\x80\x99 {aka \xe2\x80\x98const rcutils_uint8_array_s&\xe2\x80\x99}\n'}
[4.549361] (sfm_ros2) StderrLine: {'line': b'  394 |   publish(const rcl_serialized_message_t & serialized_msg)\n'}
[4.549402] (sfm_ros2) StderrLine: {'line': b'      |           ~~~~~~~~~~~~~~~~~~~~~~~~~~~~~~~~~^~~~~~~~~~~~~~\n'}
[4.549443] (sfm_ros2) StderrLine: {'line': b'/opt/ros/jazzy/include/rclcpp/rclcpp/publisher.hpp:376:3: note: candidate: \xe2\x80\x98template<class T> std::enable_if_t<(typename rclcpp::TypeAdapter<MessageT>::is_specialized::value && std::is_same<T, typename rclcpp::TypeAdapter<MessageT>::custom_type>::value)> rclcpp::Publisher<MessageT, AllocatorT>::publish(const T&) [with MessageT = sensor_msgs::msg::PointCloud2_<std::allocator<void> >; AllocatorT = std::allocator<void>]\xe2\x80\x99\n'}
[4.549486] (sfm_ros2) StderrLine: {'line': b'  376 |   publish(const T & msg)\n'}
[4.549527] (sfm_ros2) StderrLine: {'line': b'      |   ^~~~~~~\n'}
[4.549566] (sfm_ros2) StderrLine: {'line': b'/opt/ros/jazzy/include/rclcpp/rclcpp/publisher.hpp:376:3: note:   template argument deduction/substitution failed:\n'}
[4.549604] (sfm_ros2) StderrLine: {'line': b'In file included from /usr/include/c++/13/bits/move.h:37,\n'}
[4.549644] (sfm_ros2) StderrLine: {'line': b'                 from /usr/include/c++/13/bits/new_allocator.h:36,\n'}
[4.549685] (sfm_ros2) StderrLine: {'line': b'                 from /usr/include/x86_64-linux-gnu/c++/13/bits/c++allocator.h:33,\n'}
[4.549726] (sfm_ros2) StderrLine: {'line': b'                 from /usr/include/c++/13/bits/allocator.h:46,\n'}
[4.549766] (sfm_ros2) StderrLine: {'line': b'                 from /usr/include/c++/13/memory:65,\n'}
[4.549805] (sfm_ros2) StderrLine: {'line': b'                 from /opt/ros/jazzy/include/rclcpp/rclcpp/rclcpp.hpp:169:\n'}
[4.549846] (sfm_ros2) StderrLine: {'line': b'/usr/include/c++/13/type_traits: In substitution of \xe2\x80\x98template<bool _Cond, class _Tp> using std::enable_if_t = typename std::enable_if::type [with bool _Cond = false; _Tp = void]\xe2\x80\x99:\n'}
[4.549888] (sfm_ros2) StderrLine: {'line': b'/opt/ros/jazzy/include/rclcpp/rclcpp/publisher.hpp:376:3:   required by substitution of \xe2\x80\x98template<class T> std::enable_if_t<(std::integral_constant<bool, false>::value && std::is_same<T, sensor_msgs::msg::PointCloud2_<std::allocator<void> > >::value), void> rclcpp::Publisher<sensor_msgs::msg::PointCloud2_<std::allocator<void> > >::publish(const T&) [with T = sensor_msgs::msg::PointCloud2_<std::allocator<void> >]\xe2\x80\x99\n'}
[4.549934] (sfm_ros2) StderrLine: {'line': b'/home/elioowo/ros_sfm/sfm_ros2/src/sfm.cpp:206:29:   required from here\n'}
[4.549975] (sfm_ros2) StderrLine: {'line': b'/usr/include/c++/13/type_traits:2610:11: error: no type named \xe2\x80\x98type\xe2\x80\x99 in \xe2\x80\x98struct std::enable_if<false, void>\xe2\x80\x99\n'}
[4.550014] (sfm_ros2) StderrLine: {'line': b' 2610 |     using enable_if_t = typename enable_if<_Cond, _Tp>::type;\n'}
[4.550052] (sfm_ros2) StderrLine: {'line': b'      |           ^~~~~~~~~~~\n'}
[4.550091] (sfm_ros2) StderrLine: {'line': b'/opt/ros/jazzy/include/rclcpp/rclcpp/publisher.hpp:326:3: note: candidate: \xe2\x80\x98template<class T> std::enable_if_t<(typename rclcpp::TypeAdapter<MessageT>::is_specialized::value && std::is_same<T, typename rclcpp::TypeAdapter<MessageT>::custom_type>::value)> rclcpp::Publisher<MessageT, AllocatorT>::publish(std::unique_ptr<T, typename std::conditional<std::is_same<typename std::allocator_traits<typename std::allocator_traits<_Allocator>::rebind_traits<typename rclcpp::TypeAdapter<MessageT, void, void>::custom_type>::allocator_type>::rebind_alloc<typename rclcpp::TypeAdapter<MessageT, void, void>::custom_type>, std::allocator<typename rclcpp::TypeAdapter<MessageT>::custom_type> >::value, std::default_delete<typename rclcpp::TypeAdapter<MessageT>::custom_type>, rclcpp::allocator::AllocatorDeleter<typename std::allocator_traits<_Allocator>::rebind_traits<typename rclcpp::TypeAdapter<MessageT, void, void>::custom_type>::allocator_type> >::type>) [with MessageT = sensor_msgs::msg::PointCloud2_<std::allocator<void> >; AllocatorT = std::allocator<void>]\xe2\x80\x99\n'}
[4.550144] (sfm_ros2) StderrLine: {'line': b'  326 |   publish(std::unique_ptr<T, PublishedTypeDeleter> msg)\n'}
[4.550183] (sfm_ros2) StderrLine: {'line': b'      |   ^~~~~~~\n'}
[4.550221] (sfm_ros2) StderrLine: {'line': b'/opt/ros/jazzy/include/rclcpp/rclcpp/publisher.hpp:326:3: note:   template argument deduction/substitution failed:\n'}
[4.550260] (sfm_ros2) StderrLine: {'line': b'/home/elioowo/ros_sfm/sfm_ros2/src/sfm.cpp:206:29: note:   \xe2\x80\x98sensor_msgs::msg::PointCloud2_<std::allocator<void> >\xe2\x80\x99 is not derived from \xe2\x80\x98std::unique_ptr<T, std::default_delete<sensor_msgs::msg::PointCloud2_<std::allocator<void> > > >\xe2\x80\x99\n'}
[4.550301] (sfm_ros2) StderrLine: {'line': b'  206 |     this->sfmCloud_->publish(finalCloud);\n'}
[4.550340] (sfm_ros2) StderrLine: {'line': b'      |     ~~~~~~~~~~~~~~~~~~~~~~~~^~~~~~~~~~~~\n'}
[4.550378] (sfm_ros2) StderrLine: {'line': b'/opt/ros/jazzy/include/rclcpp/rclcpp/publisher.hpp:296:3: note: candidate: \xe2\x80\x98std::enable_if_t<(rosidl_generator_traits::is_message<T>::value && std::is_same<T, typename rclcpp::TypeAdapter<MessageT>::ros_message_type>::value)> rclcpp::Publisher<MessageT, AllocatorT>::publish(const T&) [with T = sensor_msgs::msg::PointCloud2_<std::allocator<void> >; MessageT = sensor_msgs::msg::PointCloud2_<std::allocator<void> >; AllocatorT = std::allocator<void>; std::enable_if_t<(rosidl_generator_traits::is_message<T>::value && std::is_same<T, typename rclcpp::TypeAdapter<MessageT>::ros_message_type>::value)> = void; typename rclcpp::TypeAdapter<MessageT>::ros_message_type = sensor_msgs::msg::PointCloud2_<std::allocator<void> >]\xe2\x80\x99 (near match)\n'}
[4.550423] (sfm_ros2) StderrLine: {'line': b'  296 |   publish(const T & msg)\n'}
[4.550462] (sfm_ros2) StderrLine: {'line': b'      |   ^~~~~~~\n'}
[4.550500] (sfm_ros2) StderrLine: {'line': b'/opt/ros/jazzy/include/rclcpp/rclcpp/publisher.hpp:296:3: note:   passing \xe2\x80\x98std::__shared_ptr_access<const rclcpp::Publisher<sensor_msgs::msg::PointCloud2_<std::allocator<void> > >, __gnu_cxx::_S_atomic, false, false>::element_type*\xe2\x80\x99 {aka \xe2\x80\x98const rclcpp::Publisher<sensor_msgs::msg::PointCloud2_<std::allocator<void> > >*\xe2\x80\x99} as \xe2\x80\x98this\xe2\x80\x99 argument discards qualifiers\n'}
[4.550540] (sfm_ros2) StderrLine: {'line': b'/opt/ros/jazzy/include/rclcpp/rclcpp/publisher.hpp:242:3: note: candidate: \xe2\x80\x98template<class T> std::enable_if_t<(rosidl_generator_traits::is_message<T>::value && std::is_same<T, typename rclcpp::TypeAdapter<MessageT>::ros_message_type>::value)> rclcpp::Publisher<MessageT, AllocatorT>::publish(std::unique_ptr<T, typename std::conditional<std::is_same<typename std::allocator_traits<typename std::allocator_traits<_Allocator>::rebind_traits<typename rclcpp::TypeAdapter<MessageT, void, void>::ros_message_type>::allocator_type>::rebind_alloc<typename rclcpp::TypeAdapter<MessageT, void, void>::ros_message_type>, std::allocator<typename rclcpp::TypeAdapter<MessageT>::ros_message_type> >::value, std::default_delete<typename rclcpp::TypeAdapter<MessageT>::ros_message_type>, rclcpp::allocator::AllocatorDeleter<typename std::allocator_traits<_Allocator>::rebind_traits<typename rclcpp::TypeAdapter<MessageT, void, void>::ros_message_type>::allocator_type> >::type>) [with MessageT = sensor_msgs::msg::PointCloud2_<std::allocator<void> >; AllocatorT = std::allocator<void>]\xe2\x80\x99\n'}
[4.550587] (sfm_ros2) StderrLine: {'line': b'  242 |   publish(std::unique_ptr<T, ROSMessageTypeDeleter> msg)\n'}
[4.550626] (sfm_ros2) StderrLine: {'line': b'      |   ^~~~~~~\n'}
[4.550664] (sfm_ros2) StderrLine: {'line': b'/opt/ros/jazzy/include/rclcpp/rclcpp/publisher.hpp:242:3: note:   template argument deduction/substitution failed:\n'}
[4.550703] (sfm_ros2) StderrLine: {'line': b'/home/elioowo/ros_sfm/sfm_ros2/src/sfm.cpp:206:29: note:   \xe2\x80\x98sensor_msgs::msg::PointCloud2_<std::allocator<void> >\xe2\x80\x99 is not derived from \xe2\x80\x98std::unique_ptr<T, std::default_delete<sensor_msgs::msg::PointCloud2_<std::allocator<void> > > >\xe2\x80\x99\n'}
[4.550744] (sfm_ros2) StderrLine: {'line': b'  206 |     this->sfmCloud_->publish(finalCloud);\n'}
[4.550782] (sfm_ros2) StderrLine: {'line': b'      |     ~~~~~~~~~~~~~~~~~~~~~~~~^~~~~~~~~~~~\n'}
[4.550820] (sfm_ros2) StderrLine: {'line': b'/home/elioowo/ros_sfm/sfm_ros2/src/sfm.cpp:211:34: error: no matching function for call to \xe2\x80\x98rclcpp::Publisher<nav_msgs::msg::Path_<std::allocator<void> > >::publish(nav_msgs::msg::Path&) const\xe2\x80\x99\n'}
[4.550858] (sfm_ros2) StderrLine: {'line': b'  211 |     this->sfmTrajectory_->publish(trajectory);\n'}
[4.550897] (sfm_ros2) StderrLine: {'line': b'      |     ~~~~~~~~~~~~~~~~~~~~~~~~~~~~~^~~~~~~~~~~~\n'}
[4.550957] (sfm_ros2) StderrLine: {'line': b'/opt/ros/jazzy/include/rclcpp/rclcpp/publisher.hpp:414:3: note: candidate: \xe2\x80\x98void rclcpp::Publisher<MessageT, AllocatorT>::publish(rclcpp::LoanedMessage<typename rclcpp::TypeAdapter<MessageT>::ros_message_type, AllocatorT>&&) [with MessageT = nav_msgs::msg::Path_<std::allocator<void> >; AllocatorT = std::allocator<void>; typename rclcpp::TypeAdapter<MessageT>::ros_message_type = nav_msgs::msg::Path_<std::allocator<void> >]\xe2\x80\x99\n'}
[4.551001] (sfm_ros2) StderrLine: {'line': b'  414 |   publish(rclcpp::LoanedMessage<ROSMessageType, AllocatorT> && loaned_msg)\n'}
[4.551042] (sfm_ros2) StderrLine: {'line': b'      |   ^~~~~~~\n'}
[4.551079] (sfm_ros2) StderrLine: {'line': b'/opt/ros/jazzy/include/rclcpp/rclcpp/publisher.hpp:414:64: note:   no known conversion for argument 1 from \xe2\x80\x98nav_msgs::msg::Path\xe2\x80\x99 {aka \xe2\x80\x98nav_msgs::msg::Path_<std::allocator<void> >\xe2\x80\x99} to \xe2\x80\x98rclcpp::LoanedMessage<nav_msgs::msg::Path_<std::allocator<void> >, std::allocator<void> >&&\xe2\x80\x99\n'}
[4.551118] (sfm_ros2) StderrLine: {'line': b'  414 |   publish(rclcpp::LoanedMessage<ROSMessageType, AllocatorT> && loaned_msg)\n'}
[4.551157] (sfm_ros2) StderrLine: {'line': b'      |           ~~~~~~~~~~~~~~~~~~~~~~~~~~~~~~~~~~~~~~~~~~~~~~~~~~~~~^~~~~~~~~~\n'}
[4.551194] (sfm_ros2) StderrLine: {'line': b'/opt/ros/jazzy/include/rclcpp/rclcpp/publisher.hpp:400:3: note: candidate: \xe2\x80\x98void rclcpp::Publisher<MessageT, AllocatorT>::publish(const rclcpp::SerializedMessage&) [with MessageT = nav_msgs::msg::Path_<std::allocator<void> >; AllocatorT = std::allocator<void>]\xe2\x80\x99\n'}
[4.551233] (sfm_ros2) StderrLine: {'line': b'  400 |   publish(const SerializedMessage & serialized_msg)\n'}
[4.551269] (sfm_ros2) StderrLine: {'line': b'      |   ^~~~~~~\n'}
[4.551305] (sfm_ros2) StderrLine: {'line': b'/opt/ros/jazzy/include/rclcpp/rclcpp/publisher.hpp:400:37: note:   no known conversion for argument 1 from \xe2\x80\x98nav_msgs::msg::Path\xe2\x80\x99 {aka \xe2\x80\x98nav_msgs::msg::Path_<std::allocator<void> >\xe2\x80\x99} to \xe2\x80\x98const rclcpp::SerializedMessage&\xe2\x80\x99\n'}
[4.551344] (sfm_ros2) StderrLine: {'line': b'  400 |   publish(const SerializedMessage & serialized_msg)\n'}
[4.551381] (sfm_ros2) StderrLine: {'line': b'      |           ~~~~~~~~~~~~~~~~~~~~~~~~~~^~~~~~~~~~~~~~\n'}
[4.551417] (sfm_ros2) StderrLine: {'line': b'/opt/ros/jazzy/include/rclcpp/rclcpp/publisher.hpp:394:3: note: candidate: \xe2\x80\x98void rclcpp::Publisher<MessageT, AllocatorT>::publish(const rcl_serialized_message_t&) [with MessageT = nav_msgs::msg::Path_<std::allocator<void> >; AllocatorT = std::allocator<void>; rcl_serialized_message_t = rcutils_uint8_array_s]\xe2\x80\x99\n'}
[4.551455] (sfm_ros2) StderrLine: {'line': b'  394 |   publish(const rcl_serialized_message_t & serialized_msg)\n'}
[4.551491] (sfm_ros2) StderrLine: {'line': b'      |   ^~~~~~~\n'}
[4.551527] (sfm_ros2) StderrLine: {'line': b'/opt/ros/jazzy/include/rclcpp/rclcpp/publisher.hpp:394:44: note:   no known conversion for argument 1 from \xe2\x80\x98nav_msgs::msg::Path\xe2\x80\x99 {aka \xe2\x80\x98nav_msgs::msg::Path_<std::allocator<void> >\xe2\x80\x99} to \xe2\x80\x98const rcl_serialized_message_t&\xe2\x80\x99 {aka \xe2\x80\x98const rcutils_uint8_array_s&\xe2\x80\x99}\n'}
[4.551566] (sfm_ros2) StderrLine: {'line': b'  394 |   publish(const rcl_serialized_message_t & serialized_msg)\n'}
[4.551604] (sfm_ros2) StderrLine: {'line': b'      |           ~~~~~~~~~~~~~~~~~~~~~~~~~~~~~~~~~^~~~~~~~~~~~~~\n'}
[4.551640] (sfm_ros2) StderrLine: {'line': b'/opt/ros/jazzy/include/rclcpp/rclcpp/publisher.hpp:376:3: note: candidate: \xe2\x80\x98template<class T> std::enable_if_t<(typename rclcpp::TypeAdapter<MessageT>::is_specialized::value && std::is_same<T, typename rclcpp::TypeAdapter<MessageT>::custom_type>::value)> rclcpp::Publisher<MessageT, AllocatorT>::publish(const T&) [with MessageT = nav_msgs::msg::Path_<std::allocator<void> >; AllocatorT = std::allocator<void>]\xe2\x80\x99\n'}
[4.551684] (sfm_ros2) StderrLine: {'line': b'  376 |   publish(const T & msg)\n'}
[4.551721] (sfm_ros2) StderrLine: {'line': b'      |   ^~~~~~~\n'}
[4.551757] (sfm_ros2) StderrLine: {'line': b'/opt/ros/jazzy/include/rclcpp/rclcpp/publisher.hpp:376:3: note:   template argument deduction/substitution failed:\n'}
[4.551796] (sfm_ros2) StderrLine: {'line': b'/opt/ros/jazzy/include/rclcpp/rclcpp/publisher.hpp:326:3: note: candidate: \xe2\x80\x98template<class T> std::enable_if_t<(typename rclcpp::TypeAdapter<MessageT>::is_specialized::value && std::is_same<T, typename rclcpp::TypeAdapter<MessageT>::custom_type>::value)> rclcpp::Publisher<MessageT, AllocatorT>::publish(std::unique_ptr<T, typename std::conditional<std::is_same<typename std::allocator_traits<typename std::allocator_traits<_Allocator>::rebind_traits<typename rclcpp::TypeAdapter<MessageT, void, void>::custom_type>::allocator_type>::rebind_alloc<typename rclcpp::TypeAdapter<MessageT, void, void>::custom_type>, std::allocator<typename rclcpp::TypeAdapter<MessageT>::custom_type> >::value, std::default_delete<typename rclcpp::TypeAdapter<MessageT>::custom_type>, rclcpp::allocator::AllocatorDeleter<typename std::allocator_traits<_Allocator>::rebind_traits<typename rclcpp::TypeAdapter<MessageT, void, void>::custom_type>::allocator_type> >::type>) [with MessageT = nav_msgs::msg::Path_<std::allocator<void> >; AllocatorT = std::allocator<void>]\xe2\x80\x99\n'}
[4.551839] (sfm_ros2) StderrLine: {'line': b'  326 |   publish(std::unique_ptr<T, PublishedTypeDeleter> msg)\n'}
[4.551874] (sfm_ros2) StderrLine: {'line': b'      |   ^~~~~~~\n'}
[4.551910] (sfm_ros2) StderrLine: {'line': b'/opt/ros/jazzy/include/rclcpp/rclcpp/publisher.hpp:326:3: note:   template argument deduction/substitution failed:\n'}
[4.551946] (sfm_ros2) StderrLine: {'line': b'/home/elioowo/ros_sfm/sfm_ros2/src/sfm.cpp:211:34: note:   \xe2\x80\x98nav_msgs::msg::Path_<std::allocator<void> >\xe2\x80\x99 is not derived from \xe2\x80\x98std::unique_ptr<T, std::default_delete<nav_msgs::msg::Path_<std::allocator<void> > > >\xe2\x80\x99\n'}
[4.551982] (sfm_ros2) StderrLine: {'line': b'  211 |     this->sfmTrajectory_->publish(trajectory);\n'}
[4.552019] (sfm_ros2) StderrLine: {'line': b'      |     ~~~~~~~~~~~~~~~~~~~~~~~~~~~~~^~~~~~~~~~~~\n'}
[4.552054] (sfm_ros2) StderrLine: {'line': b'/opt/ros/jazzy/include/rclcpp/rclcpp/publisher.hpp:296:3: note: candidate: \xe2\x80\x98std::enable_if_t<(rosidl_generator_traits::is_message<T>::value && std::is_same<T, typename rclcpp::TypeAdapter<MessageT>::ros_message_type>::value)> rclcpp::Publisher<MessageT, AllocatorT>::publish(const T&) [with T = nav_msgs::msg::Path_<std::allocator<void> >; MessageT = nav_msgs::msg::Path_<std::allocator<void> >; AllocatorT = std::allocator<void>; std::enable_if_t<(rosidl_generator_traits::is_message<T>::value && std::is_same<T, typename rclcpp::TypeAdapter<MessageT>::ros_message_type>::value)> = void; typename rclcpp::TypeAdapter<MessageT>::ros_message_type = nav_msgs::msg::Path_<std::allocator<void> >]\xe2\x80\x99 (near match)\n'}
[4.552094] (sfm_ros2) StderrLine: {'line': b'  296 |   publish(const T & msg)\n'}
[4.552131] (sfm_ros2) StderrLine: {'line': b'      |   ^~~~~~~\n'}
[4.552165] (sfm_ros2) StderrLine: {'line': b'/opt/ros/jazzy/include/rclcpp/rclcpp/publisher.hpp:296:3: note:   passing \xe2\x80\x98std::__shared_ptr_access<const rclcpp::Publisher<nav_msgs::msg::Path_<std::allocator<void> > >, __gnu_cxx::_S_atomic, false, false>::element_type*\xe2\x80\x99 {aka \xe2\x80\x98const rclcpp::Publisher<nav_msgs::msg::Path_<std::allocator<void> > >*\xe2\x80\x99} as \xe2\x80\x98this\xe2\x80\x99 argument discards qualifiers\n'}
[4.552205] (sfm_ros2) StderrLine: {'line': b'/opt/ros/jazzy/include/rclcpp/rclcpp/publisher.hpp:242:3: note: candidate: \xe2\x80\x98template<class T> std::enable_if_t<(rosidl_generator_traits::is_message<T>::value && std::is_same<T, typename rclcpp::TypeAdapter<MessageT>::ros_message_type>::value)> rclcpp::Publisher<MessageT, AllocatorT>::publish(std::unique_ptr<T, typename std::conditional<std::is_same<typename std::allocator_traits<typename std::allocator_traits<_Allocator>::rebind_traits<typename rclcpp::TypeAdapter<MessageT, void, void>::ros_message_type>::allocator_type>::rebind_alloc<typename rclcpp::TypeAdapter<MessageT, void, void>::ros_message_type>, std::allocator<typename rclcpp::TypeAdapter<MessageT>::ros_message_type> >::value, std::default_delete<typename rclcpp::TypeAdapter<MessageT>::ros_message_type>, rclcpp::allocator::AllocatorDeleter<typename std::allocator_traits<_Allocator>::rebind_traits<typename rclcpp::TypeAdapter<MessageT, void, void>::ros_message_type>::allocator_type> >::type>) [with MessageT = nav_msgs::msg::Path_<std::allocator<void> >; AllocatorT = std::allocator<void>]\xe2\x80\x99\n'}
[4.552247] (sfm_ros2) StderrLine: {'line': b'  242 |   publish(std::unique_ptr<T, ROSMessageTypeDeleter> msg)\n'}
[4.552286] (sfm_ros2) StderrLine: {'line': b'      |   ^~~~~~~\n'}
[4.552320] (sfm_ros2) StderrLine: {'line': b'/opt/ros/jazzy/include/rclcpp/rclcpp/publisher.hpp:242:3: note:   template argument deduction/substitution failed:\n'}
[4.552355] (sfm_ros2) StderrLine: {'line': b'/home/elioowo/ros_sfm/sfm_ros2/src/sfm.cpp:211:34: note:   \xe2\x80\x98nav_msgs::msg::Path_<std::allocator<void> >\xe2\x80\x99 is not derived from \xe2\x80\x98std::unique_ptr<T, std::default_delete<nav_msgs::msg::Path_<std::allocator<void> > > >\xe2\x80\x99\n'}
[4.552391] (sfm_ros2) StderrLine: {'line': b'  211 |     this->sfmTrajectory_->publish(trajectory);\n'}
[4.552427] (sfm_ros2) StderrLine: {'line': b'      |     ~~~~~~~~~~~~~~~~~~~~~~~~~~~~~^~~~~~~~~~~~\n'}
[4.552462] (sfm_ros2) StderrLine: {'line': b'/home/elioowo/ros_sfm/sfm_ros2/src/sfm.cpp:219:32: error: no matching function for call to \xe2\x80\x98rclcpp::Publisher<sfm_ros2::msg::MapGraph_<std::allocator<void> > >::publish(sfm_ros2::msg::MapGraph&) const\xe2\x80\x99\n'}
[4.552499] (sfm_ros2) StderrLine: {'line': b'  219 |     this->sfmMapGraph_->publish(mapGraphMsg);\n'}
[4.552536] (sfm_ros2) StderrLine: {'line': b'      |     ~~~~~~~~~~~~~~~~~~~~~~~~~~~^~~~~~~~~~~~~\n'}
[4.552573] (sfm_ros2) StderrLine: {'line': b'/opt/ros/jazzy/include/rclcpp/rclcpp/publisher.hpp:414:3: note: candidate: \xe2\x80\x98void rclcpp::Publisher<MessageT, AllocatorT>::publish(rclcpp::LoanedMessage<typename rclcpp::TypeAdapter<MessageT>::ros_message_type, AllocatorT>&&) [with MessageT = sfm_ros2::msg::MapGraph_<std::allocator<void> >; AllocatorT = std::allocator<void>; typename rclcpp::TypeAdapter<MessageT>::ros_message_type = sfm_ros2::msg::MapGraph_<std::allocator<void> >]\xe2\x80\x99\n'}
[4.552612] (sfm_ros2) StderrLine: {'line': b'  414 |   publish(rclcpp::LoanedMessage<ROSMessageType, AllocatorT> && loaned_msg)\n'}
[4.552649] (sfm_ros2) StderrLine: {'line': b'      |   ^~~~~~~\n'}
[4.552685] (sfm_ros2) StderrLine: {'line': b'/opt/ros/jazzy/include/rclcpp/rclcpp/publisher.hpp:414:64: note:   no known conversion for argument 1 from \xe2\x80\x98sfm_ros2::msg::MapGraph\xe2\x80\x99 {aka \xe2\x80\x98sfm_ros2::msg::MapGraph_<std::allocator<void> >\xe2\x80\x99} to \xe2\x80\x98rclcpp::LoanedMessage<sfm_ros2::msg::MapGraph_<std::allocator<void> >, std::allocator<void> >&&\xe2\x80\x99\n'}
[4.552723] (sfm_ros2) StderrLine: {'line': b'  414 |   publish(rclcpp::LoanedMessage<ROSMessageType, AllocatorT> && loaned_msg)\n'}
[4.552759] (sfm_ros2) StderrLine: {'line': b'      |           ~~~~~~~~~~~~~~~~~~~~~~~~~~~~~~~~~~~~~~~~~~~~~~~~~~~~~^~~~~~~~~~\n'}
[4.552797] (sfm_ros2) StderrLine: {'line': b'/opt/ros/jazzy/include/rclcpp/rclcpp/publisher.hpp:400:3: note: candidate: \xe2\x80\x98void rclcpp::Publisher<MessageT, AllocatorT>::publish(const rclcpp::SerializedMessage&) [with MessageT = sfm_ros2::msg::MapGraph_<std::allocator<void> >; AllocatorT = std::allocator<void>]\xe2\x80\x99\n'}
[4.552834] (sfm_ros2) StderrLine: {'line': b'  400 |   publish(const SerializedMessage & serialized_msg)\n'}
[4.552871] (sfm_ros2) StderrLine: {'line': b'      |   ^~~~~~~\n'}
[4.552906] (sfm_ros2) StderrLine: {'line': b'/opt/ros/jazzy/include/rclcpp/rclcpp/publisher.hpp:400:37: note:   no known conversion for argument 1 from \xe2\x80\x98sfm_ros2::msg::MapGraph\xe2\x80\x99 {aka \xe2\x80\x98sfm_ros2::msg::MapGraph_<std::allocator<void> >\xe2\x80\x99} to \xe2\x80\x98const rclcpp::SerializedMessage&\xe2\x80\x99\n'}
[4.552941] (sfm_ros2) StderrLine: {'line': b'  400 |   publish(const SerializedMessage & serialized_msg)\n'}
[4.552977] (sfm_ros2) StderrLine: {'line': b'      |           ~~~~~~~~~~~~~~~~~~~~~~~~~~^~~~~~~~~~~~~~\n'}
[4.553011] (sfm_ros2) StderrLine: {'line': b'/opt/ros/jazzy/include/rclcpp/rclcpp/publisher.hpp:394:3: note: candidate: \xe2\x80\x98void rclcpp::Publisher<MessageT, AllocatorT>::publish(const rcl_serialized_message_t&) [with MessageT = sfm_ros2::msg::MapGraph_<std::allocator<void> >; AllocatorT = std::allocator<void>; rcl_serialized_message_t = rcutils_uint8_array_s]\xe2\x80\x99\n'}
[4.553047] (sfm_ros2) StderrLine: {'line': b'  394 |   publish(const rcl_serialized_message_t & serialized_msg)\n'}
[4.553083] (sfm_ros2) StderrLine: {'line': b'      |   ^~~~~~~\n'}
[4.553117] (sfm_ros2) StderrLine: {'line': b'/opt/ros/jazzy/include/rclcpp/rclcpp/publisher.hpp:394:44: note:   no known conversion for argument 1 from \xe2\x80\x98sfm_ros2::msg::MapGraph\xe2\x80\x99 {aka \xe2\x80\x98sfm_ros2::msg::MapGraph_<std::allocator<void> >\xe2\x80\x99} to \xe2\x80\x98const rcl_serialized_message_t&\xe2\x80\x99 {aka \xe2\x80\x98const rcutils_uint8_array_s&\xe2\x80\x99}\n'}
[4.553153] (sfm_ros2) StderrLine: {'line': b'  394 |   publish(const rcl_serialized_message_t & serialized_msg)\n'}
[4.553187] (sfm_ros2) StderrLine: {'line': b'      |           ~~~~~~~~~~~~~~~~~~~~~~~~~~~~~~~~~^~~~~~~~~~~~~~\n'}
[4.553221] (sfm_ros2) StderrLine: {'line': b'/opt/ros/jazzy/include/rclcpp/rclcpp/publisher.hpp:376:3: note: candidate: \xe2\x80\x98template<class T> std::enable_if_t<(typename rclcpp::TypeAdapter<MessageT>::is_specialized::value && std::is_same<T, typename rclcpp::TypeAdapter<MessageT>::custom_type>::value)> rclcpp::Publisher<MessageT, AllocatorT>::publish(const T&) [with MessageT = sfm_ros2::msg::MapGraph_<std::allocator<void> >; AllocatorT = std::allocator<void>]\xe2\x80\x99\n'}
[4.553257] (sfm_ros2) StderrLine: {'line': b'  376 |   publish(const T & msg)\n'}
[4.553290] (sfm_ros2) StderrLine: {'line': b'      |   ^~~~~~~\n'}
[4.553324] (sfm_ros2) StderrLine: {'line': b'/opt/ros/jazzy/include/rclcpp/rclcpp/publisher.hpp:376:3: note:   template argument deduction/substitution failed:\n'}
[4.553358] (sfm_ros2) StderrLine: {'line': b'/opt/ros/jazzy/include/rclcpp/rclcpp/publisher.hpp:326:3: note: candidate: \xe2\x80\x98template<class T> std::enable_if_t<(typename rclcpp::TypeAdapter<MessageT>::is_specialized::value && std::is_same<T, typename rclcpp::TypeAdapter<MessageT>::custom_type>::value)> rclcpp::Publisher<MessageT, AllocatorT>::publish(std::unique_ptr<T, typename std::conditional<std::is_same<typename std::allocator_traits<typename std::allocator_traits<_Allocator>::rebind_traits<typename rclcpp::TypeAdapter<MessageT, void, void>::custom_type>::allocator_type>::rebind_alloc<typename rclcpp::TypeAdapter<MessageT, void, void>::custom_type>, std::allocator<typename rclcpp::TypeAdapter<MessageT>::custom_type> >::value, std::default_delete<typename rclcpp::TypeAdapter<MessageT>::custom_type>, rclcpp::allocator::AllocatorDeleter<typename std::allocator_traits<_Allocator>::rebind_traits<typename rclcpp::TypeAdapter<MessageT, void, void>::custom_type>::allocator_type> >::type>) [with MessageT = sfm_ros2::msg::MapGraph_<std::allocator<void> >; AllocatorT = std::allocator<void>]\xe2\x80\x99\n'}
[4.553404] (sfm_ros2) StderrLine: {'line': b'  326 |   publish(std::unique_ptr<T, PublishedTypeDeleter> msg)\n'}
[4.553439] (sfm_ros2) StderrLine: {'line': b'      |   ^~~~~~~\n'}
[4.553474] (sfm_ros2) StderrLine: {'line': b'/opt/ros/jazzy/include/rclcpp/rclcpp/publisher.hpp:326:3: note:   template argument deduction/substitution failed:\n'}
[4.553509] (sfm_ros2) StderrLine: {'line': b'/home/elioowo/ros_sfm/sfm_ros2/src/sfm.cpp:219:32: note:   \xe2\x80\x98sfm_ros2::msg::MapGraph_<std::allocator<void> >\xe2\x80\x99 is not derived from \xe2\x80\x98std::unique_ptr<T, std::default_delete<sfm_ros2::msg::MapGraph_<std::allocator<void> > > >\xe2\x80\x99\n'}
[4.553545] (sfm_ros2) StderrLine: {'line': b'  219 |     this->sfmMapGraph_->publish(mapGraphMsg);\n'}
[4.553580] (sfm_ros2) StderrLine: {'line': b'      |     ~~~~~~~~~~~~~~~~~~~~~~~~~~~^~~~~~~~~~~~~\n'}
[4.553615] (sfm_ros2) StderrLine: {'line': b'/opt/ros/jazzy/include/rclcpp/rclcpp/publisher.hpp:296:3: note: candidate: \xe2\x80\x98std::enable_if_t<(rosidl_generator_traits::is_message<T>::value && std::is_same<T, typename rclcpp::TypeAdapter<MessageT>::ros_message_type>::value)> rclcpp::Publisher<MessageT, AllocatorT>::publish(const T&) [with T = sfm_ros2::msg::MapGraph_<std::allocator<void> >; MessageT = sfm_ros2::msg::MapGraph_<std::allocator<void> >; AllocatorT = std::allocator<void>; std::enable_if_t<(rosidl_generator_traits::is_message<T>::value && std::is_same<T, typename rclcpp::TypeAdapter<MessageT>::ros_message_type>::value)> = void; typename rclcpp::TypeAdapter<MessageT>::ros_message_type = sfm_ros2::msg::MapGraph_<std::allocator<void> >]\xe2\x80\x99 (near match)\n'}
[4.553652] (sfm_ros2) StderrLine: {'line': b'  296 |   publish(const T & msg)\n'}
[4.553685] (sfm_ros2) StderrLine: {'line': b'      |   ^~~~~~~\n'}
[4.553718] (sfm_ros2) StderrLine: {'line': b'/opt/ros/jazzy/include/rclcpp/rclcpp/publisher.hpp:296:3: note:   passing \xe2\x80\x98std::__shared_ptr_access<const rclcpp::Publisher<sfm_ros2::msg::MapGraph_<std::allocator<void> > >, __gnu_cxx::_S_atomic, false, false>::element_type*\xe2\x80\x99 {aka \xe2\x80\x98const rclcpp::Publisher<sfm_ros2::msg::MapGraph_<std::allocator<void> > >*\xe2\x80\x99} as \xe2\x80\x98this\xe2\x80\x99 argument discards qualifiers\n'}
[4.553755] (sfm_ros2) StderrLine: {'line': b'/opt/ros/jazzy/include/rclcpp/rclcpp/publisher.hpp:242:3: note: candidate: \xe2\x80\x98template<class T> std::enable_if_t<(rosidl_generator_traits::is_message<T>::value && std::is_same<T, typename rclcpp::TypeAdapter<MessageT>::ros_message_type>::value)> rclcpp::Publisher<MessageT, AllocatorT>::publish(std::unique_ptr<T, typename std::conditional<std::is_same<typename std::allocator_traits<typename std::allocator_traits<_Allocator>::rebind_traits<typename rclcpp::TypeAdapter<MessageT, void, void>::ros_message_type>::allocator_type>::rebind_alloc<typename rclcpp::TypeAdapter<MessageT, void, void>::ros_message_type>, std::allocator<typename rclcpp::TypeAdapter<MessageT>::ros_message_type> >::value, std::default_delete<typename rclcpp::TypeAdapter<MessageT>::ros_message_type>, rclcpp::allocator::AllocatorDeleter<typename std::allocator_traits<_Allocator>::rebind_traits<typename rclcpp::TypeAdapter<MessageT, void, void>::ros_message_type>::allocator_type> >::type>) [with MessageT = sfm_ros2::msg::MapGraph_<std::allocator<void> >; AllocatorT = std::allocator<void>]\xe2\x80\x99\n'}
[4.553796] (sfm_ros2) StderrLine: {'line': b'  242 |   publish(std::unique_ptr<T, ROSMessageTypeDeleter> msg)\n'}
[4.553831] (sfm_ros2) StderrLine: {'line': b'      |   ^~~~~~~\n'}
[4.553866] (sfm_ros2) StderrLine: {'line': b'/opt/ros/jazzy/include/rclcpp/rclcpp/publisher.hpp:242:3: note:   template argument deduction/substitution failed:\n'}
[4.553901] (sfm_ros2) StderrLine: {'line': b'/home/elioowo/ros_sfm/sfm_ros2/src/sfm.cpp:219:32: note:   \xe2\x80\x98sfm_ros2::msg::MapGraph_<std::allocator<void> >\xe2\x80\x99 is not derived from \xe2\x80\x98std::unique_ptr<T, std::default_delete<sfm_ros2::msg::MapGraph_<std::allocator<void> > > >\xe2\x80\x99\n'}
[4.553939] (sfm_ros2) StderrLine: {'line': b'  219 |     this->sfmMapGraph_->publish(mapGraphMsg);\n'}
[4.553975] (sfm_ros2) StderrLine: {'line': b'      |     ~~~~~~~~~~~~~~~~~~~~~~~~~~~^~~~~~~~~~~~~\n'}
[4.609738] (-) TimerEvent: {}
[4.709978] (-) TimerEvent: {}
[4.810223] (-) TimerEvent: {}
[4.910469] (-) TimerEvent: {}
[5.010719] (-) TimerEvent: {}
[5.103332] (sfm_ros2) StderrLine: {'line': b'In file included from /opt/ros/jazzy/include/message_filters/message_filters/synchronizer.h:47,\n'}
[5.103471] (sfm_ros2) StderrLine: {'line': b'                 from /opt/ros/jazzy/include/message_filters/message_filters/time_synchronizer.h:41,\n'}
[5.103515] (sfm_ros2) StderrLine: {'line': b'                 from /home/elioowo/ros_sfm/sfm_ros2/include/sfm/sfm.h:19:\n'}
[5.103552] (sfm_ros2) StderrLine: {'line': b'/opt/ros/jazzy/include/message_filters/message_filters/signal9.h: In instantiation of \xe2\x80\x98message_filters::Connection message_filters::Signal9<M0, M1, M2, M3, M4, M5, M6, M7, M8>::addCallback(C&) [with C = const semanticSfm::semanticSfm(rclcpp::Node::SharedPtr)::<lambda(const sensor_msgs::msg::Image_<std::allocator<void> >::ConstSharedPtr&, const sensor_msgs::msg::Image_<std::allocator<void> >::ConstSharedPtr&, const sensor_msgs::msg::CameraInfo_<std::allocator<void> >::ConstSharedPtr&, const nav_msgs::msg::Odometry_<std::allocator<void> >::ConstSharedPtr&)>; M0 = sensor_msgs::msg::Image_<std::allocator<void> >; M1 = sensor_msgs::msg::Image_<std::allocator<void> >; M2 = sensor_msgs::msg::CameraInfo_<std::allocator<void> >; M3 = nav_msgs::msg::Odometry_<std::allocator<void> >; M4 = message_filters::NullType; M5 = message_filters::NullType; M6 = message_filters::NullType; M7 = message_filters::NullType; M8 = message_filters::NullType]\xe2\x80\x99:\n'}
[5.103615] (sfm_ros2) StderrLine: {'line': b'/opt/ros/jazzy/include/message_filters/message_filters/synchronizer.h:298:31:   required from \xe2\x80\x98message_filters::Connection message_filters::Synchronizer<Policy>::registerCallback(const C&) [with C = semanticSfm::semanticSfm(rclcpp::Node::SharedPtr)::<lambda(const sensor_msgs::msg::Image_<std::allocator<void> >::ConstSharedPtr&, const sensor_msgs::msg::Image_<std::allocator<void> >::ConstSharedPtr&, const sensor_msgs::msg::CameraInfo_<std::allocator<void> >::ConstSharedPtr&, const nav_msgs::msg::Odometry_<std::allocator<void> >::ConstSharedPtr&)>; Policy = message_filters::sync_policies::ApproximateTime<sensor_msgs::msg::Image_<std::allocator<void> >, sensor_msgs::msg::Image_<std::allocator<void> >, sensor_msgs::msg::CameraInfo_<std::allocator<void> >, nav_msgs::msg::Odometry_<std::allocator<void> > >]\xe2\x80\x99\n'}
[5.103657] (sfm_ros2) StderrLine: {'line': b'/home/elioowo/ros_sfm/sfm_ros2/src/sfm.cpp:35:28:   required from here\n'}
[5.103693] (sfm_ros2) StderrLine: {'line': b'/opt/ros/jazzy/include/message_filters/message_filters/signal9.h:280:40: error: no matching function for call to \xe2\x80\x98message_filters::Signal9<sensor_msgs::msg::Image_<std::allocator<void> >, sensor_msgs::msg::Image_<std::allocator<void> >, sensor_msgs::msg::CameraInfo_<std::allocator<void> >, nav_msgs::msg::Odometry_<std::allocator<void> >, message_filters::NullType, message_filters::NullType, message_filters::NullType, message_filters::NullType, message_filters::NullType>::addCallback<const message_filters::Signal9<sensor_msgs::msg::Image_<std::allocator<void> >, sensor_msgs::msg::Image_<std::allocator<void> >, sensor_msgs::msg::CameraInfo_<std::allocator<void> >, nav_msgs::msg::Odometry_<std::allocator<void> >, message_filters::NullType, message_filters::NullType, message_filters::NullType, message_filters::NullType, message_filters::NullType>::M0ConstPtr&, const message_filters::Signal9<sensor_msgs::msg::Image_<std::allocator<void> >, sensor_msgs::msg::Image_<std::allocator<void> >, sensor_msgs::msg::CameraInfo_<std::allocator<void> >, nav_msgs::msg::Odometry_<std::allocator<void> >, message_filters::NullType, message_filters::NullType, message_filters::NullType, message_filters::NullType, message_filters::NullType>::M1ConstPtr&, const message_filters::Signal9<sensor_msgs::msg::Image_<std::allocator<void> >, sensor_msgs::msg::Image_<std::allocator<void> >, sensor_msgs::msg::CameraInfo_<std::allocator<void> >, nav_msgs::msg::Odometry_<std::allocator<void> >, message_filters::NullType, message_filters::NullType, message_filters::NullType, message_filters::NullType, message_filters::NullType>::M2ConstPtr&, const message_filters::Signal9<sensor_msgs::msg::Image_<std::allocator<void> >, sensor_msgs::msg::Image_<std::allocator<void> >, sensor_msgs::msg::CameraInfo_<std::allocator<void> >, nav_msgs::msg::Odometry_<std::allocator<void> >, message_filters::NullType, message_filters::NullType, message_filters::NullType, message_filters::NullType, message_filters::NullType>::M3ConstPtr&, const message_filters::Signal9<sensor_msgs::msg::Image_<std::allocator<void> >, sensor_msgs::msg::Image_<std::allocator<void> >, sensor_msgs::msg::CameraInfo_<std::allocator<void> >, nav_msgs::msg::Odometry_<std::allocator<void> >, message_filters::NullType, message_filters::NullType, message_filters::NullType, message_filters::NullType, message_filters::NullType>::M4ConstPtr&, const message_filters::Signal9<sensor_msgs::msg::Image_<std::allocator<void> >, sensor_msgs::msg::Image_<std::allocator<void> >, sensor_msgs::msg::CameraInfo_<std::allocator<void> >, nav_msgs::msg::Odometry_<std::allocator<void> >, message_filters::NullType, message_filters::NullType, message_filters::NullType, message_filters::NullType, message_filters::NullType>::M5ConstPtr&, const message_filters::Signal9<sensor_msgs::msg::Image_<std::allocator<void> >, sensor_msgs::msg::Image_<std::allocator<void> >, sensor_msgs::msg::CameraInfo_<std::allocator<void> >, nav_msgs::msg::Odometry_<std::allocator<void> >, message_filters::NullType, message_filters::NullType, message_filters::NullType, message_filters::NullType, message_filters::NullType>::M6ConstPtr&, const message_filters::Signal9<sensor_msgs::msg::Image_<std::allocator<void> >, sensor_msgs::msg::Image_<std::allocator<void> >, sensor_msgs::msg::CameraInfo_<std::allocator<void> >, nav_msgs::msg::Odometry_<std::allocator<void> >, message_filters::NullType, message_filters::NullType, message_filters::NullType, message_filters::NullType, message_filters::NullType>::M7ConstPtr&, const message_filters::Signal9<sensor_msgs::msg::Image_<std::allocator<void> >, sensor_msgs::msg::Image_<std::allocator<void> >, sensor_msgs::msg::CameraInfo_<std::allocator<void> >, nav_msgs::msg::Odometry_<std::allocator<void> >, message_filters::NullType, message_filters::NullType, message_filters::NullType, message_filters::NullType, message_filters::NullType>::M8ConstPtr&>(std::_Bind_helper<false, const semanticSfm::semanticSfm(rclcpp::Node::SharedPtr)::<lambda(const sensor_msgs::msg::Image_<std::allocator<void> >::ConstSharedPtr&, const sensor_msgs::msg::Image_<std::allocator<void> >::ConstSharedPtr&, const sensor_msgs::msg::CameraInfo_<std::allocator<void> >::ConstSharedPtr&, const nav_msgs::msg::Odometry_<std::allocator<void> >::ConstSharedPtr&)>&, const std::_Placeholder<1>&, const std::_Placeholder<2>&, const std::_Placeholder<3>&, const std::_Placeholder<4>&, const std::_Placeholder<5>&, const std::_Placeholder<6>&, const std::_Placeholder<7>&, const std::_Placeholder<8>&, const std::_Placeholder<9>&>::type)\xe2\x80\x99\n'}
[5.103754] (sfm_ros2) StderrLine: {'line': b'  272 |     return addCallback<const M0ConstPtr&,\n'}
[5.103789] (sfm_ros2) StderrLine: {'line': b'      |            ~~~~~~~~~~~~~~~~~~~~~~~~~~~~~~\n'}
[5.103827] (sfm_ros2) StderrLine: {'line': b'  273 |                      const M1ConstPtr&,\n'}
[5.103860] (sfm_ros2) StderrLine: {'line': b'      |                      ~~~~~~~~~~~~~~~~~~ \n'}
[5.103897] (sfm_ros2) StderrLine: {'line': b'  274 |                      const M2ConstPtr&,\n'}
[5.103930] (sfm_ros2) StderrLine: {'line': b'      |                      ~~~~~~~~~~~~~~~~~~ \n'}
[5.103963] (sfm_ros2) StderrLine: {'line': b'  275 |                      const M3ConstPtr&,\n'}
[5.103998] (sfm_ros2) StderrLine: {'line': b'      |                      ~~~~~~~~~~~~~~~~~~ \n'}
[5.104031] (sfm_ros2) StderrLine: {'line': b'  276 |                      const M4ConstPtr&,\n'}
[5.104064] (sfm_ros2) StderrLine: {'line': b'      |                      ~~~~~~~~~~~~~~~~~~ \n'}
[5.104096] (sfm_ros2) StderrLine: {'line': b'  277 |                      const M5ConstPtr&,\n'}
[5.104130] (sfm_ros2) StderrLine: {'line': b'      |                      ~~~~~~~~~~~~~~~~~~ \n'}
[5.104163] (sfm_ros2) StderrLine: {'line': b'  278 |                      const M6ConstPtr&,\n'}
[5.104195] (sfm_ros2) StderrLine: {'line': b'      |                      ~~~~~~~~~~~~~~~~~~ \n'}
[5.104227] (sfm_ros2) StderrLine: {'line': b'  279 |                      const M7ConstPtr&,\n'}
[5.104259] (sfm_ros2) StderrLine: {'line': b'      |                      ~~~~~~~~~~~~~~~~~~ \n'}
[5.104290] (sfm_ros2) StderrLine: {'line': b'  280 |                      const M8ConstPtr&>(std::bind(callback, std::placeholders::_1, std::placeholders::_2, std::placeholders::_3, std::placeholders::_4, std::placeholders::_5, std::placeholders::_6, std::placeholders::_7, std::placeholders::_8, std::placeholders::_9));\n'}
[5.104327] (sfm_ros2) StderrLine: {'line': b'      |                      ~~~~~~~~~~~~~~~~~~^~~~~~~~~~~~~~~~~~~~~~~~~~~~~~~~~~~~~~~~~~~~~~~~~~~~~~~~~~~~~~~~~~~~~~~~~~~~~~~~~~~~~~~~~~~~~~~~~~~~~~~~~~~~~~~~~~~~~~~~~~~~~~~~~~~~~~~~~~~~~~~~~~~~~~~~~~~~~~~~~~~~~~~~~~~~~~~~~~~~~~~~~~~~~~~~~~~~~~~~~~~~~~~~~~~~~~~~~~~~~~~~~~~~\n'}
[5.104361] (sfm_ros2) StderrLine: {'line': b'/opt/ros/jazzy/include/message_filters/message_filters/signal9.h:170:14: note: candidate: \xe2\x80\x98message_filters::Connection message_filters::Signal9<M0, M1, M2, M3, M4, M5, M6, M7, M8>::addCallback(const std::function<void(P0, P1, P2, P3, P4, P5, P6, P7, P8)>&) [with P0 = const std::shared_ptr<const sensor_msgs::msg::Image_<std::allocator<void> > >&; P1 = const std::shared_ptr<const sensor_msgs::msg::Image_<std::allocator<void> > >&; P2 = const std::shared_ptr<const sensor_msgs::msg::CameraInfo_<std::allocator<void> > >&; P3 = const std::shared_ptr<const nav_msgs::msg::Odometry_<std::allocator<void> > >&; P4 = const std::shared_ptr<const message_filters::NullType>&; P5 = const std::shared_ptr<const message_filters::NullType>&; P6 = const std::shared_ptr<const message_filters::NullType>&; P7 = const std::shared_ptr<const message_filters::NullType>&; P8 = const std::shared_ptr<const message_filters::NullType>&; M0 = sensor_msgs::msg::Image_<std::allocator<void> >; M1 = sensor_msgs::msg::Image_<std::allocator<void> >; M2 = sensor_msgs::msg::CameraInfo_<std::allocator<void> >; M3 = nav_msgs::msg::Odometry_<std::allocator<void> >; M4 = message_filters::NullType; M5 = message_filters::NullType; M6 = message_filters::NullType; M7 = message_filters::NullType; M8 = message_filters::NullType]\xe2\x80\x99\n'}
[5.104404] (sfm_ros2) StderrLine: {'line': b'  170 |   Connection addCallback(const std::function<void(P0, P1, P2, P3, P4, P5, P6, P7, P8)>& callback)\n'}
[5.104438] (sfm_ros2) StderrLine: {'line': b'      |              ^~~~~~~~~~~\n'}
[5.104471] (sfm_ros2) StderrLine: {'line': b'/opt/ros/jazzy/include/message_filters/message_filters/signal9.h:170:89: note:   no known conversion for argument 1 from \xe2\x80\x98std::_Bind_helper<false, const semanticSfm::semanticSfm(rclcpp::Node::SharedPtr)::<lambda(const sensor_msgs::msg::Image_<std::allocator<void> >::ConstSharedPtr&, const sensor_msgs::msg::Image_<std::allocator<void> >::ConstSharedPtr&, const sensor_msgs::msg::CameraInfo_<std::allocator<void> >::ConstSharedPtr&, const nav_msgs::msg::Odometry_<std::allocator<void> >::ConstSharedPtr&)>&, const std::_Placeholder<1>&, const std::_Placeholder<2>&, const std::_Placeholder<3>&, const std::_Placeholder<4>&, const std::_Placeholder<5>&, const std::_Placeholder<6>&, const std::_Placeholder<7>&, const std::_Placeholder<8>&, const std::_Placeholder<9>&>::type\xe2\x80\x99 to \xe2\x80\x98const std::function<void(const std::shared_ptr<const sensor_msgs::msg::Image_<std::allocator<void> > >&, const std::shared_ptr<const sensor_msgs::msg::Image_<std::allocator<void> > >&, const std::shared_ptr<const sensor_msgs::msg::CameraInfo_<std::allocator<void> > >&, const std::shared_ptr<const nav_msgs::msg::Odometry_<std::allocator<void> > >&, const std::shared_ptr<const message_filters::NullType>&, const std::shared_ptr<const message_filters::NullType>&, const std::shared_ptr<const message_filters::NullType>&, const std::shared_ptr<const message_filters::NullType>&, const std::shared_ptr<const message_filters::NullType>&)>&\xe2\x80\x99\n'}
[5.104513] (sfm_ros2) StderrLine: {'line': b'  170 |   Connection addCallback(const std::function<void(P0, P1, P2, P3, P4, P5, P6, P7, P8)>& callback)\n'}
[5.104548] (sfm_ros2) StderrLine: {'line': b'      |                          ~~~~~~~~~~~~~~~~~~~~~~~~~~~~~~~~~~~~~~~~~~~~~~~~~~~~~~~~~~~~~~~^~~~~~~~\n'}
[5.104581] (sfm_ros2) StderrLine: {'line': b'/opt/ros/jazzy/include/message_filters/message_filters/signal9.h:180:14: note: candidate: \xe2\x80\x98template<class P0, class P1> message_filters::Connection message_filters::Signal9<M0, M1, M2, M3, M4, M5, M6, M7, M8>::addCallback(void (*)(P0, P1)) [with P1 = P0; M0 = sensor_msgs::msg::Image_<std::allocator<void> >; M1 = sensor_msgs::msg::Image_<std::allocator<void> >; M2 = sensor_msgs::msg::CameraInfo_<std::allocator<void> >; M3 = nav_msgs::msg::Odometry_<std::allocator<void> >; M4 = message_filters::NullType; M5 = message_filters::NullType; M6 = message_filters::NullType; M7 = message_filters::NullType; M8 = message_filters::NullType]\xe2\x80\x99\n'}
[5.104615] (sfm_ros2) StderrLine: {'line': b'  180 |   Connection addCallback(void(*callback)(P0, P1))\n'}
[5.104648] (sfm_ros2) StderrLine: {'line': b'      |              ^~~~~~~~~~~\n'}
[5.104680] (sfm_ros2) StderrLine: {'line': b'/opt/ros/jazzy/include/message_filters/message_filters/signal9.h:180:14: note:   template argument deduction/substitution failed:\n'}
[5.104713] (sfm_ros2) StderrLine: {'line': b'/opt/ros/jazzy/include/message_filters/message_filters/signal9.h:280:40: error: wrong number of template arguments (9, should be 2)\n'}
[5.104745] (sfm_ros2) StderrLine: {'line': b'  272 |     return addCallback<const M0ConstPtr&,\n'}
[5.104777] (sfm_ros2) StderrLine: {'line': b'      |            ~~~~~~~~~~~~~~~~~~~~~~~~~~~~~~\n'}
[5.104809] (sfm_ros2) StderrLine: {'line': b'  273 |                      const M1ConstPtr&,\n'}
[5.104844] (sfm_ros2) StderrLine: {'line': b'      |                      ~~~~~~~~~~~~~~~~~~ \n'}
[5.104876] (sfm_ros2) StderrLine: {'line': b'  274 |                      const M2ConstPtr&,\n'}
[5.104908] (sfm_ros2) StderrLine: {'line': b'      |                      ~~~~~~~~~~~~~~~~~~ \n'}
[5.104939] (sfm_ros2) StderrLine: {'line': b'  275 |                      const M3ConstPtr&,\n'}
[5.104971] (sfm_ros2) StderrLine: {'line': b'      |                      ~~~~~~~~~~~~~~~~~~ \n'}
[5.105003] (sfm_ros2) StderrLine: {'line': b'  276 |                      const M4ConstPtr&,\n'}
[5.105036] (sfm_ros2) StderrLine: {'line': b'      |                      ~~~~~~~~~~~~~~~~~~ \n'}
[5.105068] (sfm_ros2) StderrLine: {'line': b'  277 |                      const M5ConstPtr&,\n'}
[5.105102] (sfm_ros2) StderrLine: {'line': b'      |                      ~~~~~~~~~~~~~~~~~~ \n'}
[5.105135] (sfm_ros2) StderrLine: {'line': b'  278 |                      const M6ConstPtr&,\n'}
[5.105168] (sfm_ros2) StderrLine: {'line': b'      |                      ~~~~~~~~~~~~~~~~~~ \n'}
[5.105198] (sfm_ros2) StderrLine: {'line': b'  279 |                      const M7ConstPtr&,\n'}
[5.105229] (sfm_ros2) StderrLine: {'line': b'      |                      ~~~~~~~~~~~~~~~~~~ \n'}
[5.105259] (sfm_ros2) StderrLine: {'line': b'  280 |                      const M8ConstPtr&>(std::bind(callback, std::placeholders::_1, std::placeholders::_2, std::placeholders::_3, std::placeholders::_4, std::placeholders::_5, std::placeholders::_6, std::placeholders::_7, std::placeholders::_8, std::placeholders::_9));\n'}
[5.105293] (sfm_ros2) StderrLine: {'line': b'      |                      ~~~~~~~~~~~~~~~~~~^~~~~~~~~~~~~~~~~~~~~~~~~~~~~~~~~~~~~~~~~~~~~~~~~~~~~~~~~~~~~~~~~~~~~~~~~~~~~~~~~~~~~~~~~~~~~~~~~~~~~~~~~~~~~~~~~~~~~~~~~~~~~~~~~~~~~~~~~~~~~~~~~~~~~~~~~~~~~~~~~~~~~~~~~~~~~~~~~~~~~~~~~~~~~~~~~~~~~~~~~~~~~~~~~~~~~~~~~~~~~~~~~~~~\n'}
[5.105325] (sfm_ros2) StderrLine: {'line': b'/opt/ros/jazzy/include/message_filters/message_filters/signal9.h:180:14: note: provided for \xe2\x80\x98template<class P0, class P1> message_filters::Connection message_filters::Signal9<M0, M1, M2, M3, M4, M5, M6, M7, M8>::addCallback(void (*)(P0, P1)) [with P1 = P0; M0 = sensor_msgs::msg::Image_<std::allocator<void> >; M1 = sensor_msgs::msg::Image_<std::allocator<void> >; M2 = sensor_msgs::msg::CameraInfo_<std::allocator<void> >; M3 = nav_msgs::msg::Odometry_<std::allocator<void> >; M4 = message_filters::NullType; M5 = message_filters::NullType; M6 = message_filters::NullType; M7 = message_filters::NullType; M8 = message_filters::NullType]\xe2\x80\x99\n'}
[5.105360] (sfm_ros2) StderrLine: {'line': b'  180 |   Connection addCallback(void(*callback)(P0, P1))\n'}
[5.105392] (sfm_ros2) StderrLine: {'line': b'      |              ^~~~~~~~~~~\n'}
[5.105423] (sfm_ros2) StderrLine: {'line': b'/opt/ros/jazzy/include/message_filters/message_filters/signal9.h:186:14: note: candidate: \xe2\x80\x98template<class P0, class P1, class P2> message_filters::Connection message_filters::Signal9<M0, M1, M2, M3, M4, M5, M6, M7, M8>::addCallback(void (*)(P0, P1, P2)) [with P1 = P0; P2 = P1; M0 = sensor_msgs::msg::Image_<std::allocator<void> >; M1 = sensor_msgs::msg::Image_<std::allocator<void> >; M2 = sensor_msgs::msg::CameraInfo_<std::allocator<void> >; M3 = nav_msgs::msg::Odometry_<std::allocator<void> >; M4 = message_filters::NullType; M5 = message_filters::NullType; M6 = message_filters::NullType; M7 = message_filters::NullType; M8 = message_filters::NullType]\xe2\x80\x99\n'}
[5.105458] (sfm_ros2) StderrLine: {'line': b'  186 |   Connection addCallback(void(*callback)(P0, P1, P2))\n'}
[5.105490] (sfm_ros2) StderrLine: {'line': b'      |              ^~~~~~~~~~~\n'}
[5.105522] (sfm_ros2) StderrLine: {'line': b'/opt/ros/jazzy/include/message_filters/message_filters/signal9.h:186:14: note:   template argument deduction/substitution failed:\n'}
[5.105555] (sfm_ros2) StderrLine: {'line': b'/opt/ros/jazzy/include/message_filters/message_filters/signal9.h:280:40: error: wrong number of template arguments (9, should be 3)\n'}
[5.105588] (sfm_ros2) StderrLine: {'line': b'  272 |     return addCallback<const M0ConstPtr&,\n'}
[5.105619] (sfm_ros2) StderrLine: {'line': b'      |            ~~~~~~~~~~~~~~~~~~~~~~~~~~~~~~\n'}
[5.105651] (sfm_ros2) StderrLine: {'line': b'  273 |                      const M1ConstPtr&,\n'}
[5.105682] (sfm_ros2) StderrLine: {'line': b'      |                      ~~~~~~~~~~~~~~~~~~ \n'}
[5.105711] (sfm_ros2) StderrLine: {'line': b'  274 |                      const M2ConstPtr&,\n'}
[5.105742] (sfm_ros2) StderrLine: {'line': b'      |                      ~~~~~~~~~~~~~~~~~~ \n'}
[5.105773] (sfm_ros2) StderrLine: {'line': b'  275 |                      const M3ConstPtr&,\n'}
[5.105803] (sfm_ros2) StderrLine: {'line': b'      |                      ~~~~~~~~~~~~~~~~~~ \n'}
[5.105834] (sfm_ros2) StderrLine: {'line': b'  276 |                      const M4ConstPtr&,\n'}
[5.105866] (sfm_ros2) StderrLine: {'line': b'      |                      ~~~~~~~~~~~~~~~~~~ \n'}
[5.105896] (sfm_ros2) StderrLine: {'line': b'  277 |                      const M5ConstPtr&,\n'}
[5.105927] (sfm_ros2) StderrLine: {'line': b'      |                      ~~~~~~~~~~~~~~~~~~ \n'}
[5.105957] (sfm_ros2) StderrLine: {'line': b'  278 |                      const M6ConstPtr&,\n'}
[5.105988] (sfm_ros2) StderrLine: {'line': b'      |                      ~~~~~~~~~~~~~~~~~~ \n'}
[5.106018] (sfm_ros2) StderrLine: {'line': b'  279 |                      const M7ConstPtr&,\n'}
[5.106050] (sfm_ros2) StderrLine: {'line': b'      |                      ~~~~~~~~~~~~~~~~~~ \n'}
[5.106080] (sfm_ros2) StderrLine: {'line': b'  280 |                      const M8ConstPtr&>(std::bind(callback, std::placeholders::_1, std::placeholders::_2, std::placeholders::_3, std::placeholders::_4, std::placeholders::_5, std::placeholders::_6, std::placeholders::_7, std::placeholders::_8, std::placeholders::_9));\n'}
[5.106113] (sfm_ros2) StderrLine: {'line': b'      |                      ~~~~~~~~~~~~~~~~~~^~~~~~~~~~~~~~~~~~~~~~~~~~~~~~~~~~~~~~~~~~~~~~~~~~~~~~~~~~~~~~~~~~~~~~~~~~~~~~~~~~~~~~~~~~~~~~~~~~~~~~~~~~~~~~~~~~~~~~~~~~~~~~~~~~~~~~~~~~~~~~~~~~~~~~~~~~~~~~~~~~~~~~~~~~~~~~~~~~~~~~~~~~~~~~~~~~~~~~~~~~~~~~~~~~~~~~~~~~~~~~~~~~~~\n'}
[5.106148] (sfm_ros2) StderrLine: {'line': b'/opt/ros/jazzy/include/message_filters/message_filters/signal9.h:186:14: note: provided for \xe2\x80\x98template<class P0, class P1, class P2> message_filters::Connection message_filters::Signal9<M0, M1, M2, M3, M4, M5, M6, M7, M8>::addCallback(void (*)(P0, P1, P2)) [with P1 = P0; P2 = P1; M0 = sensor_msgs::msg::Image_<std::allocator<void> >; M1 = sensor_msgs::msg::Image_<std::allocator<void> >; M2 = sensor_msgs::msg::CameraInfo_<std::allocator<void> >; M3 = nav_msgs::msg::Odometry_<std::allocator<void> >; M4 = message_filters::NullType; M5 = message_filters::NullType; M6 = message_filters::NullType; M7 = message_filters::NullType; M8 = message_filters::NullType]\xe2\x80\x99\n'}
[5.106182] (sfm_ros2) StderrLine: {'line': b'  186 |   Connection addCallback(void(*callback)(P0, P1, P2))\n'}
[5.106215] (sfm_ros2) StderrLine: {'line': b'      |              ^~~~~~~~~~~\n'}
[5.106246] (sfm_ros2) StderrLine: {'line': b'/opt/ros/jazzy/include/message_filters/message_filters/signal9.h:192:14: note: candidate: \xe2\x80\x98template<class P0, class P1, class P2, class P3> message_filters::Connection message_filters::Signal9<M0, M1, M2, M3, M4, M5, M6, M7, M8>::addCallback(void (*)(P0, P1, P2, P3)) [with P1 = P0; P2 = P1; P3 = P2; M0 = sensor_msgs::msg::Image_<std::allocator<void> >; M1 = sensor_msgs::msg::Image_<std::allocator<void> >; M2 = sensor_msgs::msg::CameraInfo_<std::allocator<void> >; M3 = nav_msgs::msg::Odometry_<std::allocator<void> >; M4 = message_filters::NullType; M5 = message_filters::NullType; M6 = message_filters::NullType; M7 = message_filters::NullType; M8 = message_filters::NullType]\xe2\x80\x99\n'}
[5.106281] (sfm_ros2) StderrLine: {'line': b'  192 |   Connection addCallback(void(*callback)(P0, P1, P2, P3))\n'}
[5.106314] (sfm_ros2) StderrLine: {'line': b'      |              ^~~~~~~~~~~\n'}
[5.106346] (sfm_ros2) StderrLine: {'line': b'/opt/ros/jazzy/include/message_filters/message_filters/signal9.h:192:14: note:   template argument deduction/substitution failed:\n'}
[5.106379] (sfm_ros2) StderrLine: {'line': b'/opt/ros/jazzy/include/message_filters/message_filters/signal9.h:280:40: error: wrong number of template arguments (9, should be 4)\n'}
[5.106411] (sfm_ros2) StderrLine: {'line': b'  272 |     return addCallback<const M0ConstPtr&,\n'}
[5.106442] (sfm_ros2) StderrLine: {'line': b'      |            ~~~~~~~~~~~~~~~~~~~~~~~~~~~~~~\n'}
[5.106475] (sfm_ros2) StderrLine: {'line': b'  273 |                      const M1ConstPtr&,\n'}
[5.106507] (sfm_ros2) StderrLine: {'line': b'      |                      ~~~~~~~~~~~~~~~~~~ \n'}
[5.106539] (sfm_ros2) StderrLine: {'line': b'  274 |                      const M2ConstPtr&,\n'}
[5.106570] (sfm_ros2) StderrLine: {'line': b'      |                      ~~~~~~~~~~~~~~~~~~ \n'}
[5.106600] (sfm_ros2) StderrLine: {'line': b'  275 |                      const M3ConstPtr&,\n'}
[5.106631] (sfm_ros2) StderrLine: {'line': b'      |                      ~~~~~~~~~~~~~~~~~~ \n'}
[5.106662] (sfm_ros2) StderrLine: {'line': b'  276 |                      const M4ConstPtr&,\n'}
[5.106692] (sfm_ros2) StderrLine: {'line': b'      |                      ~~~~~~~~~~~~~~~~~~ \n'}
[5.106723] (sfm_ros2) StderrLine: {'line': b'  277 |                      const M5ConstPtr&,\n'}
[5.106753] (sfm_ros2) StderrLine: {'line': b'      |                      ~~~~~~~~~~~~~~~~~~ \n'}
[5.106783] (sfm_ros2) StderrLine: {'line': b'  278 |                      const M6ConstPtr&,\n'}
[5.106816] (sfm_ros2) StderrLine: {'line': b'      |                      ~~~~~~~~~~~~~~~~~~ \n'}
[5.106847] (sfm_ros2) StderrLine: {'line': b'  279 |                      const M7ConstPtr&,\n'}
[5.106877] (sfm_ros2) StderrLine: {'line': b'      |                      ~~~~~~~~~~~~~~~~~~ \n'}
[5.106908] (sfm_ros2) StderrLine: {'line': b'  280 |                      const M8ConstPtr&>(std::bind(callback, std::placeholders::_1, std::placeholders::_2, std::placeholders::_3, std::placeholders::_4, std::placeholders::_5, std::placeholders::_6, std::placeholders::_7, std::placeholders::_8, std::placeholders::_9));\n'}
[5.106948] (sfm_ros2) StderrLine: {'line': b'      |                      ~~~~~~~~~~~~~~~~~~^~~~~~~~~~~~~~~~~~~~~~~~~~~~~~~~~~~~~~~~~~~~~~~~~~~~~~~~~~~~~~~~~~~~~~~~~~~~~~~~~~~~~~~~~~~~~~~~~~~~~~~~~~~~~~~~~~~~~~~~~~~~~~~~~~~~~~~~~~~~~~~~~~~~~~~~~~~~~~~~~~~~~~~~~~~~~~~~~~~~~~~~~~~~~~~~~~~~~~~~~~~~~~~~~~~~~~~~~~~~~~~~~~~~\n'}
[5.106981] (sfm_ros2) StderrLine: {'line': b'/opt/ros/jazzy/include/message_filters/message_filters/signal9.h:192:14: note: provided for \xe2\x80\x98template<class P0, class P1, class P2, class P3> message_filters::Connection message_filters::Signal9<M0, M1, M2, M3, M4, M5, M6, M7, M8>::addCallback(void (*)(P0, P1, P2, P3)) [with P1 = P0; P2 = P1; P3 = P2; M0 = sensor_msgs::msg::Image_<std::allocator<void> >; M1 = sensor_msgs::msg::Image_<std::allocator<void> >; M2 = sensor_msgs::msg::CameraInfo_<std::allocator<void> >; M3 = nav_msgs::msg::Odometry_<std::allocator<void> >; M4 = message_filters::NullType; M5 = message_filters::NullType; M6 = message_filters::NullType; M7 = message_filters::NullType; M8 = message_filters::NullType]\xe2\x80\x99\n'}
[5.107018] (sfm_ros2) StderrLine: {'line': b'  192 |   Connection addCallback(void(*callback)(P0, P1, P2, P3))\n'}
[5.107050] (sfm_ros2) StderrLine: {'line': b'      |              ^~~~~~~~~~~\n'}
[5.107084] (sfm_ros2) StderrLine: {'line': b'/opt/ros/jazzy/include/message_filters/message_filters/signal9.h:198:14: note: candidate: \xe2\x80\x98template<class P0, class P1, class P2, class P3, class P4> message_filters::Connection message_filters::Signal9<M0, M1, M2, M3, M4, M5, M6, M7, M8>::addCallback(void (*)(P0, P1, P2, P3, P4)) [with P1 = P0; P2 = P1; P3 = P2; P4 = P3; M0 = sensor_msgs::msg::Image_<std::allocator<void> >; M1 = sensor_msgs::msg::Image_<std::allocator<void> >; M2 = sensor_msgs::msg::CameraInfo_<std::allocator<void> >; M3 = nav_msgs::msg::Odometry_<std::allocator<void> >; M4 = message_filters::NullType; M5 = message_filters::NullType; M6 = message_filters::NullType; M7 = message_filters::NullType; M8 = message_filters::NullType]\xe2\x80\x99\n'}
[5.107118] (sfm_ros2) StderrLine: {'line': b'  198 |   Connection addCallback(void(*callback)(P0, P1, P2, P3, P4))\n'}
[5.107150] (sfm_ros2) StderrLine: {'line': b'      |              ^~~~~~~~~~~\n'}
[5.107182] (sfm_ros2) StderrLine: {'line': b'/opt/ros/jazzy/include/message_filters/message_filters/signal9.h:198:14: note:   template argument deduction/substitution failed:\n'}
[5.107213] (sfm_ros2) StderrLine: {'line': b'/opt/ros/jazzy/include/message_filters/message_filters/signal9.h:280:40: error: wrong number of template arguments (9, should be 5)\n'}
[5.107245] (sfm_ros2) StderrLine: {'line': b'  272 |     return addCallback<const M0ConstPtr&,\n'}
[5.107275] (sfm_ros2) StderrLine: {'line': b'      |            ~~~~~~~~~~~~~~~~~~~~~~~~~~~~~~\n'}
[5.107306] (sfm_ros2) StderrLine: {'line': b'  273 |                      const M1ConstPtr&,\n'}
[5.107337] (sfm_ros2) StderrLine: {'line': b'      |                      ~~~~~~~~~~~~~~~~~~ \n'}
[5.107368] (sfm_ros2) StderrLine: {'line': b'  274 |                      const M2ConstPtr&,\n'}
[5.107399] (sfm_ros2) StderrLine: {'line': b'      |                      ~~~~~~~~~~~~~~~~~~ \n'}
[5.107429] (sfm_ros2) StderrLine: {'line': b'  275 |                      const M3ConstPtr&,\n'}
[5.107460] (sfm_ros2) StderrLine: {'line': b'      |                      ~~~~~~~~~~~~~~~~~~ \n'}
[5.107490] (sfm_ros2) StderrLine: {'line': b'  276 |                      const M4ConstPtr&,\n'}
[5.107522] (sfm_ros2) StderrLine: {'line': b'      |                      ~~~~~~~~~~~~~~~~~~ \n'}
[5.107553] (sfm_ros2) StderrLine: {'line': b'  277 |                      const M5ConstPtr&,\n'}
[5.107584] (sfm_ros2) StderrLine: {'line': b'      |                      ~~~~~~~~~~~~~~~~~~ \n'}
[5.107615] (sfm_ros2) StderrLine: {'line': b'  278 |                      const M6ConstPtr&,\n'}
[5.107647] (sfm_ros2) StderrLine: {'line': b'      |                      ~~~~~~~~~~~~~~~~~~ \n'}
[5.107677] (sfm_ros2) StderrLine: {'line': b'  279 |                      const M7ConstPtr&,\n'}
[5.107707] (sfm_ros2) StderrLine: {'line': b'      |                      ~~~~~~~~~~~~~~~~~~ \n'}
[5.107738] (sfm_ros2) StderrLine: {'line': b'  280 |                      const M8ConstPtr&>(std::bind(callback, std::placeholders::_1, std::placeholders::_2, std::placeholders::_3, std::placeholders::_4, std::placeholders::_5, std::placeholders::_6, std::placeholders::_7, std::placeholders::_8, std::placeholders::_9));\n'}
[5.107771] (sfm_ros2) StderrLine: {'line': b'      |                      ~~~~~~~~~~~~~~~~~~^~~~~~~~~~~~~~~~~~~~~~~~~~~~~~~~~~~~~~~~~~~~~~~~~~~~~~~~~~~~~~~~~~~~~~~~~~~~~~~~~~~~~~~~~~~~~~~~~~~~~~~~~~~~~~~~~~~~~~~~~~~~~~~~~~~~~~~~~~~~~~~~~~~~~~~~~~~~~~~~~~~~~~~~~~~~~~~~~~~~~~~~~~~~~~~~~~~~~~~~~~~~~~~~~~~~~~~~~~~~~~~~~~~~\n'}
[5.107804] (sfm_ros2) StderrLine: {'line': b'/opt/ros/jazzy/include/message_filters/message_filters/signal9.h:198:14: note: provided for \xe2\x80\x98template<class P0, class P1, class P2, class P3, class P4> message_filters::Connection message_filters::Signal9<M0, M1, M2, M3, M4, M5, M6, M7, M8>::addCallback(void (*)(P0, P1, P2, P3, P4)) [with P1 = P0; P2 = P1; P3 = P2; P4 = P3; M0 = sensor_msgs::msg::Image_<std::allocator<void> >; M1 = sensor_msgs::msg::Image_<std::allocator<void> >; M2 = sensor_msgs::msg::CameraInfo_<std::allocator<void> >; M3 = nav_msgs::msg::Odometry_<std::allocator<void> >; M4 = message_filters::NullType; M5 = message_filters::NullType; M6 = message_filters::NullType; M7 = message_filters::NullType; M8 = message_filters::NullType]\xe2\x80\x99\n'}
[5.107840] (sfm_ros2) StderrLine: {'line': b'  198 |   Connection addCallback(void(*callback)(P0, P1, P2, P3, P4))\n'}
[5.107871] (sfm_ros2) StderrLine: {'line': b'      |              ^~~~~~~~~~~\n'}
[5.107902] (sfm_ros2) StderrLine: {'line': b'/opt/ros/jazzy/include/message_filters/message_filters/signal9.h:204:14: note: candidate: \xe2\x80\x98template<class P0, class P1, class P2, class P3, class P4, class P5> message_filters::Connection message_filters::Signal9<M0, M1, M2, M3, M4, M5, M6, M7, M8>::addCallback(void (*)(P0, P1, P2, P3, P4, P5)) [with P1 = P0; P2 = P1; P3 = P2; P4 = P3; P5 = P4; M0 = sensor_msgs::msg::Image_<std::allocator<void> >; M1 = sensor_msgs::msg::Image_<std::allocator<void> >; M2 = sensor_msgs::msg::CameraInfo_<std::allocator<void> >; M3 = nav_msgs::msg::Odometry_<std::allocator<void> >; M4 = message_filters::NullType; M5 = message_filters::NullType; M6 = message_filters::NullType; M7 = message_filters::NullType; M8 = message_filters::NullType]\xe2\x80\x99\n'}
[5.107941] (sfm_ros2) StderrLine: {'line': b'  204 |   Connection addCallback(void(*callback)(P0, P1, P2, P3, P4, P5))\n'}
[5.107973] (sfm_ros2) StderrLine: {'line': b'      |              ^~~~~~~~~~~\n'}
[5.108005] (sfm_ros2) StderrLine: {'line': b'/opt/ros/jazzy/include/message_filters/message_filters/signal9.h:204:14: note:   template argument deduction/substitution failed:\n'}
[5.108039] (sfm_ros2) StderrLine: {'line': b'/opt/ros/jazzy/include/message_filters/message_filters/signal9.h:280:40: error: wrong number of template arguments (9, should be 6)\n'}
[5.108071] (sfm_ros2) StderrLine: {'line': b'  272 |     return addCallback<const M0ConstPtr&,\n'}
[5.108102] (sfm_ros2) StderrLine: {'line': b'      |            ~~~~~~~~~~~~~~~~~~~~~~~~~~~~~~\n'}
[5.108132] (sfm_ros2) StderrLine: {'line': b'  273 |                      const M1ConstPtr&,\n'}
[5.108163] (sfm_ros2) StderrLine: {'line': b'      |                      ~~~~~~~~~~~~~~~~~~ \n'}
[5.108195] (sfm_ros2) StderrLine: {'line': b'  274 |                      const M2ConstPtr&,\n'}
[5.108226] (sfm_ros2) StderrLine: {'line': b'      |                      ~~~~~~~~~~~~~~~~~~ \n'}
[5.108256] (sfm_ros2) StderrLine: {'line': b'  275 |                      const M3ConstPtr&,\n'}
[5.108286] (sfm_ros2) StderrLine: {'line': b'      |                      ~~~~~~~~~~~~~~~~~~ \n'}
[5.108316] (sfm_ros2) StderrLine: {'line': b'  276 |                      const M4ConstPtr&,\n'}
[5.108347] (sfm_ros2) StderrLine: {'line': b'      |                      ~~~~~~~~~~~~~~~~~~ \n'}
[5.108377] (sfm_ros2) StderrLine: {'line': b'  277 |                      const M5ConstPtr&,\n'}
[5.108407] (sfm_ros2) StderrLine: {'line': b'      |                      ~~~~~~~~~~~~~~~~~~ \n'}
[5.108438] (sfm_ros2) StderrLine: {'line': b'  278 |                      const M6ConstPtr&,\n'}
[5.108468] (sfm_ros2) StderrLine: {'line': b'      |                      ~~~~~~~~~~~~~~~~~~ \n'}
[5.108498] (sfm_ros2) StderrLine: {'line': b'  279 |                      const M7ConstPtr&,\n'}
[5.108529] (sfm_ros2) StderrLine: {'line': b'      |                      ~~~~~~~~~~~~~~~~~~ \n'}
[5.108559] (sfm_ros2) StderrLine: {'line': b'  280 |                      const M8ConstPtr&>(std::bind(callback, std::placeholders::_1, std::placeholders::_2, std::placeholders::_3, std::placeholders::_4, std::placeholders::_5, std::placeholders::_6, std::placeholders::_7, std::placeholders::_8, std::placeholders::_9));\n'}
[5.108590] (sfm_ros2) StderrLine: {'line': b'      |                      ~~~~~~~~~~~~~~~~~~^~~~~~~~~~~~~~~~~~~~~~~~~~~~~~~~~~~~~~~~~~~~~~~~~~~~~~~~~~~~~~~~~~~~~~~~~~~~~~~~~~~~~~~~~~~~~~~~~~~~~~~~~~~~~~~~~~~~~~~~~~~~~~~~~~~~~~~~~~~~~~~~~~~~~~~~~~~~~~~~~~~~~~~~~~~~~~~~~~~~~~~~~~~~~~~~~~~~~~~~~~~~~~~~~~~~~~~~~~~~~~~~~~~~\n'}
[5.108622] (sfm_ros2) StderrLine: {'line': b'/opt/ros/jazzy/include/message_filters/message_filters/signal9.h:204:14: note: provided for \xe2\x80\x98template<class P0, class P1, class P2, class P3, class P4, class P5> message_filters::Connection message_filters::Signal9<M0, M1, M2, M3, M4, M5, M6, M7, M8>::addCallback(void (*)(P0, P1, P2, P3, P4, P5)) [with P1 = P0; P2 = P1; P3 = P2; P4 = P3; P5 = P4; M0 = sensor_msgs::msg::Image_<std::allocator<void> >; M1 = sensor_msgs::msg::Image_<std::allocator<void> >; M2 = sensor_msgs::msg::CameraInfo_<std::allocator<void> >; M3 = nav_msgs::msg::Odometry_<std::allocator<void> >; M4 = message_filters::NullType; M5 = message_filters::NullType; M6 = message_filters::NullType; M7 = message_filters::NullType; M8 = message_filters::NullType]\xe2\x80\x99\n'}
[5.108657] (sfm_ros2) StderrLine: {'line': b'  204 |   Connection addCallback(void(*callback)(P0, P1, P2, P3, P4, P5))\n'}
[5.108689] (sfm_ros2) StderrLine: {'line': b'      |              ^~~~~~~~~~~\n'}
[5.108721] (sfm_ros2) StderrLine: {'line': b'/opt/ros/jazzy/include/message_filters/message_filters/signal9.h:210:14: note: candidate: \xe2\x80\x98template<class P0, class P1, class P2, class P3, class P4, class P5, class P6> message_filters::Connection message_filters::Signal9<M0, M1, M2, M3, M4, M5, M6, M7, M8>::addCallback(void (*)(P0, P1, P2, P3, P4, P5, P6)) [with P1 = P0; P2 = P1; P3 = P2; P4 = P3; P5 = P4; P6 = P5; M0 = sensor_msgs::msg::Image_<std::allocator<void> >; M1 = sensor_msgs::msg::Image_<std::allocator<void> >; M2 = sensor_msgs::msg::CameraInfo_<std::allocator<void> >; M3 = nav_msgs::msg::Odometry_<std::allocator<void> >; M4 = message_filters::NullType; M5 = message_filters::NullType; M6 = message_filters::NullType; M7 = message_filters::NullType; M8 = message_filters::NullType]\xe2\x80\x99\n'}
[5.108758] (sfm_ros2) StderrLine: {'line': b'  210 |   Connection addCallback(void(*callback)(P0, P1, P2, P3, P4, P5, P6))\n'}
[5.108789] (sfm_ros2) StderrLine: {'line': b'      |              ^~~~~~~~~~~\n'}
[5.108821] (sfm_ros2) StderrLine: {'line': b'/opt/ros/jazzy/include/message_filters/message_filters/signal9.h:210:14: note:   template argument deduction/substitution failed:\n'}
[5.108855] (sfm_ros2) StderrLine: {'line': b'/opt/ros/jazzy/include/message_filters/message_filters/signal9.h:280:40: error: wrong number of template arguments (9, should be 7)\n'}
[5.108895] (sfm_ros2) StderrLine: {'line': b'  272 |     return addCallback<const M0ConstPtr&,\n'}
[5.108927] (sfm_ros2) StderrLine: {'line': b'      |            ~~~~~~~~~~~~~~~~~~~~~~~~~~~~~~\n'}
[5.108958] (sfm_ros2) StderrLine: {'line': b'  273 |                      const M1ConstPtr&,\n'}
[5.108989] (sfm_ros2) StderrLine: {'line': b'      |                      ~~~~~~~~~~~~~~~~~~ \n'}
[5.109019] (sfm_ros2) StderrLine: {'line': b'  274 |                      const M2ConstPtr&,\n'}
[5.109050] (sfm_ros2) StderrLine: {'line': b'      |                      ~~~~~~~~~~~~~~~~~~ \n'}
[5.109081] (sfm_ros2) StderrLine: {'line': b'  275 |                      const M3ConstPtr&,\n'}
[5.109111] (sfm_ros2) StderrLine: {'line': b'      |                      ~~~~~~~~~~~~~~~~~~ \n'}
[5.109142] (sfm_ros2) StderrLine: {'line': b'  276 |                      const M4ConstPtr&,\n'}
[5.109173] (sfm_ros2) StderrLine: {'line': b'      |                      ~~~~~~~~~~~~~~~~~~ \n'}
[5.109204] (sfm_ros2) StderrLine: {'line': b'  277 |                      const M5ConstPtr&,\n'}
[5.109235] (sfm_ros2) StderrLine: {'line': b'      |                      ~~~~~~~~~~~~~~~~~~ \n'}
[5.109267] (sfm_ros2) StderrLine: {'line': b'  278 |                      const M6ConstPtr&,\n'}
[5.109297] (sfm_ros2) StderrLine: {'line': b'      |                      ~~~~~~~~~~~~~~~~~~ \n'}
[5.109327] (sfm_ros2) StderrLine: {'line': b'  279 |                      const M7ConstPtr&,\n'}
[5.109357] (sfm_ros2) StderrLine: {'line': b'      |                      ~~~~~~~~~~~~~~~~~~ \n'}
[5.109389] (sfm_ros2) StderrLine: {'line': b'  280 |                      const M8ConstPtr&>(std::bind(callback, std::placeholders::_1, std::placeholders::_2, std::placeholders::_3, std::placeholders::_4, std::placeholders::_5, std::placeholders::_6, std::placeholders::_7, std::placeholders::_8, std::placeholders::_9));\n'}
[5.109421] (sfm_ros2) StderrLine: {'line': b'      |                      ~~~~~~~~~~~~~~~~~~^~~~~~~~~~~~~~~~~~~~~~~~~~~~~~~~~~~~~~~~~~~~~~~~~~~~~~~~~~~~~~~~~~~~~~~~~~~~~~~~~~~~~~~~~~~~~~~~~~~~~~~~~~~~~~~~~~~~~~~~~~~~~~~~~~~~~~~~~~~~~~~~~~~~~~~~~~~~~~~~~~~~~~~~~~~~~~~~~~~~~~~~~~~~~~~~~~~~~~~~~~~~~~~~~~~~~~~~~~~~~~~~~~~~\n'}
[5.109454] (sfm_ros2) StderrLine: {'line': b'/opt/ros/jazzy/include/message_filters/message_filters/signal9.h:210:14: note: provided for \xe2\x80\x98template<class P0, class P1, class P2, class P3, class P4, class P5, class P6> message_filters::Connection message_filters::Signal9<M0, M1, M2, M3, M4, M5, M6, M7, M8>::addCallback(void (*)(P0, P1, P2, P3, P4, P5, P6)) [with P1 = P0; P2 = P1; P3 = P2; P4 = P3; P5 = P4; P6 = P5; M0 = sensor_msgs::msg::Image_<std::allocator<void> >; M1 = sensor_msgs::msg::Image_<std::allocator<void> >; M2 = sensor_msgs::msg::CameraInfo_<std::allocator<void> >; M3 = nav_msgs::msg::Odometry_<std::allocator<void> >; M4 = message_filters::NullType; M5 = message_filters::NullType; M6 = message_filters::NullType; M7 = message_filters::NullType; M8 = message_filters::NullType]\xe2\x80\x99\n'}
[5.109488] (sfm_ros2) StderrLine: {'line': b'  210 |   Connection addCallback(void(*callback)(P0, P1, P2, P3, P4, P5, P6))\n'}
[5.109520] (sfm_ros2) StderrLine: {'line': b'      |              ^~~~~~~~~~~\n'}
[5.109552] (sfm_ros2) StderrLine: {'line': b'/opt/ros/jazzy/include/message_filters/message_filters/signal9.h:216:14: note: candidate: \xe2\x80\x98template<class P0, class P1, class P2, class P3, class P4, class P5, class P6, class P7> message_filters::Connection message_filters::Signal9<M0, M1, M2, M3, M4, M5, M6, M7, M8>::addCallback(void (*)(P0, P1, P2, P3, P4, P5, P6, P7)) [with P1 = P0; P2 = P1; P3 = P2; P4 = P3; P5 = P4; P6 = P5; P7 = P6; M0 = sensor_msgs::msg::Image_<std::allocator<void> >; M1 = sensor_msgs::msg::Image_<std::allocator<void> >; M2 = sensor_msgs::msg::CameraInfo_<std::allocator<void> >; M3 = nav_msgs::msg::Odometry_<std::allocator<void> >; M4 = message_filters::NullType; M5 = message_filters::NullType; M6 = message_filters::NullType; M7 = message_filters::NullType; M8 = message_filters::NullType]\xe2\x80\x99\n'}
[5.109590] (sfm_ros2) StderrLine: {'line': b'  216 |   Connection addCallback(void(*callback)(P0, P1, P2, P3, P4, P5, P6, P7))\n'}
[5.109623] (sfm_ros2) StderrLine: {'line': b'      |              ^~~~~~~~~~~\n'}
[5.109654] (sfm_ros2) StderrLine: {'line': b'/opt/ros/jazzy/include/message_filters/message_filters/signal9.h:216:14: note:   template argument deduction/substitution failed:\n'}
[5.109686] (sfm_ros2) StderrLine: {'line': b'/opt/ros/jazzy/include/message_filters/message_filters/signal9.h:280:40: error: wrong number of template arguments (9, should be 8)\n'}
[5.109718] (sfm_ros2) StderrLine: {'line': b'  272 |     return addCallback<const M0ConstPtr&,\n'}
[5.109750] (sfm_ros2) StderrLine: {'line': b'      |            ~~~~~~~~~~~~~~~~~~~~~~~~~~~~~~\n'}
[5.109782] (sfm_ros2) StderrLine: {'line': b'  273 |                      const M1ConstPtr&,\n'}
[5.109813] (sfm_ros2) StderrLine: {'line': b'      |                      ~~~~~~~~~~~~~~~~~~ \n'}
[5.109844] (sfm_ros2) StderrLine: {'line': b'  274 |                      const M2ConstPtr&,\n'}
[5.109875] (sfm_ros2) StderrLine: {'line': b'      |                      ~~~~~~~~~~~~~~~~~~ \n'}
[5.109907] (sfm_ros2) StderrLine: {'line': b'  275 |                      const M3ConstPtr&,\n'}
[5.109938] (sfm_ros2) StderrLine: {'line': b'      |                      ~~~~~~~~~~~~~~~~~~ \n'}
[5.109968] (sfm_ros2) StderrLine: {'line': b'  276 |                      const M4ConstPtr&,\n'}
[5.109999] (sfm_ros2) StderrLine: {'line': b'      |                      ~~~~~~~~~~~~~~~~~~ \n'}
[5.110030] (sfm_ros2) StderrLine: {'line': b'  277 |                      const M5ConstPtr&,\n'}
[5.110059] (sfm_ros2) StderrLine: {'line': b'      |                      ~~~~~~~~~~~~~~~~~~ \n'}
[5.110091] (sfm_ros2) StderrLine: {'line': b'  278 |                      const M6ConstPtr&,\n'}
[5.110123] (sfm_ros2) StderrLine: {'line': b'      |                      ~~~~~~~~~~~~~~~~~~ \n'}
[5.110153] (sfm_ros2) StderrLine: {'line': b'  279 |                      const M7ConstPtr&,\n'}
[5.110182] (sfm_ros2) StderrLine: {'line': b'      |                      ~~~~~~~~~~~~~~~~~~ \n'}
[5.110212] (sfm_ros2) StderrLine: {'line': b'  280 |                      const M8ConstPtr&>(std::bind(callback, std::placeholders::_1, std::placeholders::_2, std::placeholders::_3, std::placeholders::_4, std::placeholders::_5, std::placeholders::_6, std::placeholders::_7, std::placeholders::_8, std::placeholders::_9));\n'}
[5.110245] (sfm_ros2) StderrLine: {'line': b'      |                      ~~~~~~~~~~~~~~~~~~^~~~~~~~~~~~~~~~~~~~~~~~~~~~~~~~~~~~~~~~~~~~~~~~~~~~~~~~~~~~~~~~~~~~~~~~~~~~~~~~~~~~~~~~~~~~~~~~~~~~~~~~~~~~~~~~~~~~~~~~~~~~~~~~~~~~~~~~~~~~~~~~~~~~~~~~~~~~~~~~~~~~~~~~~~~~~~~~~~~~~~~~~~~~~~~~~~~~~~~~~~~~~~~~~~~~~~~~~~~~~~~~~~~~\n'}
[5.110277] (sfm_ros2) StderrLine: {'line': b'/opt/ros/jazzy/include/message_filters/message_filters/signal9.h:216:14: note: provided for \xe2\x80\x98template<class P0, class P1, class P2, class P3, class P4, class P5, class P6, class P7> message_filters::Connection message_filters::Signal9<M0, M1, M2, M3, M4, M5, M6, M7, M8>::addCallback(void (*)(P0, P1, P2, P3, P4, P5, P6, P7)) [with P1 = P0; P2 = P1; P3 = P2; P4 = P3; P5 = P4; P6 = P5; P7 = P6; M0 = sensor_msgs::msg::Image_<std::allocator<void> >; M1 = sensor_msgs::msg::Image_<std::allocator<void> >; M2 = sensor_msgs::msg::CameraInfo_<std::allocator<void> >; M3 = nav_msgs::msg::Odometry_<std::allocator<void> >; M4 = message_filters::NullType; M5 = message_filters::NullType; M6 = message_filters::NullType; M7 = message_filters::NullType; M8 = message_filters::NullType]\xe2\x80\x99\n'}
[5.110311] (sfm_ros2) StderrLine: {'line': b'  216 |   Connection addCallback(void(*callback)(P0, P1, P2, P3, P4, P5, P6, P7))\n'}
[5.110342] (sfm_ros2) StderrLine: {'line': b'      |              ^~~~~~~~~~~\n'}
[5.110373] (sfm_ros2) StderrLine: {'line': b'/opt/ros/jazzy/include/message_filters/message_filters/signal9.h:222:14: note: candidate: \xe2\x80\x98message_filters::Connection message_filters::Signal9<M0, M1, M2, M3, M4, M5, M6, M7, M8>::addCallback(void (*)(P0, P1, P2, P3, P4, P5, P6, P7, P8)) [with P0 = const std::shared_ptr<const sensor_msgs::msg::Image_<std::allocator<void> > >&; P1 = const std::shared_ptr<const sensor_msgs::msg::Image_<std::allocator<void> > >&; P2 = const std::shared_ptr<const sensor_msgs::msg::CameraInfo_<std::allocator<void> > >&; P3 = const std::shared_ptr<const nav_msgs::msg::Odometry_<std::allocator<void> > >&; P4 = const std::shared_ptr<const message_filters::NullType>&; P5 = const std::shared_ptr<const message_filters::NullType>&; P6 = const std::shared_ptr<const message_filters::NullType>&; P7 = const std::shared_ptr<const message_filters::NullType>&; P8 = const std::shared_ptr<const message_filters::NullType>&; M0 = sensor_msgs::msg::Image_<std::allocator<void> >; M1 = sensor_msgs::msg::Image_<std::allocator<void> >; M2 = sensor_msgs::msg::CameraInfo_<std::allocator<void> >; M3 = nav_msgs::msg::Odometry_<std::allocator<void> >; M4 = message_filters::NullType; M5 = message_filters::NullType; M6 = message_filters::NullType; M7 = message_filters::NullType; M8 = message_filters::NullType]\xe2\x80\x99\n'}
[5.110410] (sfm_ros2) StderrLine: {'line': b'  222 |   Connection addCallback(void(*callback)(P0, P1, P2, P3, P4, P5, P6, P7, P8))\n'}
[5.110441] (sfm_ros2) StderrLine: {'line': b'      |              ^~~~~~~~~~~\n'}
[5.110470] (sfm_ros2) StderrLine: {'line': b'/opt/ros/jazzy/include/message_filters/message_filters/signal9.h:222:32: note:   no known conversion for argument 1 from \xe2\x80\x98std::_Bind_helper<false, const semanticSfm::semanticSfm(rclcpp::Node::SharedPtr)::<lambda(const sensor_msgs::msg::Image_<std::allocator<void> >::ConstSharedPtr&, const sensor_msgs::msg::Image_<std::allocator<void> >::ConstSharedPtr&, const sensor_msgs::msg::CameraInfo_<std::allocator<void> >::ConstSharedPtr&, const nav_msgs::msg::Odometry_<std::allocator<void> >::ConstSharedPtr&)>&, const std::_Placeholder<1>&, const std::_Placeholder<2>&, const std::_Placeholder<3>&, const std::_Placeholder<4>&, const std::_Placeholder<5>&, const std::_Placeholder<6>&, const std::_Placeholder<7>&, const std::_Placeholder<8>&, const std::_Placeholder<9>&>::type\xe2\x80\x99 to \xe2\x80\x98void (*)(const std::shared_ptr<const sensor_msgs::msg::Image_<std::allocator<void> > >&, const std::shared_ptr<const sensor_msgs::msg::Image_<std::allocator<void> > >&, const std::shared_ptr<const sensor_msgs::msg::CameraInfo_<std::allocator<void> > >&, const std::shared_ptr<const nav_msgs::msg::Odometry_<std::allocator<void> > >&, const std::shared_ptr<const message_filters::NullType>&, const std::shared_ptr<const message_filters::NullType>&, const std::shared_ptr<const message_filters::NullType>&, const std::shared_ptr<const message_filters::NullType>&, const std::shared_ptr<const message_filters::NullType>&)\xe2\x80\x99\n'}
[5.110510] (sfm_ros2) StderrLine: {'line': b'  222 |   Connection addCallback(void(*callback)(P0, P1, P2, P3, P4, P5, P6, P7, P8))\n'}
[5.110542] (sfm_ros2) StderrLine: {'line': b'      |                          ~~~~~~^~~~~~~~~~~~~~~~~~~~~~~~~~~~~~~~~~~~~~~~~~~~~\n'}
[5.110573] (sfm_ros2) StderrLine: {'line': b'/opt/ros/jazzy/include/message_filters/message_filters/signal9.h:228:14: note: candidate: \xe2\x80\x98template<class T, class P0, class P1> message_filters::Connection message_filters::Signal9<M0, M1, M2, M3, M4, M5, M6, M7, M8>::addCallback(void (T::*)(P0, P1), T*) [with P0 = T; P1 = P0; M0 = sensor_msgs::msg::Image_<std::allocator<void> >; M1 = sensor_msgs::msg::Image_<std::allocator<void> >; M2 = sensor_msgs::msg::CameraInfo_<std::allocator<void> >; M3 = nav_msgs::msg::Odometry_<std::allocator<void> >; M4 = message_filters::NullType; M5 = message_filters::NullType; M6 = message_filters::NullType; M7 = message_filters::NullType; M8 = message_filters::NullType]\xe2\x80\x99\n'}
[5.110608] (sfm_ros2) StderrLine: {'line': b'  228 |   Connection addCallback(void(T::*callback)(P0, P1), T* t)\n'}
[5.110639] (sfm_ros2) StderrLine: {'line': b'      |              ^~~~~~~~~~~\n'}
[5.110671] (sfm_ros2) StderrLine: {'line': b'/opt/ros/jazzy/include/message_filters/message_filters/signal9.h:228:14: note:   candidate expects 2 arguments, 1 provided\n'}
[5.110702] (sfm_ros2) StderrLine: {'line': b'/opt/ros/jazzy/include/message_filters/message_filters/signal9.h:234:14: note: candidate: \xe2\x80\x98template<class T, class P0, class P1, class P2> message_filters::Connection message_filters::Signal9<M0, M1, M2, M3, M4, M5, M6, M7, M8>::addCallback(void (T::*)(P0, P1, P2), T*) [with P0 = T; P1 = P0; P2 = P1; M0 = sensor_msgs::msg::Image_<std::allocator<void> >; M1 = sensor_msgs::msg::Image_<std::allocator<void> >; M2 = sensor_msgs::msg::CameraInfo_<std::allocator<void> >; M3 = nav_msgs::msg::Odometry_<std::allocator<void> >; M4 = message_filters::NullType; M5 = message_filters::NullType; M6 = message_filters::NullType; M7 = message_filters::NullType; M8 = message_filters::NullType]\xe2\x80\x99\n'}
[5.110734] (-) TimerEvent: {}
[5.110742] (sfm_ros2) StderrLine: {'line': b'  234 |   Connection addCallback(void(T::*callback)(P0, P1, P2), T* t)\n'}
[5.110774] (sfm_ros2) StderrLine: {'line': b'      |              ^~~~~~~~~~~\n'}
[5.110805] (sfm_ros2) StderrLine: {'line': b'/opt/ros/jazzy/include/message_filters/message_filters/signal9.h:234:14: note:   candidate expects 2 arguments, 1 provided\n'}
[5.110836] (sfm_ros2) StderrLine: {'line': b'/opt/ros/jazzy/include/message_filters/message_filters/signal9.h:240:14: note: candidate: \xe2\x80\x98template<class T, class P0, class P1, class P2, class P3> message_filters::Connection message_filters::Signal9<M0, M1, M2, M3, M4, M5, M6, M7, M8>::addCallback(void (T::*)(P0, P1, P2, P3), T*) [with P0 = T; P1 = P0; P2 = P1; P3 = P2; M0 = sensor_msgs::msg::Image_<std::allocator<void> >; M1 = sensor_msgs::msg::Image_<std::allocator<void> >; M2 = sensor_msgs::msg::CameraInfo_<std::allocator<void> >; M3 = nav_msgs::msg::Odometry_<std::allocator<void> >; M4 = message_filters::NullType; M5 = message_filters::NullType; M6 = message_filters::NullType; M7 = message_filters::NullType; M8 = message_filters::NullType]\xe2\x80\x99\n'}
[5.110869] (sfm_ros2) StderrLine: {'line': b'  240 |   Connection addCallback(void(T::*callback)(P0, P1, P2, P3), T* t)\n'}
[5.110899] (sfm_ros2) StderrLine: {'line': b'      |              ^~~~~~~~~~~\n'}
[5.110932] (sfm_ros2) StderrLine: {'line': b'/opt/ros/jazzy/include/message_filters/message_filters/signal9.h:240:14: note:   candidate expects 2 arguments, 1 provided\n'}
[5.110964] (sfm_ros2) StderrLine: {'line': b'/opt/ros/jazzy/include/message_filters/message_filters/signal9.h:246:14: note: candidate: \xe2\x80\x98template<class T, class P0, class P1, class P2, class P3, class P4> message_filters::Connection message_filters::Signal9<M0, M1, M2, M3, M4, M5, M6, M7, M8>::addCallback(void (T::*)(P0, P1, P2, P3, P4), T*) [with P0 = T; P1 = P0; P2 = P1; P3 = P2; P4 = P3; M0 = sensor_msgs::msg::Image_<std::allocator<void> >; M1 = sensor_msgs::msg::Image_<std::allocator<void> >; M2 = sensor_msgs::msg::CameraInfo_<std::allocator<void> >; M3 = nav_msgs::msg::Odometry_<std::allocator<void> >; M4 = message_filters::NullType; M5 = message_filters::NullType; M6 = message_filters::NullType; M7 = message_filters::NullType; M8 = message_filters::NullType]\xe2\x80\x99\n'}
[5.111000] (sfm_ros2) StderrLine: {'line': b'  246 |   Connection addCallback(void(T::*callback)(P0, P1, P2, P3, P4), T* t)\n'}
[5.111031] (sfm_ros2) StderrLine: {'line': b'      |              ^~~~~~~~~~~\n'}
[5.111061] (sfm_ros2) StderrLine: {'line': b'/opt/ros/jazzy/include/message_filters/message_filters/signal9.h:246:14: note:   candidate expects 2 arguments, 1 provided\n'}
[5.111091] (sfm_ros2) StderrLine: {'line': b'/opt/ros/jazzy/include/message_filters/message_filters/signal9.h:252:14: note: candidate: \xe2\x80\x98template<class T, class P0, class P1, class P2, class P3, class P4, class P5> message_filters::Connection message_filters::Signal9<M0, M1, M2, M3, M4, M5, M6, M7, M8>::addCallback(void (T::*)(P0, P1, P2, P3, P4, P5), T*) [with P0 = T; P1 = P0; P2 = P1; P3 = P2; P4 = P3; P5 = P4; M0 = sensor_msgs::msg::Image_<std::allocator<void> >; M1 = sensor_msgs::msg::Image_<std::allocator<void> >; M2 = sensor_msgs::msg::CameraInfo_<std::allocator<void> >; M3 = nav_msgs::msg::Odometry_<std::allocator<void> >; M4 = message_filters::NullType; M5 = message_filters::NullType; M6 = message_filters::NullType; M7 = message_filters::NullType; M8 = message_filters::NullType]\xe2\x80\x99\n'}
[5.111129] (sfm_ros2) StderrLine: {'line': b'  252 |   Connection addCallback(void(T::*callback)(P0, P1, P2, P3, P4, P5), T* t)\n'}
[5.111159] (sfm_ros2) StderrLine: {'line': b'      |              ^~~~~~~~~~~\n'}
[5.111190] (sfm_ros2) StderrLine: {'line': b'/opt/ros/jazzy/include/message_filters/message_filters/signal9.h:252:14: note:   candidate expects 2 arguments, 1 provided\n'}
[5.111222] (sfm_ros2) StderrLine: {'line': b'/opt/ros/jazzy/include/message_filters/message_filters/signal9.h:258:14: note: candidate: \xe2\x80\x98template<class T, class P0, class P1, class P2, class P3, class P4, class P5, class P6> message_filters::Connection message_filters::Signal9<M0, M1, M2, M3, M4, M5, M6, M7, M8>::addCallback(void (T::*)(P0, P1, P2, P3, P4, P5, P6), T*) [with P0 = T; P1 = P0; P2 = P1; P3 = P2; P4 = P3; P5 = P4; P6 = P5; M0 = sensor_msgs::msg::Image_<std::allocator<void> >; M1 = sensor_msgs::msg::Image_<std::allocator<void> >; M2 = sensor_msgs::msg::CameraInfo_<std::allocator<void> >; M3 = nav_msgs::msg::Odometry_<std::allocator<void> >; M4 = message_filters::NullType; M5 = message_filters::NullType; M6 = message_filters::NullType; M7 = message_filters::NullType; M8 = message_filters::NullType]\xe2\x80\x99\n'}
[5.111256] (sfm_ros2) StderrLine: {'line': b'  258 |   Connection addCallback(void(T::*callback)(P0, P1, P2, P3, P4, P5, P6), T* t)\n'}
[5.111287] (sfm_ros2) StderrLine: {'line': b'      |              ^~~~~~~~~~~\n'}
[5.111318] (sfm_ros2) StderrLine: {'line': b'/opt/ros/jazzy/include/message_filters/message_filters/signal9.h:258:14: note:   candidate expects 2 arguments, 1 provided\n'}
[5.111349] (sfm_ros2) StderrLine: {'line': b'/opt/ros/jazzy/include/message_filters/message_filters/signal9.h:264:14: note: candidate: \xe2\x80\x98template<class T, class P0, class P1, class P2, class P3, class P4, class P5, class P6, class P7> message_filters::Connection message_filters::Signal9<M0, M1, M2, M3, M4, M5, M6, M7, M8>::addCallback(void (T::*)(P0, P1, P2, P3, P4, P5, P6, P7), T*) [with P0 = T; P1 = P0; P2 = P1; P3 = P2; P4 = P3; P5 = P4; P6 = P5; P7 = P6; M0 = sensor_msgs::msg::Image_<std::allocator<void> >; M1 = sensor_msgs::msg::Image_<std::allocator<void> >; M2 = sensor_msgs::msg::CameraInfo_<std::allocator<void> >; M3 = nav_msgs::msg::Odometry_<std::allocator<void> >; M4 = message_filters::NullType; M5 = message_filters::NullType; M6 = message_filters::NullType; M7 = message_filters::NullType; M8 = message_filters::NullType]\xe2\x80\x99\n'}
[5.111384] (sfm_ros2) StderrLine: {'line': b'  264 |   Connection addCallback(void(T::*callback)(P0, P1, P2, P3, P4, P5, P6, P7), T* t)\n'}
[5.111415] (sfm_ros2) StderrLine: {'line': b'      |              ^~~~~~~~~~~\n'}
[5.111446] (sfm_ros2) StderrLine: {'line': b'/opt/ros/jazzy/include/message_filters/message_filters/signal9.h:264:14: note:   candidate expects 2 arguments, 1 provided\n'}
[5.111476] (sfm_ros2) StderrLine: {'line': b'/opt/ros/jazzy/include/message_filters/message_filters/signal9.h:270:14: note: candidate: \xe2\x80\x98template<class C> message_filters::Connection message_filters::Signal9<M0, M1, M2, M3, M4, M5, M6, M7, M8>::addCallback(C&) [with M0 = sensor_msgs::msg::Image_<std::allocator<void> >; M1 = sensor_msgs::msg::Image_<std::allocator<void> >; M2 = sensor_msgs::msg::CameraInfo_<std::allocator<void> >; M3 = nav_msgs::msg::Odometry_<std::allocator<void> >; M4 = message_filters::NullType; M5 = message_filters::NullType; M6 = message_filters::NullType; M7 = message_filters::NullType; M8 = message_filters::NullType]\xe2\x80\x99\n'}
[5.111514] (sfm_ros2) StderrLine: {'line': b'  270 |   Connection addCallback( C& callback)\n'}
[5.111547] (sfm_ros2) StderrLine: {'line': b'      |              ^~~~~~~~~~~\n'}
[5.111577] (sfm_ros2) StderrLine: {'line': b'/opt/ros/jazzy/include/message_filters/message_filters/signal9.h:270:14: note:   template argument deduction/substitution failed:\n'}
[5.111608] (sfm_ros2) StderrLine: {'line': b'/opt/ros/jazzy/include/message_filters/message_filters/signal9.h:280:40: error: wrong number of template arguments (9, should be 1)\n'}
[5.111638] (sfm_ros2) StderrLine: {'line': b'  272 |     return addCallback<const M0ConstPtr&,\n'}
[5.111669] (sfm_ros2) StderrLine: {'line': b'      |            ~~~~~~~~~~~~~~~~~~~~~~~~~~~~~~\n'}
[5.111699] (sfm_ros2) StderrLine: {'line': b'  273 |                      const M1ConstPtr&,\n'}
[5.111729] (sfm_ros2) StderrLine: {'line': b'      |                      ~~~~~~~~~~~~~~~~~~ \n'}
[5.111760] (sfm_ros2) StderrLine: {'line': b'  274 |                      const M2ConstPtr&,\n'}
[5.111790] (sfm_ros2) StderrLine: {'line': b'      |                      ~~~~~~~~~~~~~~~~~~ \n'}
[5.111819] (sfm_ros2) StderrLine: {'line': b'  275 |                      const M3ConstPtr&,\n'}
[5.111849] (sfm_ros2) StderrLine: {'line': b'      |                      ~~~~~~~~~~~~~~~~~~ \n'}
[5.111880] (sfm_ros2) StderrLine: {'line': b'  276 |                      const M4ConstPtr&,\n'}
[5.111909] (sfm_ros2) StderrLine: {'line': b'      |                      ~~~~~~~~~~~~~~~~~~ \n'}
[5.111939] (sfm_ros2) StderrLine: {'line': b'  277 |                      const M5ConstPtr&,\n'}
[5.111969] (sfm_ros2) StderrLine: {'line': b'      |                      ~~~~~~~~~~~~~~~~~~ \n'}
[5.111999] (sfm_ros2) StderrLine: {'line': b'  278 |                      const M6ConstPtr&,\n'}
[5.112029] (sfm_ros2) StderrLine: {'line': b'      |                      ~~~~~~~~~~~~~~~~~~ \n'}
[5.112060] (sfm_ros2) StderrLine: {'line': b'  279 |                      const M7ConstPtr&,\n'}
[5.112090] (sfm_ros2) StderrLine: {'line': b'      |                      ~~~~~~~~~~~~~~~~~~ \n'}
[5.112120] (sfm_ros2) StderrLine: {'line': b'  280 |                      const M8ConstPtr&>(std::bind(callback, std::placeholders::_1, std::placeholders::_2, std::placeholders::_3, std::placeholders::_4, std::placeholders::_5, std::placeholders::_6, std::placeholders::_7, std::placeholders::_8, std::placeholders::_9));\n'}
[5.112153] (sfm_ros2) StderrLine: {'line': b'      |                      ~~~~~~~~~~~~~~~~~~^~~~~~~~~~~~~~~~~~~~~~~~~~~~~~~~~~~~~~~~~~~~~~~~~~~~~~~~~~~~~~~~~~~~~~~~~~~~~~~~~~~~~~~~~~~~~~~~~~~~~~~~~~~~~~~~~~~~~~~~~~~~~~~~~~~~~~~~~~~~~~~~~~~~~~~~~~~~~~~~~~~~~~~~~~~~~~~~~~~~~~~~~~~~~~~~~~~~~~~~~~~~~~~~~~~~~~~~~~~~~~~~~~~~\n'}
[5.112184] (sfm_ros2) StderrLine: {'line': b'/opt/ros/jazzy/include/message_filters/message_filters/signal9.h:270:14: note: provided for \xe2\x80\x98template<class C> message_filters::Connection message_filters::Signal9<M0, M1, M2, M3, M4, M5, M6, M7, M8>::addCallback(C&) [with M0 = sensor_msgs::msg::Image_<std::allocator<void> >; M1 = sensor_msgs::msg::Image_<std::allocator<void> >; M2 = sensor_msgs::msg::CameraInfo_<std::allocator<void> >; M3 = nav_msgs::msg::Odometry_<std::allocator<void> >; M4 = message_filters::NullType; M5 = message_filters::NullType; M6 = message_filters::NullType; M7 = message_filters::NullType; M8 = message_filters::NullType]\xe2\x80\x99\n'}
[5.112216] (sfm_ros2) StderrLine: {'line': b'  270 |   Connection addCallback( C& callback)\n'}
[5.112248] (sfm_ros2) StderrLine: {'line': b'      |              ^~~~~~~~~~~\n'}
[5.210922] (-) TimerEvent: {}
[5.311176] (-) TimerEvent: {}
[5.373224] (sfm_ros2) StderrLine: {'line': b'gmake[2]: *** [CMakeFiles/sfm.dir/build.make:76: CMakeFiles/sfm.dir/src/sfm.cpp.o] Interrupt\n'}
[5.373503] (sfm_ros2) StderrLine: {'line': b'gmake[1]: *** [CMakeFiles/Makefile2:644: CMakeFiles/sfm.dir/all] Interrupt\n'}
[5.373720] (sfm_ros2) StderrLine: {'line': b'gmake: *** [Makefile:146: all] Interrupt\n'}
[5.400455] (sfm_ros2) CommandEnded: {'returncode': -2}
[5.405332] (sfm_ros2) JobEnded: {'identifier': 'sfm_ros2', 'rc': 'SIGINT'}
[5.411230] (-) TimerEvent: {}
[5.415599] (-) EventReactorShutdown: {}
