[0.000000] (-) TimerEvent: {}
[0.000112] (sfm_ros2) JobQueued: {'identifier': 'sfm_ros2', 'dependencies': OrderedDict()}
[0.000136] (sfm_ros2) JobStarted: {'identifier': 'sfm_ros2'}
[0.005067] (sfm_ros2) JobProgress: {'identifier': 'sfm_ros2', 'progress': 'cmake'}
[0.006078] (sfm_ros2) JobProgress: {'identifier': 'sfm_ros2', 'progress': 'build'}
[0.006108] (sfm_ros2) Command: {'cmd': ['/usr/bin/cmake', '--build', '/home/elioowo/ros_sfm/sfm_ros2/build/sfm_ros2', '--', '-j32', '-l32'], 'cwd': '/home/elioowo/ros_sfm/sfm_ros2/build/sfm_ros2', 'env': OrderedDict({'LESSOPEN': '| /usr/bin/lesspipe %s', 'GZ_SIM_RESOURCE_PATH': '/opt/ros/jazzy/share', 'USER': 'elioowo', 'GZ_CONFIG_PATH': '/opt/ros/jazzy/opt/gz_sim_vendor/share/gz:/opt/ros/jazzy/opt/sdformat_vendor/share/gz:/opt/ros/jazzy/opt/gz_gui_vendor/share/gz:/opt/ros/jazzy/opt/gz_transport_vendor/share/gz:/opt/ros/jazzy/opt/gz_rendering_vendor/share/gz:/opt/ros/jazzy/opt/gz_plugin_vendor/share/gz:/opt/ros/jazzy/opt/gz_fuel_tools_vendor/share/gz:/opt/ros/jazzy/opt/gz_msgs_vendor/share/gz:/opt/ros/jazzy/opt/gz_common_vendor/share/gz', 'XDG_SESSION_TYPE': 'wayland', 'CLUTTER_DISABLE_MIPMAPPED_TEXT': '1', 'SHLVL': '1', 'LD_LIBRARY_PATH': '/opt/ros/jazzy/opt/gz_sim_vendor/lib:/opt/ros/jazzy/opt/gz_sensors_vendor/lib:/opt/ros/jazzy/opt/gz_physics_vendor/lib:/opt/ros/jazzy/opt/sdformat_vendor/lib:/opt/ros/jazzy/opt/rviz_ogre_vendor/lib:/opt/ros/jazzy/lib/x86_64-linux-gnu:/opt/ros/jazzy/opt/gz_gui_vendor/lib:/opt/ros/jazzy/opt/gz_transport_vendor/lib:/opt/ros/jazzy/opt/gz_rendering_vendor/lib:/opt/ros/jazzy/opt/gz_plugin_vendor/lib:/opt/ros/jazzy/opt/gz_fuel_tools_vendor/lib:/opt/ros/jazzy/opt/gz_msgs_vendor/lib:/opt/ros/jazzy/opt/gz_common_vendor/lib:/opt/ros/jazzy/opt/gz_math_vendor/lib:/opt/ros/jazzy/opt/gz_utils_vendor/lib:/opt/ros/jazzy/opt/gz_tools_vendor/lib:/opt/ros/jazzy/opt/gz_ogre_next_vendor/lib:/opt/ros/jazzy/opt/gz_dartsim_vendor/lib:/opt/ros/jazzy/opt/gz_cmake_vendor/lib:/opt/ros/jazzy/lib', 'HOME': '/home/elioowo', 'MOZ_ENABLE_WAYLAND': '1', 'OLDPWD': '/home/elioowo/ros_sfm/sfm_ros2/msg', 'DESKTOP_SESSION': 'ubuntu', 'ROS_PYTHON_VERSION': '3', 'GNOME_SHELL_SESSION_MODE': 'ubuntu', 'GTK_MODULES': 'gail:atk-bridge', 'SYSTEMD_EXEC_PID': '4315', 'GSM_SKIP_SSH_AGENT_WORKAROUND': 'true', 'DBUS_SESSION_BUS_ADDRESS': 'unix:path=/run/user/1004/bus', 'COLORTERM': 'truecolor', 'DEBUGINFOD_URLS': 'https://debuginfod.ubuntu.com', 'IM_CONFIG_PHASE': '1', 'WAYLAND_DISPLAY': 'wayland-0', 'ROS_DISTRO': 'jazzy', 'LOGNAME': 'elioowo', '_': '/usr/bin/colcon', 'ROS_VERSION': '2', 'MEMORY_PRESSURE_WATCH': '/sys/fs/cgroup/user.slice/user-1004.slice/user@1004.service/session.slice/org.gnome.Shell@wayland.service/memory.pressure', 'XDG_SESSION_CLASS': 'user', 'USERNAME': 'elioowo', 'TERM': 'xterm-256color', 'GNOME_DESKTOP_SESSION_ID': 'this-is-deprecated', 'PATH': '/opt/ros/jazzy/opt/gz_msgs_vendor/bin:/opt/ros/jazzy/opt/gz_tools_vendor/bin:/opt/ros/jazzy/opt/gz_ogre_next_vendor/bin:/opt/ros/jazzy/bin:/usr/local/sbin:/usr/local/bin:/usr/sbin:/usr/bin:/sbin:/bin:/usr/games:/usr/local/games:/snap/bin:/snap/bin', 'SESSION_MANAGER': 'local/OMEN-10:@/tmp/.ICE-unix/4283,unix/OMEN-10:/tmp/.ICE-unix/4283', 'XDG_MENU_PREFIX': 'gnome-', 'GNOME_TERMINAL_SCREEN': '/org/gnome/Terminal/screen/e54a3fa6_a308_470f_a110_c80fc401f295', 'GNOME_SETUP_DISPLAY': ':1', 'XDG_RUNTIME_DIR': '/run/user/1004', 'DISPLAY': ':0', 'LANG': 'en_US.UTF-8', 'XDG_CURRENT_DESKTOP': 'ubuntu:GNOME', 'XMODIFIERS': '@im=ibus', 'XDG_SESSION_DESKTOP': 'ubuntu', 'XAUTHORITY': '/run/user/1004/.mutter-Xwaylandauth.TAUHQ3', 'LS_COLORS': 'rs=0:di=01;34:ln=01;36:mh=00:pi=40;33:so=01;35:do=01;35:bd=40;33;01:cd=40;33;01:or=40;31;01:mi=00:su=37;41:sg=30;43:ca=00:tw=30;42:ow=34;42:st=37;44:ex=01;32:*.tar=01;31:*.tgz=01;31:*.arc=01;31:*.arj=01;31:*.taz=01;31:*.lha=01;31:*.lz4=01;31:*.lzh=01;31:*.lzma=01;31:*.tlz=01;31:*.txz=01;31:*.tzo=01;31:*.t7z=01;31:*.zip=01;31:*.z=01;31:*.dz=01;31:*.gz=01;31:*.lrz=01;31:*.lz=01;31:*.lzo=01;31:*.xz=01;31:*.zst=01;31:*.tzst=01;31:*.bz2=01;31:*.bz=01;31:*.tbz=01;31:*.tbz2=01;31:*.tz=01;31:*.deb=01;31:*.rpm=01;31:*.jar=01;31:*.war=01;31:*.ear=01;31:*.sar=01;31:*.rar=01;31:*.alz=01;31:*.ace=01;31:*.zoo=01;31:*.cpio=01;31:*.7z=01;31:*.rz=01;31:*.cab=01;31:*.wim=01;31:*.swm=01;31:*.dwm=01;31:*.esd=01;31:*.avif=01;35:*.jpg=01;35:*.jpeg=01;35:*.mjpg=01;35:*.mjpeg=01;35:*.gif=01;35:*.bmp=01;35:*.pbm=01;35:*.pgm=01;35:*.ppm=01;35:*.tga=01;35:*.xbm=01;35:*.xpm=01;35:*.tif=01;35:*.tiff=01;35:*.png=01;35:*.svg=01;35:*.svgz=01;35:*.mng=01;35:*.pcx=01;35:*.mov=01;35:*.mpg=01;35:*.mpeg=01;35:*.m2v=01;35:*.mkv=01;35:*.webm=01;35:*.webp=01;35:*.ogm=01;35:*.mp4=01;35:*.m4v=01;35:*.mp4v=01;35:*.vob=01;35:*.qt=01;35:*.nuv=01;35:*.wmv=01;35:*.asf=01;35:*.rm=01;35:*.rmvb=01;35:*.flc=01;35:*.avi=01;35:*.fli=01;35:*.flv=01;35:*.gl=01;35:*.dl=01;35:*.xcf=01;35:*.xwd=01;35:*.yuv=01;35:*.cgm=01;35:*.emf=01;35:*.ogv=01;35:*.ogx=01;35:*.aac=00;36:*.au=00;36:*.flac=00;36:*.m4a=00;36:*.mid=00;36:*.midi=00;36:*.mka=00;36:*.mp3=00;36:*.mpc=00;36:*.ogg=00;36:*.ra=00;36:*.wav=00;36:*.oga=00;36:*.opus=00;36:*.spx=00;36:*.xspf=00;36:*~=00;90:*#=00;90:*.bak=00;90:*.crdownload=00;90:*.dpkg-dist=00;90:*.dpkg-new=00;90:*.dpkg-old=00;90:*.dpkg-tmp=00;90:*.old=00;90:*.orig=00;90:*.part=00;90:*.rej=00;90:*.rpmnew=00;90:*.rpmorig=00;90:*.rpmsave=00;90:*.swp=00;90:*.tmp=00;90:*.ucf-dist=00;90:*.ucf-new=00;90:*.ucf-old=00;90:', 'GNOME_TERMINAL_SERVICE': ':1.133', 'SSH_AUTH_SOCK': '/run/user/1004/keyring/ssh', 'AMENT_PREFIX_PATH': '/opt/ros/jazzy', 'SHELL': '/bin/bash', 'QT_ACCESSIBILITY': '1', 'GDMSESSION': 'ubuntu', 'LESSCLOSE': '/usr/bin/lesspipe %s %s', 'WLR_NO_HARDWARE_CURSORS': '1', 'ROS_AUTOMATIC_DISCOVERY_RANGE': 'SUBNET', 'QT_IM_MODULE': 'ibus', 'PWD': '/home/elioowo/ros_sfm/sfm_ros2/build/sfm_ros2', 'XDG_CONFIG_DIRS': '/etc/xdg/xdg-ubuntu:/etc/xdg', 'XDG_DATA_DIRS': '/usr/share/ubuntu:/usr/share/gnome:/usr/local/share/:/usr/share/:/var/lib/snapd/desktop', 'PYTHONPATH': '/opt/ros/jazzy/lib/python3.12/site-packages', 'COLCON': '1', 'MEMORY_PRESSURE_WRITE': 'c29tZSAyMDAwMDAgMjAwMDAwMAA=', 'GENICAM_GENTL64_PATH': ':/opt/pylon5/lib64/gentlproducer/gtl', 'VTE_VERSION': '7600', 'CMAKE_PREFIX_PATH': '/opt/ros/jazzy/opt/gz_sim_vendor:/opt/ros/jazzy/opt/gz_sensors_vendor:/opt/ros/jazzy/opt/gz_physics_vendor:/opt/ros/jazzy/opt/sdformat_vendor:/opt/ros/jazzy/opt/gz_gui_vendor:/opt/ros/jazzy/opt/gz_transport_vendor:/opt/ros/jazzy/opt/gz_rendering_vendor:/opt/ros/jazzy/opt/gz_plugin_vendor:/opt/ros/jazzy/opt/gz_fuel_tools_vendor:/opt/ros/jazzy/opt/gz_msgs_vendor:/opt/ros/jazzy/opt/gz_common_vendor:/opt/ros/jazzy/opt/gz_math_vendor:/opt/ros/jazzy/opt/gz_utils_vendor:/opt/ros/jazzy/opt/gz_tools_vendor:/opt/ros/jazzy/opt/gz_ogre_next_vendor:/opt/ros/jazzy/opt/gz_dartsim_vendor:/opt/ros/jazzy/opt/gz_cmake_vendor:/opt/ros/jazzy'}), 'shell': False}
[0.041779] (sfm_ros2) StdoutLine: {'line': b'[  2%] Built target sfm_ros2__rosidl_generator_type_description\n'}
[0.042074] (sfm_ros2) StdoutLine: {'line': b'[  4%] Built target sfm_ros2__rs\n'}
[0.047304] (sfm_ros2) StdoutLine: {'line': b'[  4%] Built target ament_cmake_python_copy_sfm_ros2\n'}
[0.054178] (sfm_ros2) StdoutLine: {'line': b'[  6%] Built target sfm_ros2__cpp\n'}
[0.055676] (sfm_ros2) StdoutLine: {'line': b'[ 23%] Built target sfm_ros2__rosidl_generator_c\n'}
[0.068403] (sfm_ros2) StdoutLine: {'line': b'[ 31%] Built target sfm_ros2__rosidl_typesupport_introspection_c\n'}
[0.068688] (sfm_ros2) StdoutLine: {'line': b'[ 40%] Built target sfm_ros2__rosidl_typesupport_c\n'}
[0.068884] (sfm_ros2) StdoutLine: {'line': b'[ 53%] Built target sfm_ros2__rosidl_typesupport_fastrtps_c\n'}
[0.068980] (sfm_ros2) StdoutLine: {'line': b'[ 59%] Built target sfm_ros2__rosidl_typesupport_fastrtps_cpp\n'}
[0.069053] (sfm_ros2) StdoutLine: {'line': b'[ 65%] Built target sfm_ros2__rosidl_typesupport_introspection_cpp\n'}
[0.069120] (sfm_ros2) StdoutLine: {'line': b'[ 74%] Built target sfm_ros2__rosidl_typesupport_cpp\n'}
[0.080553] (sfm_ros2) StdoutLine: {'line': b'[ 74%] Built target sfm_ros2\n'}
[0.092520] (sfm_ros2) StdoutLine: {'line': b'[ 76%] Built target sfm_ros2__py\n'}
[0.099503] (-) TimerEvent: {}
[0.101909] (sfm_ros2) StdoutLine: {'line': b'[ 78%] \x1b[32mBuilding CXX object CMakeFiles/sfm.dir/src/sfm.cpp.o\x1b[0m\n'}
[0.105840] (sfm_ros2) StdoutLine: {'line': b'[ 85%] Built target sfm_ros2__rosidl_generator_py\n'}
[0.119471] (sfm_ros2) StdoutLine: {'line': b'[ 93%] Built target sfm_ros2_s__rosidl_typesupport_c\n'}
[0.119639] (sfm_ros2) StdoutLine: {'line': b'[ 95%] Built target sfm_ros2_s__rosidl_typesupport_fastrtps_c\n'}
[0.119778] (sfm_ros2) StdoutLine: {'line': b'[ 97%] Built target sfm_ros2_s__rosidl_typesupport_introspection_c\n'}
[0.190125] (sfm_ros2) StdoutLine: {'line': b'running egg_info\n'}
[0.199654] (-) TimerEvent: {}
[0.203540] (sfm_ros2) StdoutLine: {'line': b'writing sfm_ros2.egg-info/PKG-INFO\n'}
[0.203733] (sfm_ros2) StdoutLine: {'line': b'writing dependency_links to sfm_ros2.egg-info/dependency_links.txt\n'}
[0.203810] (sfm_ros2) StdoutLine: {'line': b'writing top-level names to sfm_ros2.egg-info/top_level.txt\n'}
[0.242665] (sfm_ros2) StdoutLine: {'line': b"reading manifest file 'sfm_ros2.egg-info/SOURCES.txt'\n"}
[0.243071] (sfm_ros2) StdoutLine: {'line': b"writing manifest file 'sfm_ros2.egg-info/SOURCES.txt'\n"}
[0.260951] (sfm_ros2) StdoutLine: {'line': b'[ 97%] Built target ament_cmake_python_build_sfm_ros2_egg\n'}
[0.299809] (-) TimerEvent: {}
[0.400084] (-) TimerEvent: {}
[0.500398] (-) TimerEvent: {}
[0.600707] (-) TimerEvent: {}
[0.701028] (-) TimerEvent: {}
[0.801333] (-) TimerEvent: {}
[0.901599] (-) TimerEvent: {}
[1.001836] (-) TimerEvent: {}
[1.102154] (-) TimerEvent: {}
[1.202468] (-) TimerEvent: {}
[1.302798] (-) TimerEvent: {}
[1.403107] (-) TimerEvent: {}
[1.503427] (-) TimerEvent: {}
[1.603739] (-) TimerEvent: {}
[1.704067] (-) TimerEvent: {}
[1.804398] (-) TimerEvent: {}
[1.904717] (-) TimerEvent: {}
[2.005019] (-) TimerEvent: {}
[2.105337] (-) TimerEvent: {}
[2.205658] (-) TimerEvent: {}
[2.305973] (-) TimerEvent: {}
[2.406301] (-) TimerEvent: {}
[2.506607] (-) TimerEvent: {}
[2.606911] (-) TimerEvent: {}
[2.707228] (-) TimerEvent: {}
[2.807539] (-) TimerEvent: {}
[2.907859] (-) TimerEvent: {}
[3.008159] (-) TimerEvent: {}
[3.108476] (-) TimerEvent: {}
[3.208802] (-) TimerEvent: {}
[3.309109] (-) TimerEvent: {}
[3.409417] (-) TimerEvent: {}
[3.509728] (-) TimerEvent: {}
[3.610052] (-) TimerEvent: {}
[3.710366] (-) TimerEvent: {}
[3.810698] (-) TimerEvent: {}
[3.911010] (-) TimerEvent: {}
[4.011320] (-) TimerEvent: {}
[4.111627] (-) TimerEvent: {}
[4.211964] (-) TimerEvent: {}
[4.312273] (-) TimerEvent: {}
[4.412592] (-) TimerEvent: {}
[4.478148] (sfm_ros2) StderrLine: {'line': b'\x1b[01m\x1b[K/home/elioowo/ros_sfm/sfm_ros2/src/sfm.cpp:\x1b[m\x1b[K In constructor \xe2\x80\x98\x1b[01m\x1b[KsemanticSfm::\x1b[01;32m\x1b[KsemanticSfm\x1b[m\x1b[K(rclcpp::Node::SharedPtr)\x1b[m\x1b[K\xe2\x80\x99:\n'}
[4.478354] (sfm_ros2) StderrLine: {'line': b'\x1b[01m\x1b[K/home/elioowo/ros_sfm/sfm_ros2/src/sfm.cpp:23:91:\x1b[m\x1b[K \x1b[01;31m\x1b[Kerror: \x1b[m\x1b[Kno match for \xe2\x80\x98\x1b[01m\x1b[Koperator=\x1b[m\x1b[K\xe2\x80\x99 (operand types are \xe2\x80\x98\x1b[01m\x1b[Krclcpp::Publisher<visualization_msgs::msg::Marker_<std::allocator<void> > >::SharedPtr\x1b[m\x1b[K\xe2\x80\x99 {aka \xe2\x80\x98\x1b[01m\x1b[Kstd::shared_ptr<rclcpp::Publisher<visualization_msgs::msg::Marker_<std::allocator<void> > > >\x1b[m\x1b[K\xe2\x80\x99} and \xe2\x80\x98\x1b[01m\x1b[Kstd::shared_ptr<rclcpp::Publisher<sfm_ros2::msg::MapGraph_<std::allocator<void> >, std::allocator<void> > >\x1b[m\x1b[K\xe2\x80\x99)\n'}
[4.478432] (sfm_ros2) StderrLine: {'line': b'   23 |     sfmMapGraph_ = node_->create_publisher<sfm_ros2::msg::MapGraph>("sfm_ros2/MapGraph", 1\x1b[01;31m\x1b[K)\x1b[m\x1b[K;\n'}
[4.478500] (sfm_ros2) StderrLine: {'line': b'      |                                                                                           \x1b[01;31m\x1b[K^\x1b[m\x1b[K\n'}
[4.478564] (sfm_ros2) StderrLine: {'line': b'In file included from \x1b[01m\x1b[K/usr/include/c++/13/memory:80\x1b[m\x1b[K,\n'}
[4.478628] (sfm_ros2) StderrLine: {'line': b'                 from \x1b[01m\x1b[K/opt/ros/jazzy/include/rclcpp/rclcpp/rclcpp.hpp:169\x1b[m\x1b[K,\n'}
[4.478691] (sfm_ros2) StderrLine: {'line': b'                 from \x1b[01m\x1b[K/home/elioowo/ros_sfm/sfm_ros2/include/sfm/sfm.h:5\x1b[m\x1b[K,\n'}
[4.479004] (sfm_ros2) StderrLine: {'line': b'                 from \x1b[01m\x1b[K/home/elioowo/ros_sfm/sfm_ros2/src/sfm.cpp:1\x1b[m\x1b[K:\n'}
[4.479067] (sfm_ros2) StderrLine: {'line': b'\x1b[01m\x1b[K/usr/include/c++/13/bits/shared_ptr.h:418:9:\x1b[m\x1b[K \x1b[01;36m\x1b[Knote: \x1b[m\x1b[Kcandidate: \xe2\x80\x98\x1b[01m\x1b[Ktemplate<class _Yp> std::shared_ptr<_Tp>::_Assignable<const std::shared_ptr<_Yp>&> std::shared_ptr<_Tp>::\x1b[01;32m\x1b[Koperator=\x1b[m\x1b[K(const std::shared_ptr<_Yp>&) \x1b[35m\x1b[K[with _Tp = rclcpp::Publisher<visualization_msgs::msg::Marker_<std::allocator<void> > >]\x1b[m\x1b[K\x1b[m\x1b[K\xe2\x80\x99\n'}
[4.479133] (sfm_ros2) StderrLine: {'line': b'  418 |         \x1b[01;36m\x1b[Koperator\x1b[m\x1b[K=(const shared_ptr<_Yp>& __r) noexcept\n'}
[4.479195] (sfm_ros2) StderrLine: {'line': b'      |         \x1b[01;36m\x1b[K^~~~~~~~\x1b[m\x1b[K\n'}
[4.479258] (sfm_ros2) StderrLine: {'line': b'\x1b[01m\x1b[K/usr/include/c++/13/bits/shared_ptr.h:418:9:\x1b[m\x1b[K \x1b[01;36m\x1b[Knote: \x1b[m\x1b[K  template argument deduction/substitution failed:\n'}
[4.479321] (sfm_ros2) StderrLine: {'line': b'/usr/include/c++/13/bits/shared_ptr.h: In substitution of \xe2\x80\x98\x1b[01m\x1b[Ktemplate<class _Tp> template<class _Arg> using std::shared_ptr<_Tp>::_Assignable = typename std::enable_if<std::is_assignable<std::__shared_ptr<_Tp>&, _Arg>::value, std::shared_ptr<_Tp>&>::type \x1b[35m\x1b[K[with _Arg = const std::shared_ptr<rclcpp::Publisher<sfm_ros2::msg::MapGraph_<std::allocator<void> >, std::allocator<void> > >&; _Tp = rclcpp::Publisher<visualization_msgs::msg::Marker_<std::allocator<void> > >]\x1b[m\x1b[K\x1b[m\x1b[K\xe2\x80\x99:\n'}
[4.479399] (sfm_ros2) StderrLine: {'line': b'\x1b[01m\x1b[K/usr/include/c++/13/bits/shared_ptr.h:418:2:\x1b[m\x1b[K   required by substitution of \xe2\x80\x98\x1b[01m\x1b[Ktemplate<class _Yp> std::shared_ptr<rclcpp::Publisher<visualization_msgs::msg::Marker_<std::allocator<void> > > >::_Assignable<const std::shared_ptr<_Tp>&> std::shared_ptr<rclcpp::Publisher<visualization_msgs::msg::Marker_<std::allocator<void> > > >::\x1b[01;32m\x1b[Koperator=\x1b[m\x1b[K(const std::shared_ptr<_Tp>&) \x1b[35m\x1b[K[with _Yp = rclcpp::Publisher<sfm_ros2::msg::MapGraph_<std::allocator<void> >, std::allocator<void> >]\x1b[m\x1b[K\x1b[m\x1b[K\xe2\x80\x99\n'}
[4.479469] (sfm_ros2) StderrLine: {'line': b'\x1b[01m\x1b[K/home/elioowo/ros_sfm/sfm_ros2/src/sfm.cpp:23:91:\x1b[m\x1b[K   required from here\n'}
[4.479532] (sfm_ros2) StderrLine: {'line': b'\x1b[01m\x1b[K/usr/include/c++/13/bits/shared_ptr.h:183:15:\x1b[m\x1b[K \x1b[01;31m\x1b[Kerror: \x1b[m\x1b[Kno type named \xe2\x80\x98\x1b[01m\x1b[Ktype\x1b[m\x1b[K\xe2\x80\x99 in \xe2\x80\x98\x1b[01m\x1b[Kstruct std::enable_if<false, std::shared_ptr<rclcpp::Publisher<visualization_msgs::msg::Marker_<std::allocator<void> > > >&>\x1b[m\x1b[K\xe2\x80\x99\n'}
[4.479597] (sfm_ros2) StderrLine: {'line': b'  183 |         using \x1b[01;31m\x1b[K_Assignable\x1b[m\x1b[K = typename enable_if<\n'}
[4.479659] (sfm_ros2) StderrLine: {'line': b'      |               \x1b[01;31m\x1b[K^~~~~~~~~~~\x1b[m\x1b[K\n'}
[4.479721] (sfm_ros2) StderrLine: {'line': b'\x1b[01m\x1b[K/usr/include/c++/13/bits/shared_ptr.h:429:9:\x1b[m\x1b[K \x1b[01;36m\x1b[Knote: \x1b[m\x1b[Kcandidate: \xe2\x80\x98\x1b[01m\x1b[Ktemplate<class _Yp> std::shared_ptr<_Tp>::_Assignable<std::auto_ptr<_Up> > std::shared_ptr<_Tp>::\x1b[01;32m\x1b[Koperator=\x1b[m\x1b[K(std::auto_ptr<_Up>&&) \x1b[35m\x1b[K[with _Tp = rclcpp::Publisher<visualization_msgs::msg::Marker_<std::allocator<void> > >]\x1b[m\x1b[K\x1b[m\x1b[K\xe2\x80\x99\n'}
[4.479789] (sfm_ros2) StderrLine: {'line': b'  429 |         \x1b[01;36m\x1b[Koperator\x1b[m\x1b[K=(auto_ptr<_Yp>&& __r)\n'}
[4.479851] (sfm_ros2) StderrLine: {'line': b'      |         \x1b[01;36m\x1b[K^~~~~~~~\x1b[m\x1b[K\n'}
[4.479912] (sfm_ros2) StderrLine: {'line': b'\x1b[01m\x1b[K/usr/include/c++/13/bits/shared_ptr.h:429:9:\x1b[m\x1b[K \x1b[01;36m\x1b[Knote: \x1b[m\x1b[K  template argument deduction/substitution failed:\n'}
[4.479979] (sfm_ros2) StderrLine: {'line': b'\x1b[01m\x1b[K/home/elioowo/ros_sfm/sfm_ros2/src/sfm.cpp:23:91:\x1b[m\x1b[K \x1b[01;36m\x1b[Knote: \x1b[m\x1b[K  \xe2\x80\x98\x1b[01m\x1b[Kstd::shared_ptr<rclcpp::Publisher<sfm_ros2::msg::MapGraph_<std::allocator<void> >, std::allocator<void> > >\x1b[m\x1b[K\xe2\x80\x99 is not derived from \xe2\x80\x98\x1b[01m\x1b[Kstd::auto_ptr<_Up>\x1b[m\x1b[K\xe2\x80\x99\n'}
[4.480047] (sfm_ros2) StderrLine: {'line': b'   23 |     sfmMapGraph_ = node_->create_publisher<sfm_ros2::msg::MapGraph>("sfm_ros2/MapGraph", 1\x1b[01;36m\x1b[K)\x1b[m\x1b[K;\n'}
[4.480110] (sfm_ros2) StderrLine: {'line': b'      |                                                                                           \x1b[01;36m\x1b[K^\x1b[m\x1b[K\n'}
[4.480172] (sfm_ros2) StderrLine: {'line': b'\x1b[01m\x1b[K/usr/include/c++/13/bits/shared_ptr.h:446:9:\x1b[m\x1b[K \x1b[01;36m\x1b[Knote: \x1b[m\x1b[Kcandidate: \xe2\x80\x98\x1b[01m\x1b[Ktemplate<class _Yp> std::shared_ptr<_Tp>::_Assignable<std::shared_ptr<_Yp> > std::shared_ptr<_Tp>::\x1b[01;32m\x1b[Koperator=\x1b[m\x1b[K(std::shared_ptr<_Yp>&&) \x1b[35m\x1b[K[with _Tp = rclcpp::Publisher<visualization_msgs::msg::Marker_<std::allocator<void> > >]\x1b[m\x1b[K\x1b[m\x1b[K\xe2\x80\x99\n'}
[4.480235] (sfm_ros2) StderrLine: {'line': b'  446 |         \x1b[01;36m\x1b[Koperator\x1b[m\x1b[K=(shared_ptr<_Yp>&& __r) noexcept\n'}
[4.480298] (sfm_ros2) StderrLine: {'line': b'      |         \x1b[01;36m\x1b[K^~~~~~~~\x1b[m\x1b[K\n'}
[4.480361] (sfm_ros2) StderrLine: {'line': b'\x1b[01m\x1b[K/usr/include/c++/13/bits/shared_ptr.h:446:9:\x1b[m\x1b[K \x1b[01;36m\x1b[Knote: \x1b[m\x1b[K  template argument deduction/substitution failed:\n'}
[4.480423] (sfm_ros2) StderrLine: {'line': b'/usr/include/c++/13/bits/shared_ptr.h: In substitution of \xe2\x80\x98\x1b[01m\x1b[Ktemplate<class _Tp> template<class _Arg> using std::shared_ptr<_Tp>::_Assignable = typename std::enable_if<std::is_assignable<std::__shared_ptr<_Tp>&, _Arg>::value, std::shared_ptr<_Tp>&>::type \x1b[35m\x1b[K[with _Arg = std::shared_ptr<rclcpp::Publisher<sfm_ros2::msg::MapGraph_<std::allocator<void> >, std::allocator<void> > >; _Tp = rclcpp::Publisher<visualization_msgs::msg::Marker_<std::allocator<void> > >]\x1b[m\x1b[K\x1b[m\x1b[K\xe2\x80\x99:\n'}
[4.480488] (sfm_ros2) StderrLine: {'line': b'\x1b[01m\x1b[K/usr/include/c++/13/bits/shared_ptr.h:446:2:\x1b[m\x1b[K   required by substitution of \xe2\x80\x98\x1b[01m\x1b[Ktemplate<class _Yp> std::shared_ptr<rclcpp::Publisher<visualization_msgs::msg::Marker_<std::allocator<void> > > >::_Assignable<std::shared_ptr<_Tp> > std::shared_ptr<rclcpp::Publisher<visualization_msgs::msg::Marker_<std::allocator<void> > > >::\x1b[01;32m\x1b[Koperator=\x1b[m\x1b[K(std::shared_ptr<_Tp>&&) \x1b[35m\x1b[K[with _Yp = rclcpp::Publisher<sfm_ros2::msg::MapGraph_<std::allocator<void> >, std::allocator<void> >]\x1b[m\x1b[K\x1b[m\x1b[K\xe2\x80\x99\n'}
[4.480555] (sfm_ros2) StderrLine: {'line': b'\x1b[01m\x1b[K/home/elioowo/ros_sfm/sfm_ros2/src/sfm.cpp:23:91:\x1b[m\x1b[K   required from here\n'}
[4.480620] (sfm_ros2) StderrLine: {'line': b'\x1b[01m\x1b[K/usr/include/c++/13/bits/shared_ptr.h:183:15:\x1b[m\x1b[K \x1b[01;31m\x1b[Kerror: \x1b[m\x1b[Kno type named \xe2\x80\x98\x1b[01m\x1b[Ktype\x1b[m\x1b[K\xe2\x80\x99 in \xe2\x80\x98\x1b[01m\x1b[Kstruct std::enable_if<false, std::shared_ptr<rclcpp::Publisher<visualization_msgs::msg::Marker_<std::allocator<void> > > >&>\x1b[m\x1b[K\xe2\x80\x99\n'}
[4.480684] (sfm_ros2) StderrLine: {'line': b'  183 |         using \x1b[01;31m\x1b[K_Assignable\x1b[m\x1b[K = typename enable_if<\n'}
[4.480747] (sfm_ros2) StderrLine: {'line': b'      |               \x1b[01;31m\x1b[K^~~~~~~~~~~\x1b[m\x1b[K\n'}
[4.480809] (sfm_ros2) StderrLine: {'line': b'\x1b[01m\x1b[K/usr/include/c++/13/bits/shared_ptr.h:454:9:\x1b[m\x1b[K \x1b[01;36m\x1b[Knote: \x1b[m\x1b[Kcandidate: \xe2\x80\x98\x1b[01m\x1b[Ktemplate<class _Yp, class _Del> std::shared_ptr<_Tp>::_Assignable<std::unique_ptr<_Up, _Ep> > std::shared_ptr<_Tp>::\x1b[01;32m\x1b[Koperator=\x1b[m\x1b[K(std::unique_ptr<_Up, _Ep>&&) \x1b[35m\x1b[K[with _Del = _Yp; _Tp = rclcpp::Publisher<visualization_msgs::msg::Marker_<std::allocator<void> > >]\x1b[m\x1b[K\x1b[m\x1b[K\xe2\x80\x99\n'}
[4.480879] (sfm_ros2) StderrLine: {'line': b'  454 |         \x1b[01;36m\x1b[Koperator\x1b[m\x1b[K=(unique_ptr<_Yp, _Del>&& __r)\n'}
[4.480941] (sfm_ros2) StderrLine: {'line': b'      |         \x1b[01;36m\x1b[K^~~~~~~~\x1b[m\x1b[K\n'}
[4.481002] (sfm_ros2) StderrLine: {'line': b'\x1b[01m\x1b[K/usr/include/c++/13/bits/shared_ptr.h:454:9:\x1b[m\x1b[K \x1b[01;36m\x1b[Knote: \x1b[m\x1b[K  template argument deduction/substitution failed:\n'}
[4.481064] (sfm_ros2) StderrLine: {'line': b'\x1b[01m\x1b[K/home/elioowo/ros_sfm/sfm_ros2/src/sfm.cpp:23:91:\x1b[m\x1b[K \x1b[01;36m\x1b[Knote: \x1b[m\x1b[K  \xe2\x80\x98\x1b[01m\x1b[Kstd::shared_ptr<rclcpp::Publisher<sfm_ros2::msg::MapGraph_<std::allocator<void> >, std::allocator<void> > >\x1b[m\x1b[K\xe2\x80\x99 is not derived from \xe2\x80\x98\x1b[01m\x1b[Kstd::unique_ptr<_Tp, _Dp>\x1b[m\x1b[K\xe2\x80\x99\n'}
[4.481128] (sfm_ros2) StderrLine: {'line': b'   23 |     sfmMapGraph_ = node_->create_publisher<sfm_ros2::msg::MapGraph>("sfm_ros2/MapGraph", 1\x1b[01;36m\x1b[K)\x1b[m\x1b[K;\n'}
[4.481190] (sfm_ros2) StderrLine: {'line': b'      |                                                                                           \x1b[01;36m\x1b[K^\x1b[m\x1b[K\n'}
[4.481251] (sfm_ros2) StderrLine: {'line': b'\x1b[01m\x1b[K/usr/include/c++/13/bits/shared_ptr.h:414:19:\x1b[m\x1b[K \x1b[01;36m\x1b[Knote: \x1b[m\x1b[Kcandidate: \xe2\x80\x98\x1b[01m\x1b[Kstd::shared_ptr<_Tp>& std::shared_ptr<_Tp>::\x1b[01;32m\x1b[Koperator=\x1b[m\x1b[K(const std::shared_ptr<_Tp>&) \x1b[35m\x1b[K[with _Tp = rclcpp::Publisher<visualization_msgs::msg::Marker_<std::allocator<void> > >]\x1b[m\x1b[K\x1b[m\x1b[K\xe2\x80\x99\n'}
[4.481315] (sfm_ros2) StderrLine: {'line': b'  414 |       shared_ptr& \x1b[01;36m\x1b[Koperator\x1b[m\x1b[K=(const shared_ptr&) noexcept = default;\n'}
[4.481377] (sfm_ros2) StderrLine: {'line': b'      |                   \x1b[01;36m\x1b[K^~~~~~~~\x1b[m\x1b[K\n'}
[4.481442] (sfm_ros2) StderrLine: {'line': b'\x1b[01m\x1b[K/usr/include/c++/13/bits/shared_ptr.h:414:29:\x1b[m\x1b[K \x1b[01;36m\x1b[Knote: \x1b[m\x1b[K  no known conversion for argument 1 from \xe2\x80\x98\x1b[01m\x1b[Kstd::shared_ptr<rclcpp::Publisher<sfm_ros2::msg::MapGraph_<std::allocator<void> >, std::allocator<void> > >\x1b[m\x1b[K\xe2\x80\x99 to \xe2\x80\x98\x1b[01m\x1b[Kconst std::shared_ptr<rclcpp::Publisher<visualization_msgs::msg::Marker_<std::allocator<void> > > >&\x1b[m\x1b[K\xe2\x80\x99\n'}
[4.481510] (sfm_ros2) StderrLine: {'line': b'  414 |       shared_ptr& operator=(\x1b[01;36m\x1b[Kconst shared_ptr&\x1b[m\x1b[K) noexcept = default;\n'}
[4.481572] (sfm_ros2) StderrLine: {'line': b'      |                             \x1b[01;36m\x1b[K^~~~~~~~~~~~~~~~~\x1b[m\x1b[K\n'}
[4.481633] (sfm_ros2) StderrLine: {'line': b'\x1b[01m\x1b[K/usr/include/c++/13/bits/shared_ptr.h:438:7:\x1b[m\x1b[K \x1b[01;36m\x1b[Knote: \x1b[m\x1b[Kcandidate: \xe2\x80\x98\x1b[01m\x1b[Kstd::shared_ptr<_Tp>& std::shared_ptr<_Tp>::\x1b[01;32m\x1b[Koperator=\x1b[m\x1b[K(std::shared_ptr<_Tp>&&) \x1b[35m\x1b[K[with _Tp = rclcpp::Publisher<visualization_msgs::msg::Marker_<std::allocator<void> > >]\x1b[m\x1b[K\x1b[m\x1b[K\xe2\x80\x99\n'}
[4.481697] (sfm_ros2) StderrLine: {'line': b'  438 |       \x1b[01;36m\x1b[Koperator\x1b[m\x1b[K=(shared_ptr&& __r) noexcept\n'}
[4.481759] (sfm_ros2) StderrLine: {'line': b'      |       \x1b[01;36m\x1b[K^~~~~~~~\x1b[m\x1b[K\n'}
[4.481820] (sfm_ros2) StderrLine: {'line': b'\x1b[01m\x1b[K/usr/include/c++/13/bits/shared_ptr.h:438:30:\x1b[m\x1b[K \x1b[01;36m\x1b[Knote: \x1b[m\x1b[K  no known conversion for argument 1 from \xe2\x80\x98\x1b[01m\x1b[Kstd::shared_ptr<rclcpp::Publisher<sfm_ros2::msg::MapGraph_<std::allocator<void> >, std::allocator<void> > >\x1b[m\x1b[K\xe2\x80\x99 to \xe2\x80\x98\x1b[01m\x1b[Kstd::shared_ptr<rclcpp::Publisher<visualization_msgs::msg::Marker_<std::allocator<void> > > >&&\x1b[m\x1b[K\xe2\x80\x99\n'}
[4.481889] (sfm_ros2) StderrLine: {'line': b'  438 |       operator=(\x1b[01;36m\x1b[Kshared_ptr&& __r\x1b[m\x1b[K) noexcept\n'}
[4.481951] (sfm_ros2) StderrLine: {'line': b'      |                 \x1b[01;36m\x1b[K~~~~~~~~~~~~~^~~\x1b[m\x1b[K\n'}
[4.487985] (sfm_ros2) StderrLine: {'line': b'\x1b[01m\x1b[K/home/elioowo/ros_sfm/sfm_ros2/src/sfm.cpp:30:77:\x1b[m\x1b[K \x1b[01;31m\x1b[Kerror: \x1b[m\x1b[K\xe2\x80\x98\x1b[01m\x1b[KSyncPolicy\x1b[m\x1b[K\xe2\x80\x99 was not declared in this scope; did you mean \xe2\x80\x98\x1b[01m\x1b[KsfmSyncPolicy_\x1b[m\x1b[K\xe2\x80\x99?\n'}
[4.488154] (sfm_ros2) StderrLine: {'line': b'   30 |     sync_ = std::make_shared<message_filters::Synchronizer<sfmSyncPolicy_>>(\x1b[01;31m\x1b[KSyncPolicy\x1b[m\x1b[K(2));\n'}
[4.488222] (sfm_ros2) StderrLine: {'line': b'      |                                                                             \x1b[01;31m\x1b[K^~~~~~~~~~\x1b[m\x1b[K\n'}
[4.488293] (sfm_ros2) StderrLine: {'line': b'      |                                                                             \x1b[32m\x1b[KsfmSyncPolicy_\x1b[m\x1b[K\n'}
[4.512821] (-) TimerEvent: {}
[4.582764] (sfm_ros2) StderrLine: {'line': b'\x1b[01m\x1b[K/home/elioowo/ros_sfm/sfm_ros2/src/sfm.cpp:\x1b[m\x1b[K At global scope:\n'}
[4.582946] (sfm_ros2) StderrLine: {'line': b'\x1b[01m\x1b[K/home/elioowo/ros_sfm/sfm_ros2/src/sfm.cpp:84:16:\x1b[m\x1b[K \x1b[01;31m\x1b[Kerror: \x1b[m\x1b[K\xe2\x80\x98\x1b[01m\x1b[KPoseStamped\x1b[m\x1b[K\xe2\x80\x99 in namespace \xe2\x80\x98\x1b[01m\x1b[Kgeometry_msgs\x1b[m\x1b[K\xe2\x80\x99 does not name a type\n'}
[4.583019] (sfm_ros2) StderrLine: {'line': b'   84 | geometry_msgs::\x1b[01;31m\x1b[KPoseStamped\x1b[m\x1b[K semanticSfm::navToGeoStampMsg_(const nav_msgs::Odometry::SharedPtr cameraExtrensics)\n'}
[4.583085] (sfm_ros2) StderrLine: {'line': b'      |                \x1b[01;31m\x1b[K^~~~~~~~~~~\x1b[m\x1b[K\n'}
[4.585583] (sfm_ros2) StderrLine: {'line': b'\x1b[01m\x1b[K/home/elioowo/ros_sfm/sfm_ros2/src/sfm.cpp:\x1b[m\x1b[K In member function \xe2\x80\x98\x1b[01m\x1b[Kcv::Mat semanticSfm::\x1b[01;32m\x1b[KforwardPass_\x1b[m\x1b[K(cv::Mat)\x1b[m\x1b[K\xe2\x80\x99:\n'}
[4.585750] (sfm_ros2) StderrLine: {'line': b'\x1b[01m\x1b[K/home/elioowo/ros_sfm/sfm_ros2/src/sfm.cpp:107:25:\x1b[m\x1b[K \x1b[01;31m\x1b[Kerror: \x1b[m\x1b[K\xe2\x80\x98\x1b[01m\x1b[KThreshold\x1b[m\x1b[K\xe2\x80\x99 is not a member of \xe2\x80\x98\x1b[01m\x1b[Ktorch::nn\x1b[m\x1b[K\xe2\x80\x99\n'}
[4.585832] (sfm_ros2) StderrLine: {'line': b'  107 |     auto m = torch::nn::\x1b[01;31m\x1b[KThreshold\x1b[m\x1b[K(0.6, 0);\n'}
[4.585897] (sfm_ros2) StderrLine: {'line': b'      |                         \x1b[01;31m\x1b[K^~~~~~~~~\x1b[m\x1b[K\n'}
[4.588235] (sfm_ros2) StderrLine: {'line': b'\x1b[01m\x1b[K/home/elioowo/ros_sfm/sfm_ros2/src/sfm.cpp:\x1b[m\x1b[K At global scope:\n'}
[4.588410] (sfm_ros2) StderrLine: {'line': b'\x1b[01m\x1b[K/home/elioowo/ros_sfm/sfm_ros2/src/sfm.cpp:131:16:\x1b[m\x1b[K \x1b[01;31m\x1b[Kerror: \x1b[m\x1b[K\xe2\x80\x98\x1b[01m\x1b[KPose\x1b[m\x1b[K\xe2\x80\x99 in namespace \xe2\x80\x98\x1b[01m\x1b[Kgeometry_msgs\x1b[m\x1b[K\xe2\x80\x99 does not name a type\n'}
[4.588480] (sfm_ros2) StderrLine: {'line': b'  131 | geometry_msgs::\x1b[01;31m\x1b[KPose\x1b[m\x1b[K semanticSfm::navToGeoMsg_(const nav_msgs::Odometry::SharedPtr cameraExtrensics)\n'}
[4.588545] (sfm_ros2) StderrLine: {'line': b'      |                \x1b[01;31m\x1b[K^~~~\x1b[m\x1b[K\n'}
[4.588606] (sfm_ros2) StderrLine: {'line': b'\x1b[01m\x1b[K/home/elioowo/ros_sfm/sfm_ros2/src/sfm.cpp:138:51:\x1b[m\x1b[K \x1b[01;31m\x1b[Kerror: \x1b[m\x1b[K\xe2\x80\x98\x1b[01m\x1b[KImage\x1b[m\x1b[K\xe2\x80\x99 in namespace \xe2\x80\x98\x1b[01m\x1b[Ksensor_msgs\x1b[m\x1b[K\xe2\x80\x99 does not name a type\n'}
[4.588669] (sfm_ros2) StderrLine: {'line': b'  138 | void semanticSfm::sfmCallBack_(const sensor_msgs::\x1b[01;31m\x1b[KImage\x1b[m\x1b[K::SharedPtr rgb, const sensor_msgs::Image::SharedPtr depthMap, const sensor_msgs::CameraInfo::SharedPtr cameraIntrensics, const nav_msgs::Odometry::SharedPtr cameraExtrensics)\n'}
[4.588742] (sfm_ros2) StderrLine: {'line': b'      |                                                   \x1b[01;31m\x1b[K^~~~~\x1b[m\x1b[K\n'}
[4.588803] (sfm_ros2) StderrLine: {'line': b'\x1b[01m\x1b[K/home/elioowo/ros_sfm/sfm_ros2/src/sfm.cpp:138:68:\x1b[m\x1b[K \x1b[01;31m\x1b[Kerror: \x1b[m\x1b[Kexpected unqualified-id before \xe2\x80\x98\x1b[01m\x1b[Krgb\x1b[m\x1b[K\xe2\x80\x99\n'}
[4.588864] (sfm_ros2) StderrLine: {'line': b'  138 | void semanticSfm::sfmCallBack_(const sensor_msgs::Image::SharedPtr \x1b[01;31m\x1b[Krgb\x1b[m\x1b[K, const sensor_msgs::Image::SharedPtr depthMap, const sensor_msgs::CameraInfo::SharedPtr cameraIntrensics, const nav_msgs::Odometry::SharedPtr cameraExtrensics)\n'}
[4.588929] (sfm_ros2) StderrLine: {'line': b'      |                                                                    \x1b[01;31m\x1b[K^~~\x1b[m\x1b[K\n'}
[4.588990] (sfm_ros2) StderrLine: {'line': b'\x1b[01m\x1b[K/home/elioowo/ros_sfm/sfm_ros2/src/sfm.cpp:138:67:\x1b[m\x1b[K \x1b[01;31m\x1b[Kerror: \x1b[m\x1b[Kexpected \xe2\x80\x98\x1b[01m\x1b[K)\x1b[m\x1b[K\xe2\x80\x99 before \xe2\x80\x98\x1b[01m\x1b[Krgb\x1b[m\x1b[K\xe2\x80\x99\n'}
[4.589052] (sfm_ros2) StderrLine: {'line': b'  138 | void semanticSfm::sfmCallBack_\x1b[34m\x1b[K(\x1b[m\x1b[Kconst sensor_msgs::Image::SharedPtr\x1b[01;31m\x1b[K \x1b[m\x1b[K\x1b[32m\x1b[Krgb\x1b[m\x1b[K, const sensor_msgs::Image::SharedPtr depthMap, const sensor_msgs::CameraInfo::SharedPtr cameraIntrensics, const nav_msgs::Odometry::SharedPtr cameraExtrensics)\n'}
[4.589115] (sfm_ros2) StderrLine: {'line': b'      |                               \x1b[34m\x1b[K~\x1b[m\x1b[K                                   \x1b[01;31m\x1b[K^\x1b[m\x1b[K\x1b[32m\x1b[K~~~\x1b[m\x1b[K\n'}
[4.589175] (sfm_ros2) StderrLine: {'line': b'      |                                                                   \x1b[32m\x1b[K)\x1b[m\x1b[K\n'}
[4.589236] (sfm_ros2) StderrLine: {'line': b'\x1b[01m\x1b[K/home/elioowo/ros_sfm/sfm_ros2/src/sfm.cpp:138:68:\x1b[m\x1b[K \x1b[01;31m\x1b[Kerror: \x1b[m\x1b[Kexpected initializer before \xe2\x80\x98\x1b[01m\x1b[Krgb\x1b[m\x1b[K\xe2\x80\x99\n'}
[4.589296] (sfm_ros2) StderrLine: {'line': b'  138 | void semanticSfm::sfmCallBack_(const sensor_msgs::Image::SharedPtr \x1b[01;31m\x1b[Krgb\x1b[m\x1b[K, const sensor_msgs::Image::SharedPtr depthMap, const sensor_msgs::CameraInfo::SharedPtr cameraIntrensics, const nav_msgs::Odometry::SharedPtr cameraExtrensics)\n'}
[4.589357] (sfm_ros2) StderrLine: {'line': b'      |                                                                    \x1b[01;31m\x1b[K^~~\x1b[m\x1b[K\n'}
[4.589417] (sfm_ros2) StderrLine: {'line': b'\x1b[01m\x1b[K/home/elioowo/ros_sfm/sfm_ros2/src/sfm.cpp:\x1b[m\x1b[K In function \xe2\x80\x98\x1b[01m\x1b[Kint\x1b[01;32m\x1b[K main\x1b[m\x1b[K(int, char**)\x1b[m\x1b[K\xe2\x80\x99:\n'}
[4.589478] (sfm_ros2) StderrLine: {'line': b'\x1b[01m\x1b[K/home/elioowo/ros_sfm/sfm_ros2/src/sfm.cpp:220:9:\x1b[m\x1b[K \x1b[01;31m\x1b[Kerror: \x1b[m\x1b[K\xe2\x80\x98\x1b[01m\x1b[Kros\x1b[m\x1b[K\xe2\x80\x99 has not been declared\n'}
[4.589541] (sfm_ros2) StderrLine: {'line': b'  220 |         \x1b[01;31m\x1b[Kros\x1b[m\x1b[K::init(argc, argv, "sfm");\n'}
[4.589603] (sfm_ros2) StderrLine: {'line': b'      |         \x1b[01;31m\x1b[K^~~\x1b[m\x1b[K\n'}
[4.589663] (sfm_ros2) StderrLine: {'line': b'\x1b[01m\x1b[K/home/elioowo/ros_sfm/sfm_ros2/src/sfm.cpp:221:9:\x1b[m\x1b[K \x1b[01;31m\x1b[Kerror: \x1b[m\x1b[K\xe2\x80\x98\x1b[01m\x1b[Kros\x1b[m\x1b[K\xe2\x80\x99 has not been declared\n'}
[4.589724] (sfm_ros2) StderrLine: {'line': b'  221 |         \x1b[01;31m\x1b[Kros\x1b[m\x1b[K::NodeHandle nh;\n'}
[4.589784] (sfm_ros2) StderrLine: {'line': b'      |         \x1b[01;31m\x1b[K^~~\x1b[m\x1b[K\n'}
[4.593355] (sfm_ros2) StderrLine: {'line': b'\x1b[01m\x1b[K/home/elioowo/ros_sfm/sfm_ros2/src/sfm.cpp:222:54:\x1b[m\x1b[K \x1b[01;31m\x1b[Kerror: \x1b[m\x1b[K\xe2\x80\x98\x1b[01m\x1b[Knh\x1b[m\x1b[K\xe2\x80\x99 was not declared in this scope\n'}
[4.593527] (sfm_ros2) StderrLine: {'line': b'  222 |         semanticSfm* semanticSfm_ = new semanticSfm(&\x1b[01;31m\x1b[Knh\x1b[m\x1b[K);\n'}
[4.593606] (sfm_ros2) StderrLine: {'line': b'      |                                                      \x1b[01;31m\x1b[K^~\x1b[m\x1b[K\n'}
[4.593669] (sfm_ros2) StderrLine: {'line': b'\x1b[01m\x1b[K/home/elioowo/ros_sfm/sfm_ros2/src/sfm.cpp:223:9:\x1b[m\x1b[K \x1b[01;31m\x1b[Kerror: \x1b[m\x1b[K\xe2\x80\x98\x1b[01m\x1b[Kros\x1b[m\x1b[K\xe2\x80\x99 has not been declared\n'}
[4.593731] (sfm_ros2) StderrLine: {'line': b'  223 |         \x1b[01;31m\x1b[Kros\x1b[m\x1b[K::MultiThreadedSpinner spinner(12);\n'}
[4.593792] (sfm_ros2) StderrLine: {'line': b'      |         \x1b[01;31m\x1b[K^~~\x1b[m\x1b[K\n'}
[4.597876] (sfm_ros2) StderrLine: {'line': b'\x1b[01m\x1b[K/home/elioowo/ros_sfm/sfm_ros2/src/sfm.cpp:224:5:\x1b[m\x1b[K \x1b[01;31m\x1b[Kerror: \x1b[m\x1b[K\xe2\x80\x98\x1b[01m\x1b[Kspinner\x1b[m\x1b[K\xe2\x80\x99 was not declared in this scope\n'}
[4.598061] (sfm_ros2) StderrLine: {'line': b'  224 |     \x1b[01;31m\x1b[Kspinner\x1b[m\x1b[K.spin();\n'}
[4.598129] (sfm_ros2) StderrLine: {'line': b'      |     \x1b[01;31m\x1b[K^~~~~~~\x1b[m\x1b[K\n'}
[4.598190] (sfm_ros2) StderrLine: {'line': b'\x1b[01m\x1b[K/home/elioowo/ros_sfm/sfm_ros2/src/sfm.cpp:222:22:\x1b[m\x1b[K \x1b[01;35m\x1b[Kwarning: \x1b[m\x1b[Kunused variable \xe2\x80\x98\x1b[01m\x1b[KsemanticSfm_\x1b[m\x1b[K\xe2\x80\x99 [\x1b[01;35m\x1b[K\x1b]8;;https://gcc.gnu.org/onlinedocs/gcc/Warning-Options.html#index-Wunused-variable\x07-Wunused-variable\x1b]8;;\x07\x1b[m\x1b[K]\n'}
[4.598264] (sfm_ros2) StderrLine: {'line': b'  222 |         semanticSfm* \x1b[01;35m\x1b[KsemanticSfm_\x1b[m\x1b[K = new semanticSfm(&nh);\n'}
[4.598324] (sfm_ros2) StderrLine: {'line': b'      |                      \x1b[01;35m\x1b[K^~~~~~~~~~~~\x1b[m\x1b[K\n'}
[4.613056] (-) TimerEvent: {}
[4.713406] (-) TimerEvent: {}
[4.813779] (-) TimerEvent: {}
[4.914163] (-) TimerEvent: {}
[5.014420] (-) TimerEvent: {}
[5.114796] (-) TimerEvent: {}
[5.149705] (sfm_ros2) StderrLine: {'line': b'In file included from \x1b[01m\x1b[K/opt/ros/jazzy/include/message_filters/message_filters/synchronizer.h:47\x1b[m\x1b[K,\n'}
[5.150008] (sfm_ros2) StderrLine: {'line': b'                 from \x1b[01m\x1b[K/opt/ros/jazzy/include/message_filters/message_filters/time_synchronizer.h:41\x1b[m\x1b[K,\n'}
[5.150085] (sfm_ros2) StderrLine: {'line': b'                 from \x1b[01m\x1b[K/home/elioowo/ros_sfm/sfm_ros2/include/sfm/sfm.h:20\x1b[m\x1b[K:\n'}
[5.150157] (sfm_ros2) StderrLine: {'line': b'/opt/ros/jazzy/include/message_filters/message_filters/signal9.h: In instantiation of \xe2\x80\x98\x1b[01m\x1b[Kmessage_filters::Connection message_filters::Signal9<M0, M1, M2, M3, M4, M5, M6, M7, M8>::\x1b[01;32m\x1b[KaddCallback\x1b[m\x1b[K(C&) \x1b[35m\x1b[K[with C = const std::_Bind<void (semanticSfm::*(semanticSfm*, std::_Placeholder<1>, std::_Placeholder<2>, std::_Placeholder<3>, std::_Placeholder<4>))(std::shared_ptr<sensor_msgs::msg::Image_<std::allocator<void> > >, std::shared_ptr<sensor_msgs::msg::Image_<std::allocator<void> > >, std::shared_ptr<sensor_msgs::msg::CameraInfo_<std::allocator<void> > >, std::shared_ptr<nav_msgs::msg::Odometry_<std::allocator<void> > >)>; M0 = sensor_msgs::msg::Image_<std::allocator<void> >; M1 = sensor_msgs::msg::Image_<std::allocator<void> >; M2 = sensor_msgs::msg::CameraInfo_<std::allocator<void> >; M3 = nav_msgs::msg::Odometry_<std::allocator<void> >; M4 = message_filters::NullType; M5 = message_filters::NullType; M6 = message_filters::NullType; M7 = message_filters::NullType; M8 = message_filters::NullType]\x1b[m\x1b[K\x1b[m\x1b[K\xe2\x80\x99:\n'}
[5.150602] (sfm_ros2) StderrLine: {'line': b'\x1b[01m\x1b[K/opt/ros/jazzy/include/message_filters/message_filters/synchronizer.h:298:31:\x1b[m\x1b[K   required from \xe2\x80\x98\x1b[01m\x1b[Kmessage_filters::Connection message_filters::Synchronizer<Policy>::\x1b[01;32m\x1b[KregisterCallback\x1b[m\x1b[K(const C&) \x1b[35m\x1b[K[with C = std::_Bind<void (semanticSfm::*(semanticSfm*, std::_Placeholder<1>, std::_Placeholder<2>, std::_Placeholder<3>, std::_Placeholder<4>))(std::shared_ptr<sensor_msgs::msg::Image_<std::allocator<void> > >, std::shared_ptr<sensor_msgs::msg::Image_<std::allocator<void> > >, std::shared_ptr<sensor_msgs::msg::CameraInfo_<std::allocator<void> > >, std::shared_ptr<nav_msgs::msg::Odometry_<std::allocator<void> > >)>; Policy = message_filters::sync_policies::ApproximateTime<sensor_msgs::msg::Image_<std::allocator<void> >, sensor_msgs::msg::Image_<std::allocator<void> >, sensor_msgs::msg::CameraInfo_<std::allocator<void> >, nav_msgs::msg::Odometry_<std::allocator<void> > >]\x1b[m\x1b[K\x1b[m\x1b[K\xe2\x80\x99\n'}
[5.150688] (sfm_ros2) StderrLine: {'line': b'\x1b[01m\x1b[K/home/elioowo/ros_sfm/sfm_ros2/src/sfm.cpp:34:28:\x1b[m\x1b[K   required from here\n'}
[5.150756] (sfm_ros2) StderrLine: {'line': b'\x1b[01m\x1b[K/opt/ros/jazzy/include/message_filters/message_filters/signal9.h:280:40:\x1b[m\x1b[K \x1b[01;31m\x1b[Kerror: \x1b[m\x1b[Kno matching function for call to \xe2\x80\x98\x1b[01m\x1b[Kmessage_filters::Signal9<sensor_msgs::msg::Image_<std::allocator<void> >, sensor_msgs::msg::Image_<std::allocator<void> >, sensor_msgs::msg::CameraInfo_<std::allocator<void> >, nav_msgs::msg::Odometry_<std::allocator<void> >, message_filters::NullType, message_filters::NullType, message_filters::NullType, message_filters::NullType, message_filters::NullType>::addCallback<const message_filters::Signal9<sensor_msgs::msg::Image_<std::allocator<void> >, sensor_msgs::msg::Image_<std::allocator<void> >, sensor_msgs::msg::CameraInfo_<std::allocator<void> >, nav_msgs::msg::Odometry_<std::allocator<void> >, message_filters::NullType, message_filters::NullType, message_filters::NullType, message_filters::NullType, message_filters::NullType>::M0ConstPtr&, const message_filters::Signal9<sensor_msgs::msg::Image_<std::allocator<void> >, sensor_msgs::msg::Image_<std::allocator<void> >, sensor_msgs::msg::CameraInfo_<std::allocator<void> >, nav_msgs::msg::Odometry_<std::allocator<void> >, message_filters::NullType, message_filters::NullType, message_filters::NullType, message_filters::NullType, message_filters::NullType>::M1ConstPtr&, const message_filters::Signal9<sensor_msgs::msg::Image_<std::allocator<void> >, sensor_msgs::msg::Image_<std::allocator<void> >, sensor_msgs::msg::CameraInfo_<std::allocator<void> >, nav_msgs::msg::Odometry_<std::allocator<void> >, message_filters::NullType, message_filters::NullType, message_filters::NullType, message_filters::NullType, message_filters::NullType>::M2ConstPtr&, const message_filters::Signal9<sensor_msgs::msg::Image_<std::allocator<void> >, sensor_msgs::msg::Image_<std::allocator<void> >, sensor_msgs::msg::CameraInfo_<std::allocator<void> >, nav_msgs::msg::Odometry_<std::allocator<void> >, message_filters::NullType, message_filters::NullType, message_filters::NullType, message_filters::NullType, message_filters::NullType>::M3ConstPtr&, const message_filters::Signal9<sensor_msgs::msg::Image_<std::allocator<void> >, sensor_msgs::msg::Image_<std::allocator<void> >, sensor_msgs::msg::CameraInfo_<std::allocator<void> >, nav_msgs::msg::Odometry_<std::allocator<void> >, message_filters::NullType, message_filters::NullType, message_filters::NullType, message_filters::NullType, message_filters::NullType>::M4ConstPtr&, const message_filters::Signal9<sensor_msgs::msg::Image_<std::allocator<void> >, sensor_msgs::msg::Image_<std::allocator<void> >, sensor_msgs::msg::CameraInfo_<std::allocator<void> >, nav_msgs::msg::Odometry_<std::allocator<void> >, message_filters::NullType, message_filters::NullType, message_filters::NullType, message_filters::NullType, message_filters::NullType>::M5ConstPtr&, const message_filters::Signal9<sensor_msgs::msg::Image_<std::allocator<void> >, sensor_msgs::msg::Image_<std::allocator<void> >, sensor_msgs::msg::CameraInfo_<std::allocator<void> >, nav_msgs::msg::Odometry_<std::allocator<void> >, message_filters::NullType, message_filters::NullType, message_filters::NullType, message_filters::NullType, message_filters::NullType>::M6ConstPtr&, const message_filters::Signal9<sensor_msgs::msg::Image_<std::allocator<void> >, sensor_msgs::msg::Image_<std::allocator<void> >, sensor_msgs::msg::CameraInfo_<std::allocator<void> >, nav_msgs::msg::Odometry_<std::allocator<void> >, message_filters::NullType, message_filters::NullType, message_filters::NullType, message_filters::NullType, message_filters::NullType>::M7ConstPtr&, const message_filters::Signal9<sensor_msgs::msg::Image_<std::allocator<void> >, sensor_msgs::msg::Image_<std::allocator<void> >, sensor_msgs::msg::CameraInfo_<std::allocator<void> >, nav_msgs::msg::Odometry_<std::allocator<void> >, message_filters::NullType, message_filters::NullType, message_filters::NullType, message_filters::NullType, message_filters::NullType>::M8ConstPtr&>(std::_Bind_helper<false, const std::_Bind<void (semanticSfm::*(semanticSfm*, std::_Placeholder<1>, std::_Placeholder<2>, std::_Placeholder<3>, std::_Placeholder<4>))(std::shared_ptr<sensor_msgs::msg::Image_<std::allocator<void> > >, std::shared_ptr<sensor_msgs::msg::Image_<std::allocator<void> > >, std::shared_ptr<sensor_msgs::msg::CameraInfo_<std::allocator<void> > >, std::shared_ptr<nav_msgs::msg::Odometry_<std::allocator<void> > >)>&, const std::_Placeholder<1>&, const std::_Placeholder<2>&, const std::_Placeholder<3>&, const std::_Placeholder<4>&, const std::_Placeholder<5>&, const std::_Placeholder<6>&, const std::_Placeholder<7>&, const std::_Placeholder<8>&, const std::_Placeholder<9>&>::type)\x1b[m\x1b[K\xe2\x80\x99\n'}
[5.150862] (sfm_ros2) StderrLine: {'line': b'  272 |     return \x1b[01;31m\x1b[KaddCallback<const M0ConstPtr&,\x1b[m\x1b[K\n'}
[5.150926] (sfm_ros2) StderrLine: {'line': b'      |            \x1b[01;31m\x1b[K~~~~~~~~~~~~~~~~~~~~~~~~~~~~~~\x1b[m\x1b[K\n'}
[5.150988] (sfm_ros2) StderrLine: {'line': b'  273 | \x1b[01;31m\x1b[K                     const M1ConstPtr&,\x1b[m\x1b[K\n'}
[5.151051] (sfm_ros2) StderrLine: {'line': b'      |                      \x1b[01;31m\x1b[K~~~~~~~~~~~~~~~~~~\x1b[m\x1b[K \n'}
[5.151113] (sfm_ros2) StderrLine: {'line': b'  274 | \x1b[01;31m\x1b[K                     const M2ConstPtr&,\x1b[m\x1b[K\n'}
[5.151176] (sfm_ros2) StderrLine: {'line': b'      |                      \x1b[01;31m\x1b[K~~~~~~~~~~~~~~~~~~\x1b[m\x1b[K \n'}
[5.151237] (sfm_ros2) StderrLine: {'line': b'  275 | \x1b[01;31m\x1b[K                     const M3ConstPtr&,\x1b[m\x1b[K\n'}
[5.151299] (sfm_ros2) StderrLine: {'line': b'      |                      \x1b[01;31m\x1b[K~~~~~~~~~~~~~~~~~~\x1b[m\x1b[K \n'}
[5.151360] (sfm_ros2) StderrLine: {'line': b'  276 | \x1b[01;31m\x1b[K                     const M4ConstPtr&,\x1b[m\x1b[K\n'}
[5.151422] (sfm_ros2) StderrLine: {'line': b'      |                      \x1b[01;31m\x1b[K~~~~~~~~~~~~~~~~~~\x1b[m\x1b[K \n'}
[5.151483] (sfm_ros2) StderrLine: {'line': b'  277 | \x1b[01;31m\x1b[K                     const M5ConstPtr&,\x1b[m\x1b[K\n'}
[5.151544] (sfm_ros2) StderrLine: {'line': b'      |                      \x1b[01;31m\x1b[K~~~~~~~~~~~~~~~~~~\x1b[m\x1b[K \n'}
[5.151609] (sfm_ros2) StderrLine: {'line': b'  278 | \x1b[01;31m\x1b[K                     const M6ConstPtr&,\x1b[m\x1b[K\n'}
[5.151670] (sfm_ros2) StderrLine: {'line': b'      |                      \x1b[01;31m\x1b[K~~~~~~~~~~~~~~~~~~\x1b[m\x1b[K \n'}
[5.151731] (sfm_ros2) StderrLine: {'line': b'  279 | \x1b[01;31m\x1b[K                     const M7ConstPtr&,\x1b[m\x1b[K\n'}
[5.151793] (sfm_ros2) StderrLine: {'line': b'      |                      \x1b[01;31m\x1b[K~~~~~~~~~~~~~~~~~~\x1b[m\x1b[K \n'}
[5.151854] (sfm_ros2) StderrLine: {'line': b'  280 | \x1b[01;31m\x1b[K                     const M8ConstPtr&>(std::bind(callback, std::placeholders::_1, std::placeholders::_2, std::placeholders::_3, std::placeholders::_4, std::placeholders::_5, std::placeholders::_6, std::placeholders::_7, std::placeholders::_8, std::placeholders::_9))\x1b[m\x1b[K;\n'}
[5.151917] (sfm_ros2) StderrLine: {'line': b'      |                      \x1b[01;31m\x1b[K~~~~~~~~~~~~~~~~~~^~~~~~~~~~~~~~~~~~~~~~~~~~~~~~~~~~~~~~~~~~~~~~~~~~~~~~~~~~~~~~~~~~~~~~~~~~~~~~~~~~~~~~~~~~~~~~~~~~~~~~~~~~~~~~~~~~~~~~~~~~~~~~~~~~~~~~~~~~~~~~~~~~~~~~~~~~~~~~~~~~~~~~~~~~~~~~~~~~~~~~~~~~~~~~~~~~~~~~~~~~~~~~~~~~~~~~~~~~~~~~~~~~~~\x1b[m\x1b[K\n'}
[5.151984] (sfm_ros2) StderrLine: {'line': b'\x1b[01m\x1b[K/opt/ros/jazzy/include/message_filters/message_filters/signal9.h:170:14:\x1b[m\x1b[K \x1b[01;36m\x1b[Knote: \x1b[m\x1b[Kcandidate: \xe2\x80\x98\x1b[01m\x1b[Kmessage_filters::Connection message_filters::Signal9<M0, M1, M2, M3, M4, M5, M6, M7, M8>::\x1b[01;32m\x1b[KaddCallback\x1b[m\x1b[K(const std::function<void(P0, P1, P2, P3, P4, P5, P6, P7, P8)>&) \x1b[35m\x1b[K[with P0 = const std::shared_ptr<const sensor_msgs::msg::Image_<std::allocator<void> > >&; P1 = const std::shared_ptr<const sensor_msgs::msg::Image_<std::allocator<void> > >&; P2 = const std::shared_ptr<const sensor_msgs::msg::CameraInfo_<std::allocator<void> > >&; P3 = const std::shared_ptr<const nav_msgs::msg::Odometry_<std::allocator<void> > >&; P4 = const std::shared_ptr<const message_filters::NullType>&; P5 = const std::shared_ptr<const message_filters::NullType>&; P6 = const std::shared_ptr<const message_filters::NullType>&; P7 = const std::shared_ptr<const message_filters::NullType>&; P8 = const std::shared_ptr<const message_filters::NullType>&; M0 = sensor_msgs::msg::Image_<std::allocator<void> >; M1 = sensor_msgs::msg::Image_<std::allocator<void> >; M2 = sensor_msgs::msg::CameraInfo_<std::allocator<void> >; M3 = nav_msgs::msg::Odometry_<std::allocator<void> >; M4 = message_filters::NullType; M5 = message_filters::NullType; M6 = message_filters::NullType; M7 = message_filters::NullType; M8 = message_filters::NullType]\x1b[m\x1b[K\x1b[m\x1b[K\xe2\x80\x99\n'}
[5.152056] (sfm_ros2) StderrLine: {'line': b'  170 |   Connection \x1b[01;36m\x1b[KaddCallback\x1b[m\x1b[K(const std::function<void(P0, P1, P2, P3, P4, P5, P6, P7, P8)>& callback)\n'}
[5.152119] (sfm_ros2) StderrLine: {'line': b'      |              \x1b[01;36m\x1b[K^~~~~~~~~~~\x1b[m\x1b[K\n'}
[5.152184] (sfm_ros2) StderrLine: {'line': b'\x1b[01m\x1b[K/opt/ros/jazzy/include/message_filters/message_filters/signal9.h:170:89:\x1b[m\x1b[K \x1b[01;36m\x1b[Knote: \x1b[m\x1b[K  no known conversion for argument 1 from \xe2\x80\x98\x1b[01m\x1b[Kstd::_Bind_helper<false, const std::_Bind<void (semanticSfm::*(semanticSfm*, std::_Placeholder<1>, std::_Placeholder<2>, std::_Placeholder<3>, std::_Placeholder<4>))(std::shared_ptr<sensor_msgs::msg::Image_<std::allocator<void> > >, std::shared_ptr<sensor_msgs::msg::Image_<std::allocator<void> > >, std::shared_ptr<sensor_msgs::msg::CameraInfo_<std::allocator<void> > >, std::shared_ptr<nav_msgs::msg::Odometry_<std::allocator<void> > >)>&, const std::_Placeholder<1>&, const std::_Placeholder<2>&, const std::_Placeholder<3>&, const std::_Placeholder<4>&, const std::_Placeholder<5>&, const std::_Placeholder<6>&, const std::_Placeholder<7>&, const std::_Placeholder<8>&, const std::_Placeholder<9>&>::type\x1b[m\x1b[K\xe2\x80\x99 to \xe2\x80\x98\x1b[01m\x1b[Kconst std::function<void(const std::shared_ptr<const sensor_msgs::msg::Image_<std::allocator<void> > >&, const std::shared_ptr<const sensor_msgs::msg::Image_<std::allocator<void> > >&, const std::shared_ptr<const sensor_msgs::msg::CameraInfo_<std::allocator<void> > >&, const std::shared_ptr<const nav_msgs::msg::Odometry_<std::allocator<void> > >&, const std::shared_ptr<const message_filters::NullType>&, const std::shared_ptr<const message_filters::NullType>&, const std::shared_ptr<const message_filters::NullType>&, const std::shared_ptr<const message_filters::NullType>&, const std::shared_ptr<const message_filters::NullType>&)>&\x1b[m\x1b[K\xe2\x80\x99\n'}
[5.152254] (sfm_ros2) StderrLine: {'line': b'  170 |   Connection addCallback(\x1b[01;36m\x1b[Kconst std::function<void(P0, P1, P2, P3, P4, P5, P6, P7, P8)>& callback\x1b[m\x1b[K)\n'}
[5.152319] (sfm_ros2) StderrLine: {'line': b'      |                          \x1b[01;36m\x1b[K~~~~~~~~~~~~~~~~~~~~~~~~~~~~~~~~~~~~~~~~~~~~~~~~~~~~~~~~~~~~~~~^~~~~~~~\x1b[m\x1b[K\n'}
[5.152381] (sfm_ros2) StderrLine: {'line': b'\x1b[01m\x1b[K/opt/ros/jazzy/include/message_filters/message_filters/signal9.h:180:14:\x1b[m\x1b[K \x1b[01;36m\x1b[Knote: \x1b[m\x1b[Kcandidate: \xe2\x80\x98\x1b[01m\x1b[Ktemplate<class P0, class P1> message_filters::Connection message_filters::Signal9<M0, M1, M2, M3, M4, M5, M6, M7, M8>::\x1b[01;32m\x1b[KaddCallback\x1b[m\x1b[K(void (*)(P0, P1)) \x1b[35m\x1b[K[with P1 = P0; M0 = sensor_msgs::msg::Image_<std::allocator<void> >; M1 = sensor_msgs::msg::Image_<std::allocator<void> >; M2 = sensor_msgs::msg::CameraInfo_<std::allocator<void> >; M3 = nav_msgs::msg::Odometry_<std::allocator<void> >; M4 = message_filters::NullType; M5 = message_filters::NullType; M6 = message_filters::NullType; M7 = message_filters::NullType; M8 = message_filters::NullType]\x1b[m\x1b[K\x1b[m\x1b[K\xe2\x80\x99\n'}
[5.152450] (sfm_ros2) StderrLine: {'line': b'  180 |   Connection \x1b[01;36m\x1b[KaddCallback\x1b[m\x1b[K(void(*callback)(P0, P1))\n'}
[5.152512] (sfm_ros2) StderrLine: {'line': b'      |              \x1b[01;36m\x1b[K^~~~~~~~~~~\x1b[m\x1b[K\n'}
[5.152573] (sfm_ros2) StderrLine: {'line': b'\x1b[01m\x1b[K/opt/ros/jazzy/include/message_filters/message_filters/signal9.h:180:14:\x1b[m\x1b[K \x1b[01;36m\x1b[Knote: \x1b[m\x1b[K  template argument deduction/substitution failed:\n'}
[5.152636] (sfm_ros2) StderrLine: {'line': b'\x1b[01m\x1b[K/opt/ros/jazzy/include/message_filters/message_filters/signal9.h:280:40:\x1b[m\x1b[K \x1b[01;31m\x1b[Kerror: \x1b[m\x1b[Kwrong number of template arguments (9, should be 2)\n'}
[5.152700] (sfm_ros2) StderrLine: {'line': b'  272 |     return \x1b[01;31m\x1b[KaddCallback<const M0ConstPtr&,\x1b[m\x1b[K\n'}
[5.152760] (sfm_ros2) StderrLine: {'line': b'      |            \x1b[01;31m\x1b[K~~~~~~~~~~~~~~~~~~~~~~~~~~~~~~\x1b[m\x1b[K\n'}
[5.152820] (sfm_ros2) StderrLine: {'line': b'  273 | \x1b[01;31m\x1b[K                     const M1ConstPtr&,\x1b[m\x1b[K\n'}
[5.152879] (sfm_ros2) StderrLine: {'line': b'      |                      \x1b[01;31m\x1b[K~~~~~~~~~~~~~~~~~~\x1b[m\x1b[K \n'}
[5.152939] (sfm_ros2) StderrLine: {'line': b'  274 | \x1b[01;31m\x1b[K                     const M2ConstPtr&,\x1b[m\x1b[K\n'}
[5.153000] (sfm_ros2) StderrLine: {'line': b'      |                      \x1b[01;31m\x1b[K~~~~~~~~~~~~~~~~~~\x1b[m\x1b[K \n'}
[5.153060] (sfm_ros2) StderrLine: {'line': b'  275 | \x1b[01;31m\x1b[K                     const M3ConstPtr&,\x1b[m\x1b[K\n'}
[5.153119] (sfm_ros2) StderrLine: {'line': b'      |                      \x1b[01;31m\x1b[K~~~~~~~~~~~~~~~~~~\x1b[m\x1b[K \n'}
[5.153179] (sfm_ros2) StderrLine: {'line': b'  276 | \x1b[01;31m\x1b[K                     const M4ConstPtr&,\x1b[m\x1b[K\n'}
[5.153239] (sfm_ros2) StderrLine: {'line': b'      |                      \x1b[01;31m\x1b[K~~~~~~~~~~~~~~~~~~\x1b[m\x1b[K \n'}
[5.153299] (sfm_ros2) StderrLine: {'line': b'  277 | \x1b[01;31m\x1b[K                     const M5ConstPtr&,\x1b[m\x1b[K\n'}
[5.153359] (sfm_ros2) StderrLine: {'line': b'      |                      \x1b[01;31m\x1b[K~~~~~~~~~~~~~~~~~~\x1b[m\x1b[K \n'}
[5.153419] (sfm_ros2) StderrLine: {'line': b'  278 | \x1b[01;31m\x1b[K                     const M6ConstPtr&,\x1b[m\x1b[K\n'}
[5.153478] (sfm_ros2) StderrLine: {'line': b'      |                      \x1b[01;31m\x1b[K~~~~~~~~~~~~~~~~~~\x1b[m\x1b[K \n'}
[5.153538] (sfm_ros2) StderrLine: {'line': b'  279 | \x1b[01;31m\x1b[K                     const M7ConstPtr&,\x1b[m\x1b[K\n'}
[5.153600] (sfm_ros2) StderrLine: {'line': b'      |                      \x1b[01;31m\x1b[K~~~~~~~~~~~~~~~~~~\x1b[m\x1b[K \n'}
[5.153661] (sfm_ros2) StderrLine: {'line': b'  280 | \x1b[01;31m\x1b[K                     const M8ConstPtr&>(std::bind(callback, std::placeholders::_1, std::placeholders::_2, std::placeholders::_3, std::placeholders::_4, std::placeholders::_5, std::placeholders::_6, std::placeholders::_7, std::placeholders::_8, std::placeholders::_9))\x1b[m\x1b[K;\n'}
[5.153722] (sfm_ros2) StderrLine: {'line': b'      |                      \x1b[01;31m\x1b[K~~~~~~~~~~~~~~~~~~^~~~~~~~~~~~~~~~~~~~~~~~~~~~~~~~~~~~~~~~~~~~~~~~~~~~~~~~~~~~~~~~~~~~~~~~~~~~~~~~~~~~~~~~~~~~~~~~~~~~~~~~~~~~~~~~~~~~~~~~~~~~~~~~~~~~~~~~~~~~~~~~~~~~~~~~~~~~~~~~~~~~~~~~~~~~~~~~~~~~~~~~~~~~~~~~~~~~~~~~~~~~~~~~~~~~~~~~~~~~~~~~~~~~\x1b[m\x1b[K\n'}
[5.153782] (sfm_ros2) StderrLine: {'line': b'\x1b[01m\x1b[K/opt/ros/jazzy/include/message_filters/message_filters/signal9.h:180:14:\x1b[m\x1b[K \x1b[01;36m\x1b[Knote: \x1b[m\x1b[Kprovided for \xe2\x80\x98\x1b[01m\x1b[Ktemplate<class P0, class P1> message_filters::Connection message_filters::Signal9<M0, M1, M2, M3, M4, M5, M6, M7, M8>::\x1b[01;32m\x1b[KaddCallback\x1b[m\x1b[K(void (*)(P0, P1)) \x1b[35m\x1b[K[with P1 = P0; M0 = sensor_msgs::msg::Image_<std::allocator<void> >; M1 = sensor_msgs::msg::Image_<std::allocator<void> >; M2 = sensor_msgs::msg::CameraInfo_<std::allocator<void> >; M3 = nav_msgs::msg::Odometry_<std::allocator<void> >; M4 = message_filters::NullType; M5 = message_filters::NullType; M6 = message_filters::NullType; M7 = message_filters::NullType; M8 = message_filters::NullType]\x1b[m\x1b[K\x1b[m\x1b[K\xe2\x80\x99\n'}
[5.153848] (sfm_ros2) StderrLine: {'line': b'  180 |   Connection \x1b[01;36m\x1b[KaddCallback\x1b[m\x1b[K(void(*callback)(P0, P1))\n'}
[5.153908] (sfm_ros2) StderrLine: {'line': b'      |              \x1b[01;36m\x1b[K^~~~~~~~~~~\x1b[m\x1b[K\n'}
[5.153968] (sfm_ros2) StderrLine: {'line': b'\x1b[01m\x1b[K/opt/ros/jazzy/include/message_filters/message_filters/signal9.h:186:14:\x1b[m\x1b[K \x1b[01;36m\x1b[Knote: \x1b[m\x1b[Kcandidate: \xe2\x80\x98\x1b[01m\x1b[Ktemplate<class P0, class P1, class P2> message_filters::Connection message_filters::Signal9<M0, M1, M2, M3, M4, M5, M6, M7, M8>::\x1b[01;32m\x1b[KaddCallback\x1b[m\x1b[K(void (*)(P0, P1, P2)) \x1b[35m\x1b[K[with P1 = P0; P2 = P1; M0 = sensor_msgs::msg::Image_<std::allocator<void> >; M1 = sensor_msgs::msg::Image_<std::allocator<void> >; M2 = sensor_msgs::msg::CameraInfo_<std::allocator<void> >; M3 = nav_msgs::msg::Odometry_<std::allocator<void> >; M4 = message_filters::NullType; M5 = message_filters::NullType; M6 = message_filters::NullType; M7 = message_filters::NullType; M8 = message_filters::NullType]\x1b[m\x1b[K\x1b[m\x1b[K\xe2\x80\x99\n'}
[5.154115] (sfm_ros2) StderrLine: {'line': b'  186 |   Connection \x1b[01;36m\x1b[KaddCallback\x1b[m\x1b[K(void(*callback)(P0, P1, P2))\n'}
[5.154170] (sfm_ros2) StderrLine: {'line': b'      |              \x1b[01;36m\x1b[K^~~~~~~~~~~\x1b[m\x1b[K\n'}
[5.154206] (sfm_ros2) StderrLine: {'line': b'\x1b[01m\x1b[K/opt/ros/jazzy/include/message_filters/message_filters/signal9.h:186:14:\x1b[m\x1b[K \x1b[01;36m\x1b[Knote: \x1b[m\x1b[K  template argument deduction/substitution failed:\n'}
[5.154240] (sfm_ros2) StderrLine: {'line': b'\x1b[01m\x1b[K/opt/ros/jazzy/include/message_filters/message_filters/signal9.h:280:40:\x1b[m\x1b[K \x1b[01;31m\x1b[Kerror: \x1b[m\x1b[Kwrong number of template arguments (9, should be 3)\n'}
[5.154273] (sfm_ros2) StderrLine: {'line': b'  272 |     return \x1b[01;31m\x1b[KaddCallback<const M0ConstPtr&,\x1b[m\x1b[K\n'}
[5.154306] (sfm_ros2) StderrLine: {'line': b'      |            \x1b[01;31m\x1b[K~~~~~~~~~~~~~~~~~~~~~~~~~~~~~~\x1b[m\x1b[K\n'}
[5.154339] (sfm_ros2) StderrLine: {'line': b'  273 | \x1b[01;31m\x1b[K                     const M1ConstPtr&,\x1b[m\x1b[K\n'}
[5.154371] (sfm_ros2) StderrLine: {'line': b'      |                      \x1b[01;31m\x1b[K~~~~~~~~~~~~~~~~~~\x1b[m\x1b[K \n'}
[5.154403] (sfm_ros2) StderrLine: {'line': b'  274 | \x1b[01;31m\x1b[K                     const M2ConstPtr&,\x1b[m\x1b[K\n'}
[5.154434] (sfm_ros2) StderrLine: {'line': b'      |                      \x1b[01;31m\x1b[K~~~~~~~~~~~~~~~~~~\x1b[m\x1b[K \n'}
[5.154465] (sfm_ros2) StderrLine: {'line': b'  275 | \x1b[01;31m\x1b[K                     const M3ConstPtr&,\x1b[m\x1b[K\n'}
[5.154498] (sfm_ros2) StderrLine: {'line': b'      |                      \x1b[01;31m\x1b[K~~~~~~~~~~~~~~~~~~\x1b[m\x1b[K \n'}
[5.154529] (sfm_ros2) StderrLine: {'line': b'  276 | \x1b[01;31m\x1b[K                     const M4ConstPtr&,\x1b[m\x1b[K\n'}
[5.154560] (sfm_ros2) StderrLine: {'line': b'      |                      \x1b[01;31m\x1b[K~~~~~~~~~~~~~~~~~~\x1b[m\x1b[K \n'}
[5.154591] (sfm_ros2) StderrLine: {'line': b'  277 | \x1b[01;31m\x1b[K                     const M5ConstPtr&,\x1b[m\x1b[K\n'}
[5.154620] (sfm_ros2) StderrLine: {'line': b'      |                      \x1b[01;31m\x1b[K~~~~~~~~~~~~~~~~~~\x1b[m\x1b[K \n'}
[5.154654] (sfm_ros2) StderrLine: {'line': b'  278 | \x1b[01;31m\x1b[K                     const M6ConstPtr&,\x1b[m\x1b[K\n'}
[5.154685] (sfm_ros2) StderrLine: {'line': b'      |                      \x1b[01;31m\x1b[K~~~~~~~~~~~~~~~~~~\x1b[m\x1b[K \n'}
[5.154715] (sfm_ros2) StderrLine: {'line': b'  279 | \x1b[01;31m\x1b[K                     const M7ConstPtr&,\x1b[m\x1b[K\n'}
[5.154746] (sfm_ros2) StderrLine: {'line': b'      |                      \x1b[01;31m\x1b[K~~~~~~~~~~~~~~~~~~\x1b[m\x1b[K \n'}
[5.154777] (sfm_ros2) StderrLine: {'line': b'  280 | \x1b[01;31m\x1b[K                     const M8ConstPtr&>(std::bind(callback, std::placeholders::_1, std::placeholders::_2, std::placeholders::_3, std::placeholders::_4, std::placeholders::_5, std::placeholders::_6, std::placeholders::_7, std::placeholders::_8, std::placeholders::_9))\x1b[m\x1b[K;\n'}
[5.154812] (sfm_ros2) StderrLine: {'line': b'      |                      \x1b[01;31m\x1b[K~~~~~~~~~~~~~~~~~~^~~~~~~~~~~~~~~~~~~~~~~~~~~~~~~~~~~~~~~~~~~~~~~~~~~~~~~~~~~~~~~~~~~~~~~~~~~~~~~~~~~~~~~~~~~~~~~~~~~~~~~~~~~~~~~~~~~~~~~~~~~~~~~~~~~~~~~~~~~~~~~~~~~~~~~~~~~~~~~~~~~~~~~~~~~~~~~~~~~~~~~~~~~~~~~~~~~~~~~~~~~~~~~~~~~~~~~~~~~~~~~~~~~~\x1b[m\x1b[K\n'}
[5.154844] (sfm_ros2) StderrLine: {'line': b'\x1b[01m\x1b[K/opt/ros/jazzy/include/message_filters/message_filters/signal9.h:186:14:\x1b[m\x1b[K \x1b[01;36m\x1b[Knote: \x1b[m\x1b[Kprovided for \xe2\x80\x98\x1b[01m\x1b[Ktemplate<class P0, class P1, class P2> message_filters::Connection message_filters::Signal9<M0, M1, M2, M3, M4, M5, M6, M7, M8>::\x1b[01;32m\x1b[KaddCallback\x1b[m\x1b[K(void (*)(P0, P1, P2)) \x1b[35m\x1b[K[with P1 = P0; P2 = P1; M0 = sensor_msgs::msg::Image_<std::allocator<void> >; M1 = sensor_msgs::msg::Image_<std::allocator<void> >; M2 = sensor_msgs::msg::CameraInfo_<std::allocator<void> >; M3 = nav_msgs::msg::Odometry_<std::allocator<void> >; M4 = message_filters::NullType; M5 = message_filters::NullType; M6 = message_filters::NullType; M7 = message_filters::NullType; M8 = message_filters::NullType]\x1b[m\x1b[K\x1b[m\x1b[K\xe2\x80\x99\n'}
[5.154879] (sfm_ros2) StderrLine: {'line': b'  186 |   Connection \x1b[01;36m\x1b[KaddCallback\x1b[m\x1b[K(void(*callback)(P0, P1, P2))\n'}
[5.154910] (sfm_ros2) StderrLine: {'line': b'      |              \x1b[01;36m\x1b[K^~~~~~~~~~~\x1b[m\x1b[K\n'}
[5.154941] (sfm_ros2) StderrLine: {'line': b'\x1b[01m\x1b[K/opt/ros/jazzy/include/message_filters/message_filters/signal9.h:192:14:\x1b[m\x1b[K \x1b[01;36m\x1b[Knote: \x1b[m\x1b[Kcandidate: \xe2\x80\x98\x1b[01m\x1b[Ktemplate<class P0, class P1, class P2, class P3> message_filters::Connection message_filters::Signal9<M0, M1, M2, M3, M4, M5, M6, M7, M8>::\x1b[01;32m\x1b[KaddCallback\x1b[m\x1b[K(void (*)(P0, P1, P2, P3)) \x1b[35m\x1b[K[with P1 = P0; P2 = P1; P3 = P2; M0 = sensor_msgs::msg::Image_<std::allocator<void> >; M1 = sensor_msgs::msg::Image_<std::allocator<void> >; M2 = sensor_msgs::msg::CameraInfo_<std::allocator<void> >; M3 = nav_msgs::msg::Odometry_<std::allocator<void> >; M4 = message_filters::NullType; M5 = message_filters::NullType; M6 = message_filters::NullType; M7 = message_filters::NullType; M8 = message_filters::NullType]\x1b[m\x1b[K\x1b[m\x1b[K\xe2\x80\x99\n'}
[5.154978] (sfm_ros2) StderrLine: {'line': b'  192 |   Connection \x1b[01;36m\x1b[KaddCallback\x1b[m\x1b[K(void(*callback)(P0, P1, P2, P3))\n'}
[5.155009] (sfm_ros2) StderrLine: {'line': b'      |              \x1b[01;36m\x1b[K^~~~~~~~~~~\x1b[m\x1b[K\n'}
[5.155041] (sfm_ros2) StderrLine: {'line': b'\x1b[01m\x1b[K/opt/ros/jazzy/include/message_filters/message_filters/signal9.h:192:14:\x1b[m\x1b[K \x1b[01;36m\x1b[Knote: \x1b[m\x1b[K  template argument deduction/substitution failed:\n'}
[5.155073] (sfm_ros2) StderrLine: {'line': b'\x1b[01m\x1b[K/opt/ros/jazzy/include/message_filters/message_filters/signal9.h:280:40:\x1b[m\x1b[K \x1b[01;31m\x1b[Kerror: \x1b[m\x1b[Kwrong number of template arguments (9, should be 4)\n'}
[5.155104] (sfm_ros2) StderrLine: {'line': b'  272 |     return \x1b[01;31m\x1b[KaddCallback<const M0ConstPtr&,\x1b[m\x1b[K\n'}
[5.155137] (sfm_ros2) StderrLine: {'line': b'      |            \x1b[01;31m\x1b[K~~~~~~~~~~~~~~~~~~~~~~~~~~~~~~\x1b[m\x1b[K\n'}
[5.155168] (sfm_ros2) StderrLine: {'line': b'  273 | \x1b[01;31m\x1b[K                     const M1ConstPtr&,\x1b[m\x1b[K\n'}
[5.155200] (sfm_ros2) StderrLine: {'line': b'      |                      \x1b[01;31m\x1b[K~~~~~~~~~~~~~~~~~~\x1b[m\x1b[K \n'}
[5.155230] (sfm_ros2) StderrLine: {'line': b'  274 | \x1b[01;31m\x1b[K                     const M2ConstPtr&,\x1b[m\x1b[K\n'}
[5.155260] (sfm_ros2) StderrLine: {'line': b'      |                      \x1b[01;31m\x1b[K~~~~~~~~~~~~~~~~~~\x1b[m\x1b[K \n'}
[5.155290] (sfm_ros2) StderrLine: {'line': b'  275 | \x1b[01;31m\x1b[K                     const M3ConstPtr&,\x1b[m\x1b[K\n'}
[5.155321] (sfm_ros2) StderrLine: {'line': b'      |                      \x1b[01;31m\x1b[K~~~~~~~~~~~~~~~~~~\x1b[m\x1b[K \n'}
[5.155351] (sfm_ros2) StderrLine: {'line': b'  276 | \x1b[01;31m\x1b[K                     const M4ConstPtr&,\x1b[m\x1b[K\n'}
[5.155381] (sfm_ros2) StderrLine: {'line': b'      |                      \x1b[01;31m\x1b[K~~~~~~~~~~~~~~~~~~\x1b[m\x1b[K \n'}
[5.155411] (sfm_ros2) StderrLine: {'line': b'  277 | \x1b[01;31m\x1b[K                     const M5ConstPtr&,\x1b[m\x1b[K\n'}
[5.155444] (sfm_ros2) StderrLine: {'line': b'      |                      \x1b[01;31m\x1b[K~~~~~~~~~~~~~~~~~~\x1b[m\x1b[K \n'}
[5.155476] (sfm_ros2) StderrLine: {'line': b'  278 | \x1b[01;31m\x1b[K                     const M6ConstPtr&,\x1b[m\x1b[K\n'}
[5.155507] (sfm_ros2) StderrLine: {'line': b'      |                      \x1b[01;31m\x1b[K~~~~~~~~~~~~~~~~~~\x1b[m\x1b[K \n'}
[5.155537] (sfm_ros2) StderrLine: {'line': b'  279 | \x1b[01;31m\x1b[K                     const M7ConstPtr&,\x1b[m\x1b[K\n'}
[5.155566] (sfm_ros2) StderrLine: {'line': b'      |                      \x1b[01;31m\x1b[K~~~~~~~~~~~~~~~~~~\x1b[m\x1b[K \n'}
[5.155596] (sfm_ros2) StderrLine: {'line': b'  280 | \x1b[01;31m\x1b[K                     const M8ConstPtr&>(std::bind(callback, std::placeholders::_1, std::placeholders::_2, std::placeholders::_3, std::placeholders::_4, std::placeholders::_5, std::placeholders::_6, std::placeholders::_7, std::placeholders::_8, std::placeholders::_9))\x1b[m\x1b[K;\n'}
[5.155629] (sfm_ros2) StderrLine: {'line': b'      |                      \x1b[01;31m\x1b[K~~~~~~~~~~~~~~~~~~^~~~~~~~~~~~~~~~~~~~~~~~~~~~~~~~~~~~~~~~~~~~~~~~~~~~~~~~~~~~~~~~~~~~~~~~~~~~~~~~~~~~~~~~~~~~~~~~~~~~~~~~~~~~~~~~~~~~~~~~~~~~~~~~~~~~~~~~~~~~~~~~~~~~~~~~~~~~~~~~~~~~~~~~~~~~~~~~~~~~~~~~~~~~~~~~~~~~~~~~~~~~~~~~~~~~~~~~~~~~~~~~~~~~\x1b[m\x1b[K\n'}
[5.155662] (sfm_ros2) StderrLine: {'line': b'\x1b[01m\x1b[K/opt/ros/jazzy/include/message_filters/message_filters/signal9.h:192:14:\x1b[m\x1b[K \x1b[01;36m\x1b[Knote: \x1b[m\x1b[Kprovided for \xe2\x80\x98\x1b[01m\x1b[Ktemplate<class P0, class P1, class P2, class P3> message_filters::Connection message_filters::Signal9<M0, M1, M2, M3, M4, M5, M6, M7, M8>::\x1b[01;32m\x1b[KaddCallback\x1b[m\x1b[K(void (*)(P0, P1, P2, P3)) \x1b[35m\x1b[K[with P1 = P0; P2 = P1; P3 = P2; M0 = sensor_msgs::msg::Image_<std::allocator<void> >; M1 = sensor_msgs::msg::Image_<std::allocator<void> >; M2 = sensor_msgs::msg::CameraInfo_<std::allocator<void> >; M3 = nav_msgs::msg::Odometry_<std::allocator<void> >; M4 = message_filters::NullType; M5 = message_filters::NullType; M6 = message_filters::NullType; M7 = message_filters::NullType; M8 = message_filters::NullType]\x1b[m\x1b[K\x1b[m\x1b[K\xe2\x80\x99\n'}
[5.155695] (sfm_ros2) StderrLine: {'line': b'  192 |   Connection \x1b[01;36m\x1b[KaddCallback\x1b[m\x1b[K(void(*callback)(P0, P1, P2, P3))\n'}
[5.155727] (sfm_ros2) StderrLine: {'line': b'      |              \x1b[01;36m\x1b[K^~~~~~~~~~~\x1b[m\x1b[K\n'}
[5.155757] (sfm_ros2) StderrLine: {'line': b'\x1b[01m\x1b[K/opt/ros/jazzy/include/message_filters/message_filters/signal9.h:198:14:\x1b[m\x1b[K \x1b[01;36m\x1b[Knote: \x1b[m\x1b[Kcandidate: \xe2\x80\x98\x1b[01m\x1b[Ktemplate<class P0, class P1, class P2, class P3, class P4> message_filters::Connection message_filters::Signal9<M0, M1, M2, M3, M4, M5, M6, M7, M8>::\x1b[01;32m\x1b[KaddCallback\x1b[m\x1b[K(void (*)(P0, P1, P2, P3, P4)) \x1b[35m\x1b[K[with P1 = P0; P2 = P1; P3 = P2; P4 = P3; M0 = sensor_msgs::msg::Image_<std::allocator<void> >; M1 = sensor_msgs::msg::Image_<std::allocator<void> >; M2 = sensor_msgs::msg::CameraInfo_<std::allocator<void> >; M3 = nav_msgs::msg::Odometry_<std::allocator<void> >; M4 = message_filters::NullType; M5 = message_filters::NullType; M6 = message_filters::NullType; M7 = message_filters::NullType; M8 = message_filters::NullType]\x1b[m\x1b[K\x1b[m\x1b[K\xe2\x80\x99\n'}
[5.155792] (sfm_ros2) StderrLine: {'line': b'  198 |   Connection \x1b[01;36m\x1b[KaddCallback\x1b[m\x1b[K(void(*callback)(P0, P1, P2, P3, P4))\n'}
[5.155824] (sfm_ros2) StderrLine: {'line': b'      |              \x1b[01;36m\x1b[K^~~~~~~~~~~\x1b[m\x1b[K\n'}
[5.155855] (sfm_ros2) StderrLine: {'line': b'\x1b[01m\x1b[K/opt/ros/jazzy/include/message_filters/message_filters/signal9.h:198:14:\x1b[m\x1b[K \x1b[01;36m\x1b[Knote: \x1b[m\x1b[K  template argument deduction/substitution failed:\n'}
[5.155887] (sfm_ros2) StderrLine: {'line': b'\x1b[01m\x1b[K/opt/ros/jazzy/include/message_filters/message_filters/signal9.h:280:40:\x1b[m\x1b[K \x1b[01;31m\x1b[Kerror: \x1b[m\x1b[Kwrong number of template arguments (9, should be 5)\n'}
[5.155919] (sfm_ros2) StderrLine: {'line': b'  272 |     return \x1b[01;31m\x1b[KaddCallback<const M0ConstPtr&,\x1b[m\x1b[K\n'}
[5.155949] (sfm_ros2) StderrLine: {'line': b'      |            \x1b[01;31m\x1b[K~~~~~~~~~~~~~~~~~~~~~~~~~~~~~~\x1b[m\x1b[K\n'}
[5.155981] (sfm_ros2) StderrLine: {'line': b'  273 | \x1b[01;31m\x1b[K                     const M1ConstPtr&,\x1b[m\x1b[K\n'}
[5.156011] (sfm_ros2) StderrLine: {'line': b'      |                      \x1b[01;31m\x1b[K~~~~~~~~~~~~~~~~~~\x1b[m\x1b[K \n'}
[5.156043] (sfm_ros2) StderrLine: {'line': b'  274 | \x1b[01;31m\x1b[K                     const M2ConstPtr&,\x1b[m\x1b[K\n'}
[5.156074] (sfm_ros2) StderrLine: {'line': b'      |                      \x1b[01;31m\x1b[K~~~~~~~~~~~~~~~~~~\x1b[m\x1b[K \n'}
[5.156105] (sfm_ros2) StderrLine: {'line': b'  275 | \x1b[01;31m\x1b[K                     const M3ConstPtr&,\x1b[m\x1b[K\n'}
[5.156136] (sfm_ros2) StderrLine: {'line': b'      |                      \x1b[01;31m\x1b[K~~~~~~~~~~~~~~~~~~\x1b[m\x1b[K \n'}
[5.156166] (sfm_ros2) StderrLine: {'line': b'  276 | \x1b[01;31m\x1b[K                     const M4ConstPtr&,\x1b[m\x1b[K\n'}
[5.156197] (sfm_ros2) StderrLine: {'line': b'      |                      \x1b[01;31m\x1b[K~~~~~~~~~~~~~~~~~~\x1b[m\x1b[K \n'}
[5.156228] (sfm_ros2) StderrLine: {'line': b'  277 | \x1b[01;31m\x1b[K                     const M5ConstPtr&,\x1b[m\x1b[K\n'}
[5.156257] (sfm_ros2) StderrLine: {'line': b'      |                      \x1b[01;31m\x1b[K~~~~~~~~~~~~~~~~~~\x1b[m\x1b[K \n'}
[5.156287] (sfm_ros2) StderrLine: {'line': b'  278 | \x1b[01;31m\x1b[K                     const M6ConstPtr&,\x1b[m\x1b[K\n'}
[5.156317] (sfm_ros2) StderrLine: {'line': b'      |                      \x1b[01;31m\x1b[K~~~~~~~~~~~~~~~~~~\x1b[m\x1b[K \n'}
[5.156347] (sfm_ros2) StderrLine: {'line': b'  279 | \x1b[01;31m\x1b[K                     const M7ConstPtr&,\x1b[m\x1b[K\n'}
[5.156376] (sfm_ros2) StderrLine: {'line': b'      |                      \x1b[01;31m\x1b[K~~~~~~~~~~~~~~~~~~\x1b[m\x1b[K \n'}
[5.156406] (sfm_ros2) StderrLine: {'line': b'  280 | \x1b[01;31m\x1b[K                     const M8ConstPtr&>(std::bind(callback, std::placeholders::_1, std::placeholders::_2, std::placeholders::_3, std::placeholders::_4, std::placeholders::_5, std::placeholders::_6, std::placeholders::_7, std::placeholders::_8, std::placeholders::_9))\x1b[m\x1b[K;\n'}
[5.156440] (sfm_ros2) StderrLine: {'line': b'      |                      \x1b[01;31m\x1b[K~~~~~~~~~~~~~~~~~~^~~~~~~~~~~~~~~~~~~~~~~~~~~~~~~~~~~~~~~~~~~~~~~~~~~~~~~~~~~~~~~~~~~~~~~~~~~~~~~~~~~~~~~~~~~~~~~~~~~~~~~~~~~~~~~~~~~~~~~~~~~~~~~~~~~~~~~~~~~~~~~~~~~~~~~~~~~~~~~~~~~~~~~~~~~~~~~~~~~~~~~~~~~~~~~~~~~~~~~~~~~~~~~~~~~~~~~~~~~~~~~~~~~~\x1b[m\x1b[K\n'}
[5.156472] (sfm_ros2) StderrLine: {'line': b'\x1b[01m\x1b[K/opt/ros/jazzy/include/message_filters/message_filters/signal9.h:198:14:\x1b[m\x1b[K \x1b[01;36m\x1b[Knote: \x1b[m\x1b[Kprovided for \xe2\x80\x98\x1b[01m\x1b[Ktemplate<class P0, class P1, class P2, class P3, class P4> message_filters::Connection message_filters::Signal9<M0, M1, M2, M3, M4, M5, M6, M7, M8>::\x1b[01;32m\x1b[KaddCallback\x1b[m\x1b[K(void (*)(P0, P1, P2, P3, P4)) \x1b[35m\x1b[K[with P1 = P0; P2 = P1; P3 = P2; P4 = P3; M0 = sensor_msgs::msg::Image_<std::allocator<void> >; M1 = sensor_msgs::msg::Image_<std::allocator<void> >; M2 = sensor_msgs::msg::CameraInfo_<std::allocator<void> >; M3 = nav_msgs::msg::Odometry_<std::allocator<void> >; M4 = message_filters::NullType; M5 = message_filters::NullType; M6 = message_filters::NullType; M7 = message_filters::NullType; M8 = message_filters::NullType]\x1b[m\x1b[K\x1b[m\x1b[K\xe2\x80\x99\n'}
[5.156505] (sfm_ros2) StderrLine: {'line': b'  198 |   Connection \x1b[01;36m\x1b[KaddCallback\x1b[m\x1b[K(void(*callback)(P0, P1, P2, P3, P4))\n'}
[5.156536] (sfm_ros2) StderrLine: {'line': b'      |              \x1b[01;36m\x1b[K^~~~~~~~~~~\x1b[m\x1b[K\n'}
[5.156568] (sfm_ros2) StderrLine: {'line': b'\x1b[01m\x1b[K/opt/ros/jazzy/include/message_filters/message_filters/signal9.h:204:14:\x1b[m\x1b[K \x1b[01;36m\x1b[Knote: \x1b[m\x1b[Kcandidate: \xe2\x80\x98\x1b[01m\x1b[Ktemplate<class P0, class P1, class P2, class P3, class P4, class P5> message_filters::Connection message_filters::Signal9<M0, M1, M2, M3, M4, M5, M6, M7, M8>::\x1b[01;32m\x1b[KaddCallback\x1b[m\x1b[K(void (*)(P0, P1, P2, P3, P4, P5)) \x1b[35m\x1b[K[with P1 = P0; P2 = P1; P3 = P2; P4 = P3; P5 = P4; M0 = sensor_msgs::msg::Image_<std::allocator<void> >; M1 = sensor_msgs::msg::Image_<std::allocator<void> >; M2 = sensor_msgs::msg::CameraInfo_<std::allocator<void> >; M3 = nav_msgs::msg::Odometry_<std::allocator<void> >; M4 = message_filters::NullType; M5 = message_filters::NullType; M6 = message_filters::NullType; M7 = message_filters::NullType; M8 = message_filters::NullType]\x1b[m\x1b[K\x1b[m\x1b[K\xe2\x80\x99\n'}
[5.156602] (sfm_ros2) StderrLine: {'line': b'  204 |   Connection \x1b[01;36m\x1b[KaddCallback\x1b[m\x1b[K(void(*callback)(P0, P1, P2, P3, P4, P5))\n'}
[5.156632] (sfm_ros2) StderrLine: {'line': b'      |              \x1b[01;36m\x1b[K^~~~~~~~~~~\x1b[m\x1b[K\n'}
[5.156662] (sfm_ros2) StderrLine: {'line': b'\x1b[01m\x1b[K/opt/ros/jazzy/include/message_filters/message_filters/signal9.h:204:14:\x1b[m\x1b[K \x1b[01;36m\x1b[Knote: \x1b[m\x1b[K  template argument deduction/substitution failed:\n'}
[5.156695] (sfm_ros2) StderrLine: {'line': b'\x1b[01m\x1b[K/opt/ros/jazzy/include/message_filters/message_filters/signal9.h:280:40:\x1b[m\x1b[K \x1b[01;31m\x1b[Kerror: \x1b[m\x1b[Kwrong number of template arguments (9, should be 6)\n'}
[5.156726] (sfm_ros2) StderrLine: {'line': b'  272 |     return \x1b[01;31m\x1b[KaddCallback<const M0ConstPtr&,\x1b[m\x1b[K\n'}
[5.156758] (sfm_ros2) StderrLine: {'line': b'      |            \x1b[01;31m\x1b[K~~~~~~~~~~~~~~~~~~~~~~~~~~~~~~\x1b[m\x1b[K\n'}
[5.156789] (sfm_ros2) StderrLine: {'line': b'  273 | \x1b[01;31m\x1b[K                     const M1ConstPtr&,\x1b[m\x1b[K\n'}
[5.156819] (sfm_ros2) StderrLine: {'line': b'      |                      \x1b[01;31m\x1b[K~~~~~~~~~~~~~~~~~~\x1b[m\x1b[K \n'}
[5.156849] (sfm_ros2) StderrLine: {'line': b'  274 | \x1b[01;31m\x1b[K                     const M2ConstPtr&,\x1b[m\x1b[K\n'}
[5.156878] (sfm_ros2) StderrLine: {'line': b'      |                      \x1b[01;31m\x1b[K~~~~~~~~~~~~~~~~~~\x1b[m\x1b[K \n'}
[5.156909] (sfm_ros2) StderrLine: {'line': b'  275 | \x1b[01;31m\x1b[K                     const M3ConstPtr&,\x1b[m\x1b[K\n'}
[5.156939] (sfm_ros2) StderrLine: {'line': b'      |                      \x1b[01;31m\x1b[K~~~~~~~~~~~~~~~~~~\x1b[m\x1b[K \n'}
[5.156970] (sfm_ros2) StderrLine: {'line': b'  276 | \x1b[01;31m\x1b[K                     const M4ConstPtr&,\x1b[m\x1b[K\n'}
[5.157000] (sfm_ros2) StderrLine: {'line': b'      |                      \x1b[01;31m\x1b[K~~~~~~~~~~~~~~~~~~\x1b[m\x1b[K \n'}
[5.157032] (sfm_ros2) StderrLine: {'line': b'  277 | \x1b[01;31m\x1b[K                     const M5ConstPtr&,\x1b[m\x1b[K\n'}
[5.157061] (sfm_ros2) StderrLine: {'line': b'      |                      \x1b[01;31m\x1b[K~~~~~~~~~~~~~~~~~~\x1b[m\x1b[K \n'}
[5.157091] (sfm_ros2) StderrLine: {'line': b'  278 | \x1b[01;31m\x1b[K                     const M6ConstPtr&,\x1b[m\x1b[K\n'}
[5.157120] (sfm_ros2) StderrLine: {'line': b'      |                      \x1b[01;31m\x1b[K~~~~~~~~~~~~~~~~~~\x1b[m\x1b[K \n'}
[5.157150] (sfm_ros2) StderrLine: {'line': b'  279 | \x1b[01;31m\x1b[K                     const M7ConstPtr&,\x1b[m\x1b[K\n'}
[5.157180] (sfm_ros2) StderrLine: {'line': b'      |                      \x1b[01;31m\x1b[K~~~~~~~~~~~~~~~~~~\x1b[m\x1b[K \n'}
[5.157211] (sfm_ros2) StderrLine: {'line': b'  280 | \x1b[01;31m\x1b[K                     const M8ConstPtr&>(std::bind(callback, std::placeholders::_1, std::placeholders::_2, std::placeholders::_3, std::placeholders::_4, std::placeholders::_5, std::placeholders::_6, std::placeholders::_7, std::placeholders::_8, std::placeholders::_9))\x1b[m\x1b[K;\n'}
[5.157246] (sfm_ros2) StderrLine: {'line': b'      |                      \x1b[01;31m\x1b[K~~~~~~~~~~~~~~~~~~^~~~~~~~~~~~~~~~~~~~~~~~~~~~~~~~~~~~~~~~~~~~~~~~~~~~~~~~~~~~~~~~~~~~~~~~~~~~~~~~~~~~~~~~~~~~~~~~~~~~~~~~~~~~~~~~~~~~~~~~~~~~~~~~~~~~~~~~~~~~~~~~~~~~~~~~~~~~~~~~~~~~~~~~~~~~~~~~~~~~~~~~~~~~~~~~~~~~~~~~~~~~~~~~~~~~~~~~~~~~~~~~~~~~\x1b[m\x1b[K\n'}
[5.157277] (sfm_ros2) StderrLine: {'line': b'\x1b[01m\x1b[K/opt/ros/jazzy/include/message_filters/message_filters/signal9.h:204:14:\x1b[m\x1b[K \x1b[01;36m\x1b[Knote: \x1b[m\x1b[Kprovided for \xe2\x80\x98\x1b[01m\x1b[Ktemplate<class P0, class P1, class P2, class P3, class P4, class P5> message_filters::Connection message_filters::Signal9<M0, M1, M2, M3, M4, M5, M6, M7, M8>::\x1b[01;32m\x1b[KaddCallback\x1b[m\x1b[K(void (*)(P0, P1, P2, P3, P4, P5)) \x1b[35m\x1b[K[with P1 = P0; P2 = P1; P3 = P2; P4 = P3; P5 = P4; M0 = sensor_msgs::msg::Image_<std::allocator<void> >; M1 = sensor_msgs::msg::Image_<std::allocator<void> >; M2 = sensor_msgs::msg::CameraInfo_<std::allocator<void> >; M3 = nav_msgs::msg::Odometry_<std::allocator<void> >; M4 = message_filters::NullType; M5 = message_filters::NullType; M6 = message_filters::NullType; M7 = message_filters::NullType; M8 = message_filters::NullType]\x1b[m\x1b[K\x1b[m\x1b[K\xe2\x80\x99\n'}
[5.157311] (sfm_ros2) StderrLine: {'line': b'  204 |   Connection \x1b[01;36m\x1b[KaddCallback\x1b[m\x1b[K(void(*callback)(P0, P1, P2, P3, P4, P5))\n'}
[5.157341] (sfm_ros2) StderrLine: {'line': b'      |              \x1b[01;36m\x1b[K^~~~~~~~~~~\x1b[m\x1b[K\n'}
[5.157372] (sfm_ros2) StderrLine: {'line': b'\x1b[01m\x1b[K/opt/ros/jazzy/include/message_filters/message_filters/signal9.h:210:14:\x1b[m\x1b[K \x1b[01;36m\x1b[Knote: \x1b[m\x1b[Kcandidate: \xe2\x80\x98\x1b[01m\x1b[Ktemplate<class P0, class P1, class P2, class P3, class P4, class P5, class P6> message_filters::Connection message_filters::Signal9<M0, M1, M2, M3, M4, M5, M6, M7, M8>::\x1b[01;32m\x1b[KaddCallback\x1b[m\x1b[K(void (*)(P0, P1, P2, P3, P4, P5, P6)) \x1b[35m\x1b[K[with P1 = P0; P2 = P1; P3 = P2; P4 = P3; P5 = P4; P6 = P5; M0 = sensor_msgs::msg::Image_<std::allocator<void> >; M1 = sensor_msgs::msg::Image_<std::allocator<void> >; M2 = sensor_msgs::msg::CameraInfo_<std::allocator<void> >; M3 = nav_msgs::msg::Odometry_<std::allocator<void> >; M4 = message_filters::NullType; M5 = message_filters::NullType; M6 = message_filters::NullType; M7 = message_filters::NullType; M8 = message_filters::NullType]\x1b[m\x1b[K\x1b[m\x1b[K\xe2\x80\x99\n'}
[5.157406] (sfm_ros2) StderrLine: {'line': b'  210 |   Connection \x1b[01;36m\x1b[KaddCallback\x1b[m\x1b[K(void(*callback)(P0, P1, P2, P3, P4, P5, P6))\n'}
[5.157437] (sfm_ros2) StderrLine: {'line': b'      |              \x1b[01;36m\x1b[K^~~~~~~~~~~\x1b[m\x1b[K\n'}
[5.157468] (sfm_ros2) StderrLine: {'line': b'\x1b[01m\x1b[K/opt/ros/jazzy/include/message_filters/message_filters/signal9.h:210:14:\x1b[m\x1b[K \x1b[01;36m\x1b[Knote: \x1b[m\x1b[K  template argument deduction/substitution failed:\n'}
[5.157500] (sfm_ros2) StderrLine: {'line': b'\x1b[01m\x1b[K/opt/ros/jazzy/include/message_filters/message_filters/signal9.h:280:40:\x1b[m\x1b[K \x1b[01;31m\x1b[Kerror: \x1b[m\x1b[Kwrong number of template arguments (9, should be 7)\n'}
[5.157530] (sfm_ros2) StderrLine: {'line': b'  272 |     return \x1b[01;31m\x1b[KaddCallback<const M0ConstPtr&,\x1b[m\x1b[K\n'}
[5.157561] (sfm_ros2) StderrLine: {'line': b'      |            \x1b[01;31m\x1b[K~~~~~~~~~~~~~~~~~~~~~~~~~~~~~~\x1b[m\x1b[K\n'}
[5.157591] (sfm_ros2) StderrLine: {'line': b'  273 | \x1b[01;31m\x1b[K                     const M1ConstPtr&,\x1b[m\x1b[K\n'}
[5.157621] (sfm_ros2) StderrLine: {'line': b'      |                      \x1b[01;31m\x1b[K~~~~~~~~~~~~~~~~~~\x1b[m\x1b[K \n'}
[5.157652] (sfm_ros2) StderrLine: {'line': b'  274 | \x1b[01;31m\x1b[K                     const M2ConstPtr&,\x1b[m\x1b[K\n'}
[5.157682] (sfm_ros2) StderrLine: {'line': b'      |                      \x1b[01;31m\x1b[K~~~~~~~~~~~~~~~~~~\x1b[m\x1b[K \n'}
[5.157713] (sfm_ros2) StderrLine: {'line': b'  275 | \x1b[01;31m\x1b[K                     const M3ConstPtr&,\x1b[m\x1b[K\n'}
[5.157743] (sfm_ros2) StderrLine: {'line': b'      |                      \x1b[01;31m\x1b[K~~~~~~~~~~~~~~~~~~\x1b[m\x1b[K \n'}
[5.157773] (sfm_ros2) StderrLine: {'line': b'  276 | \x1b[01;31m\x1b[K                     const M4ConstPtr&,\x1b[m\x1b[K\n'}
[5.157804] (sfm_ros2) StderrLine: {'line': b'      |                      \x1b[01;31m\x1b[K~~~~~~~~~~~~~~~~~~\x1b[m\x1b[K \n'}
[5.157833] (sfm_ros2) StderrLine: {'line': b'  277 | \x1b[01;31m\x1b[K                     const M5ConstPtr&,\x1b[m\x1b[K\n'}
[5.157862] (sfm_ros2) StderrLine: {'line': b'      |                      \x1b[01;31m\x1b[K~~~~~~~~~~~~~~~~~~\x1b[m\x1b[K \n'}
[5.157893] (sfm_ros2) StderrLine: {'line': b'  278 | \x1b[01;31m\x1b[K                     const M6ConstPtr&,\x1b[m\x1b[K\n'}
[5.157923] (sfm_ros2) StderrLine: {'line': b'      |                      \x1b[01;31m\x1b[K~~~~~~~~~~~~~~~~~~\x1b[m\x1b[K \n'}
[5.157952] (sfm_ros2) StderrLine: {'line': b'  279 | \x1b[01;31m\x1b[K                     const M7ConstPtr&,\x1b[m\x1b[K\n'}
[5.157987] (sfm_ros2) StderrLine: {'line': b'      |                      \x1b[01;31m\x1b[K~~~~~~~~~~~~~~~~~~\x1b[m\x1b[K \n'}
[5.158018] (sfm_ros2) StderrLine: {'line': b'  280 | \x1b[01;31m\x1b[K                     const M8ConstPtr&>(std::bind(callback, std::placeholders::_1, std::placeholders::_2, std::placeholders::_3, std::placeholders::_4, std::placeholders::_5, std::placeholders::_6, std::placeholders::_7, std::placeholders::_8, std::placeholders::_9))\x1b[m\x1b[K;\n'}
[5.158051] (sfm_ros2) StderrLine: {'line': b'      |                      \x1b[01;31m\x1b[K~~~~~~~~~~~~~~~~~~^~~~~~~~~~~~~~~~~~~~~~~~~~~~~~~~~~~~~~~~~~~~~~~~~~~~~~~~~~~~~~~~~~~~~~~~~~~~~~~~~~~~~~~~~~~~~~~~~~~~~~~~~~~~~~~~~~~~~~~~~~~~~~~~~~~~~~~~~~~~~~~~~~~~~~~~~~~~~~~~~~~~~~~~~~~~~~~~~~~~~~~~~~~~~~~~~~~~~~~~~~~~~~~~~~~~~~~~~~~~~~~~~~~~\x1b[m\x1b[K\n'}
[5.158083] (sfm_ros2) StderrLine: {'line': b'\x1b[01m\x1b[K/opt/ros/jazzy/include/message_filters/message_filters/signal9.h:210:14:\x1b[m\x1b[K \x1b[01;36m\x1b[Knote: \x1b[m\x1b[Kprovided for \xe2\x80\x98\x1b[01m\x1b[Ktemplate<class P0, class P1, class P2, class P3, class P4, class P5, class P6> message_filters::Connection message_filters::Signal9<M0, M1, M2, M3, M4, M5, M6, M7, M8>::\x1b[01;32m\x1b[KaddCallback\x1b[m\x1b[K(void (*)(P0, P1, P2, P3, P4, P5, P6)) \x1b[35m\x1b[K[with P1 = P0; P2 = P1; P3 = P2; P4 = P3; P5 = P4; P6 = P5; M0 = sensor_msgs::msg::Image_<std::allocator<void> >; M1 = sensor_msgs::msg::Image_<std::allocator<void> >; M2 = sensor_msgs::msg::CameraInfo_<std::allocator<void> >; M3 = nav_msgs::msg::Odometry_<std::allocator<void> >; M4 = message_filters::NullType; M5 = message_filters::NullType; M6 = message_filters::NullType; M7 = message_filters::NullType; M8 = message_filters::NullType]\x1b[m\x1b[K\x1b[m\x1b[K\xe2\x80\x99\n'}
[5.158118] (sfm_ros2) StderrLine: {'line': b'  210 |   Connection \x1b[01;36m\x1b[KaddCallback\x1b[m\x1b[K(void(*callback)(P0, P1, P2, P3, P4, P5, P6))\n'}
[5.158150] (sfm_ros2) StderrLine: {'line': b'      |              \x1b[01;36m\x1b[K^~~~~~~~~~~\x1b[m\x1b[K\n'}
[5.158181] (sfm_ros2) StderrLine: {'line': b'\x1b[01m\x1b[K/opt/ros/jazzy/include/message_filters/message_filters/signal9.h:216:14:\x1b[m\x1b[K \x1b[01;36m\x1b[Knote: \x1b[m\x1b[Kcandidate: \xe2\x80\x98\x1b[01m\x1b[Ktemplate<class P0, class P1, class P2, class P3, class P4, class P5, class P6, class P7> message_filters::Connection message_filters::Signal9<M0, M1, M2, M3, M4, M5, M6, M7, M8>::\x1b[01;32m\x1b[KaddCallback\x1b[m\x1b[K(void (*)(P0, P1, P2, P3, P4, P5, P6, P7)) \x1b[35m\x1b[K[with P1 = P0; P2 = P1; P3 = P2; P4 = P3; P5 = P4; P6 = P5; P7 = P6; M0 = sensor_msgs::msg::Image_<std::allocator<void> >; M1 = sensor_msgs::msg::Image_<std::allocator<void> >; M2 = sensor_msgs::msg::CameraInfo_<std::allocator<void> >; M3 = nav_msgs::msg::Odometry_<std::allocator<void> >; M4 = message_filters::NullType; M5 = message_filters::NullType; M6 = message_filters::NullType; M7 = message_filters::NullType; M8 = message_filters::NullType]\x1b[m\x1b[K\x1b[m\x1b[K\xe2\x80\x99\n'}
[5.158213] (sfm_ros2) StderrLine: {'line': b'  216 |   Connection \x1b[01;36m\x1b[KaddCallback\x1b[m\x1b[K(void(*callback)(P0, P1, P2, P3, P4, P5, P6, P7))\n'}
[5.158244] (sfm_ros2) StderrLine: {'line': b'      |              \x1b[01;36m\x1b[K^~~~~~~~~~~\x1b[m\x1b[K\n'}
[5.158275] (sfm_ros2) StderrLine: {'line': b'\x1b[01m\x1b[K/opt/ros/jazzy/include/message_filters/message_filters/signal9.h:216:14:\x1b[m\x1b[K \x1b[01;36m\x1b[Knote: \x1b[m\x1b[K  template argument deduction/substitution failed:\n'}
[5.158305] (sfm_ros2) StderrLine: {'line': b'\x1b[01m\x1b[K/opt/ros/jazzy/include/message_filters/message_filters/signal9.h:280:40:\x1b[m\x1b[K \x1b[01;31m\x1b[Kerror: \x1b[m\x1b[Kwrong number of template arguments (9, should be 8)\n'}
[5.158335] (sfm_ros2) StderrLine: {'line': b'  272 |     return \x1b[01;31m\x1b[KaddCallback<const M0ConstPtr&,\x1b[m\x1b[K\n'}
[5.158364] (sfm_ros2) StderrLine: {'line': b'      |            \x1b[01;31m\x1b[K~~~~~~~~~~~~~~~~~~~~~~~~~~~~~~\x1b[m\x1b[K\n'}
[5.158394] (sfm_ros2) StderrLine: {'line': b'  273 | \x1b[01;31m\x1b[K                     const M1ConstPtr&,\x1b[m\x1b[K\n'}
[5.158424] (sfm_ros2) StderrLine: {'line': b'      |                      \x1b[01;31m\x1b[K~~~~~~~~~~~~~~~~~~\x1b[m\x1b[K \n'}
[5.158454] (sfm_ros2) StderrLine: {'line': b'  274 | \x1b[01;31m\x1b[K                     const M2ConstPtr&,\x1b[m\x1b[K\n'}
[5.158483] (sfm_ros2) StderrLine: {'line': b'      |                      \x1b[01;31m\x1b[K~~~~~~~~~~~~~~~~~~\x1b[m\x1b[K \n'}
[5.158512] (sfm_ros2) StderrLine: {'line': b'  275 | \x1b[01;31m\x1b[K                     const M3ConstPtr&,\x1b[m\x1b[K\n'}
[5.158543] (sfm_ros2) StderrLine: {'line': b'      |                      \x1b[01;31m\x1b[K~~~~~~~~~~~~~~~~~~\x1b[m\x1b[K \n'}
[5.158573] (sfm_ros2) StderrLine: {'line': b'  276 | \x1b[01;31m\x1b[K                     const M4ConstPtr&,\x1b[m\x1b[K\n'}
[5.158604] (sfm_ros2) StderrLine: {'line': b'      |                      \x1b[01;31m\x1b[K~~~~~~~~~~~~~~~~~~\x1b[m\x1b[K \n'}
[5.158635] (sfm_ros2) StderrLine: {'line': b'  277 | \x1b[01;31m\x1b[K                     const M5ConstPtr&,\x1b[m\x1b[K\n'}
[5.158666] (sfm_ros2) StderrLine: {'line': b'      |                      \x1b[01;31m\x1b[K~~~~~~~~~~~~~~~~~~\x1b[m\x1b[K \n'}
[5.158696] (sfm_ros2) StderrLine: {'line': b'  278 | \x1b[01;31m\x1b[K                     const M6ConstPtr&,\x1b[m\x1b[K\n'}
[5.158726] (sfm_ros2) StderrLine: {'line': b'      |                      \x1b[01;31m\x1b[K~~~~~~~~~~~~~~~~~~\x1b[m\x1b[K \n'}
[5.158756] (sfm_ros2) StderrLine: {'line': b'  279 | \x1b[01;31m\x1b[K                     const M7ConstPtr&,\x1b[m\x1b[K\n'}
[5.158788] (sfm_ros2) StderrLine: {'line': b'      |                      \x1b[01;31m\x1b[K~~~~~~~~~~~~~~~~~~\x1b[m\x1b[K \n'}
[5.158819] (sfm_ros2) StderrLine: {'line': b'  280 | \x1b[01;31m\x1b[K                     const M8ConstPtr&>(std::bind(callback, std::placeholders::_1, std::placeholders::_2, std::placeholders::_3, std::placeholders::_4, std::placeholders::_5, std::placeholders::_6, std::placeholders::_7, std::placeholders::_8, std::placeholders::_9))\x1b[m\x1b[K;\n'}
[5.158853] (sfm_ros2) StderrLine: {'line': b'      |                      \x1b[01;31m\x1b[K~~~~~~~~~~~~~~~~~~^~~~~~~~~~~~~~~~~~~~~~~~~~~~~~~~~~~~~~~~~~~~~~~~~~~~~~~~~~~~~~~~~~~~~~~~~~~~~~~~~~~~~~~~~~~~~~~~~~~~~~~~~~~~~~~~~~~~~~~~~~~~~~~~~~~~~~~~~~~~~~~~~~~~~~~~~~~~~~~~~~~~~~~~~~~~~~~~~~~~~~~~~~~~~~~~~~~~~~~~~~~~~~~~~~~~~~~~~~~~~~~~~~~~\x1b[m\x1b[K\n'}
[5.158885] (sfm_ros2) StderrLine: {'line': b'\x1b[01m\x1b[K/opt/ros/jazzy/include/message_filters/message_filters/signal9.h:216:14:\x1b[m\x1b[K \x1b[01;36m\x1b[Knote: \x1b[m\x1b[Kprovided for \xe2\x80\x98\x1b[01m\x1b[Ktemplate<class P0, class P1, class P2, class P3, class P4, class P5, class P6, class P7> message_filters::Connection message_filters::Signal9<M0, M1, M2, M3, M4, M5, M6, M7, M8>::\x1b[01;32m\x1b[KaddCallback\x1b[m\x1b[K(void (*)(P0, P1, P2, P3, P4, P5, P6, P7)) \x1b[35m\x1b[K[with P1 = P0; P2 = P1; P3 = P2; P4 = P3; P5 = P4; P6 = P5; P7 = P6; M0 = sensor_msgs::msg::Image_<std::allocator<void> >; M1 = sensor_msgs::msg::Image_<std::allocator<void> >; M2 = sensor_msgs::msg::CameraInfo_<std::allocator<void> >; M3 = nav_msgs::msg::Odometry_<std::allocator<void> >; M4 = message_filters::NullType; M5 = message_filters::NullType; M6 = message_filters::NullType; M7 = message_filters::NullType; M8 = message_filters::NullType]\x1b[m\x1b[K\x1b[m\x1b[K\xe2\x80\x99\n'}
[5.158921] (sfm_ros2) StderrLine: {'line': b'  216 |   Connection \x1b[01;36m\x1b[KaddCallback\x1b[m\x1b[K(void(*callback)(P0, P1, P2, P3, P4, P5, P6, P7))\n'}
[5.158953] (sfm_ros2) StderrLine: {'line': b'      |              \x1b[01;36m\x1b[K^~~~~~~~~~~\x1b[m\x1b[K\n'}
[5.158984] (sfm_ros2) StderrLine: {'line': b'\x1b[01m\x1b[K/opt/ros/jazzy/include/message_filters/message_filters/signal9.h:222:14:\x1b[m\x1b[K \x1b[01;36m\x1b[Knote: \x1b[m\x1b[Kcandidate: \xe2\x80\x98\x1b[01m\x1b[Kmessage_filters::Connection message_filters::Signal9<M0, M1, M2, M3, M4, M5, M6, M7, M8>::\x1b[01;32m\x1b[KaddCallback\x1b[m\x1b[K(void (*)(P0, P1, P2, P3, P4, P5, P6, P7, P8)) \x1b[35m\x1b[K[with P0 = const std::shared_ptr<const sensor_msgs::msg::Image_<std::allocator<void> > >&; P1 = const std::shared_ptr<const sensor_msgs::msg::Image_<std::allocator<void> > >&; P2 = const std::shared_ptr<const sensor_msgs::msg::CameraInfo_<std::allocator<void> > >&; P3 = const std::shared_ptr<const nav_msgs::msg::Odometry_<std::allocator<void> > >&; P4 = const std::shared_ptr<const message_filters::NullType>&; P5 = const std::shared_ptr<const message_filters::NullType>&; P6 = const std::shared_ptr<const message_filters::NullType>&; P7 = const std::shared_ptr<const message_filters::NullType>&; P8 = const std::shared_ptr<const message_filters::NullType>&; M0 = sensor_msgs::msg::Image_<std::allocator<void> >; M1 = sensor_msgs::msg::Image_<std::allocator<void> >; M2 = sensor_msgs::msg::CameraInfo_<std::allocator<void> >; M3 = nav_msgs::msg::Odometry_<std::allocator<void> >; M4 = message_filters::NullType; M5 = message_filters::NullType; M6 = message_filters::NullType; M7 = message_filters::NullType; M8 = message_filters::NullType]\x1b[m\x1b[K\x1b[m\x1b[K\xe2\x80\x99\n'}
[5.159021] (sfm_ros2) StderrLine: {'line': b'  222 |   Connection \x1b[01;36m\x1b[KaddCallback\x1b[m\x1b[K(void(*callback)(P0, P1, P2, P3, P4, P5, P6, P7, P8))\n'}
[5.159051] (sfm_ros2) StderrLine: {'line': b'      |              \x1b[01;36m\x1b[K^~~~~~~~~~~\x1b[m\x1b[K\n'}
[5.159080] (sfm_ros2) StderrLine: {'line': b'\x1b[01m\x1b[K/opt/ros/jazzy/include/message_filters/message_filters/signal9.h:222:32:\x1b[m\x1b[K \x1b[01;36m\x1b[Knote: \x1b[m\x1b[K  no known conversion for argument 1 from \xe2\x80\x98\x1b[01m\x1b[Kstd::_Bind_helper<false, const std::_Bind<void (semanticSfm::*(semanticSfm*, std::_Placeholder<1>, std::_Placeholder<2>, std::_Placeholder<3>, std::_Placeholder<4>))(std::shared_ptr<sensor_msgs::msg::Image_<std::allocator<void> > >, std::shared_ptr<sensor_msgs::msg::Image_<std::allocator<void> > >, std::shared_ptr<sensor_msgs::msg::CameraInfo_<std::allocator<void> > >, std::shared_ptr<nav_msgs::msg::Odometry_<std::allocator<void> > >)>&, const std::_Placeholder<1>&, const std::_Placeholder<2>&, const std::_Placeholder<3>&, const std::_Placeholder<4>&, const std::_Placeholder<5>&, const std::_Placeholder<6>&, const std::_Placeholder<7>&, const std::_Placeholder<8>&, const std::_Placeholder<9>&>::type\x1b[m\x1b[K\xe2\x80\x99 to \xe2\x80\x98\x1b[01m\x1b[Kvoid (*)(const std::shared_ptr<const sensor_msgs::msg::Image_<std::allocator<void> > >&, const std::shared_ptr<const sensor_msgs::msg::Image_<std::allocator<void> > >&, const std::shared_ptr<const sensor_msgs::msg::CameraInfo_<std::allocator<void> > >&, const std::shared_ptr<const nav_msgs::msg::Odometry_<std::allocator<void> > >&, const std::shared_ptr<const message_filters::NullType>&, const std::shared_ptr<const message_filters::NullType>&, const std::shared_ptr<const message_filters::NullType>&, const std::shared_ptr<const message_filters::NullType>&, const std::shared_ptr<const message_filters::NullType>&)\x1b[m\x1b[K\xe2\x80\x99\n'}
[5.159121] (sfm_ros2) StderrLine: {'line': b'  222 |   Connection addCallback(\x1b[01;36m\x1b[Kvoid(*callback)(P0, P1, P2, P3, P4, P5, P6, P7, P8)\x1b[m\x1b[K)\n'}
[5.159153] (sfm_ros2) StderrLine: {'line': b'      |                          \x1b[01;36m\x1b[K~~~~~~^~~~~~~~~~~~~~~~~~~~~~~~~~~~~~~~~~~~~~~~~~~~~\x1b[m\x1b[K\n'}
[5.159184] (sfm_ros2) StderrLine: {'line': b'\x1b[01m\x1b[K/opt/ros/jazzy/include/message_filters/message_filters/signal9.h:228:14:\x1b[m\x1b[K \x1b[01;36m\x1b[Knote: \x1b[m\x1b[Kcandidate: \xe2\x80\x98\x1b[01m\x1b[Ktemplate<class T, class P0, class P1> message_filters::Connection message_filters::Signal9<M0, M1, M2, M3, M4, M5, M6, M7, M8>::\x1b[01;32m\x1b[KaddCallback\x1b[m\x1b[K(void (T::*)(P0, P1), T*) \x1b[35m\x1b[K[with P0 = T; P1 = P0; M0 = sensor_msgs::msg::Image_<std::allocator<void> >; M1 = sensor_msgs::msg::Image_<std::allocator<void> >; M2 = sensor_msgs::msg::CameraInfo_<std::allocator<void> >; M3 = nav_msgs::msg::Odometry_<std::allocator<void> >; M4 = message_filters::NullType; M5 = message_filters::NullType; M6 = message_filters::NullType; M7 = message_filters::NullType; M8 = message_filters::NullType]\x1b[m\x1b[K\x1b[m\x1b[K\xe2\x80\x99\n'}
[5.159218] (sfm_ros2) StderrLine: {'line': b'  228 |   Connection \x1b[01;36m\x1b[KaddCallback\x1b[m\x1b[K(void(T::*callback)(P0, P1), T* t)\n'}
[5.159249] (sfm_ros2) StderrLine: {'line': b'      |              \x1b[01;36m\x1b[K^~~~~~~~~~~\x1b[m\x1b[K\n'}
[5.159280] (sfm_ros2) StderrLine: {'line': b'\x1b[01m\x1b[K/opt/ros/jazzy/include/message_filters/message_filters/signal9.h:228:14:\x1b[m\x1b[K \x1b[01;36m\x1b[Knote: \x1b[m\x1b[K  candidate expects 2 arguments, 1 provided\n'}
[5.159311] (sfm_ros2) StderrLine: {'line': b'\x1b[01m\x1b[K/opt/ros/jazzy/include/message_filters/message_filters/signal9.h:234:14:\x1b[m\x1b[K \x1b[01;36m\x1b[Knote: \x1b[m\x1b[Kcandidate: \xe2\x80\x98\x1b[01m\x1b[Ktemplate<class T, class P0, class P1, class P2> message_filters::Connection message_filters::Signal9<M0, M1, M2, M3, M4, M5, M6, M7, M8>::\x1b[01;32m\x1b[KaddCallback\x1b[m\x1b[K(void (T::*)(P0, P1, P2), T*) \x1b[35m\x1b[K[with P0 = T; P1 = P0; P2 = P1; M0 = sensor_msgs::msg::Image_<std::allocator<void> >; M1 = sensor_msgs::msg::Image_<std::allocator<void> >; M2 = sensor_msgs::msg::CameraInfo_<std::allocator<void> >; M3 = nav_msgs::msg::Odometry_<std::allocator<void> >; M4 = message_filters::NullType; M5 = message_filters::NullType; M6 = message_filters::NullType; M7 = message_filters::NullType; M8 = message_filters::NullType]\x1b[m\x1b[K\x1b[m\x1b[K\xe2\x80\x99\n'}
[5.159344] (sfm_ros2) StderrLine: {'line': b'  234 |   Connection \x1b[01;36m\x1b[KaddCallback\x1b[m\x1b[K(void(T::*callback)(P0, P1, P2), T* t)\n'}
[5.159374] (sfm_ros2) StderrLine: {'line': b'      |              \x1b[01;36m\x1b[K^~~~~~~~~~~\x1b[m\x1b[K\n'}
[5.159405] (sfm_ros2) StderrLine: {'line': b'\x1b[01m\x1b[K/opt/ros/jazzy/include/message_filters/message_filters/signal9.h:234:14:\x1b[m\x1b[K \x1b[01;36m\x1b[Knote: \x1b[m\x1b[K  candidate expects 2 arguments, 1 provided\n'}
[5.159437] (sfm_ros2) StderrLine: {'line': b'\x1b[01m\x1b[K/opt/ros/jazzy/include/message_filters/message_filters/signal9.h:240:14:\x1b[m\x1b[K \x1b[01;36m\x1b[Knote: \x1b[m\x1b[Kcandidate: \xe2\x80\x98\x1b[01m\x1b[Ktemplate<class T, class P0, class P1, class P2, class P3> message_filters::Connection message_filters::Signal9<M0, M1, M2, M3, M4, M5, M6, M7, M8>::\x1b[01;32m\x1b[KaddCallback\x1b[m\x1b[K(void (T::*)(P0, P1, P2, P3), T*) \x1b[35m\x1b[K[with P0 = T; P1 = P0; P2 = P1; P3 = P2; M0 = sensor_msgs::msg::Image_<std::allocator<void> >; M1 = sensor_msgs::msg::Image_<std::allocator<void> >; M2 = sensor_msgs::msg::CameraInfo_<std::allocator<void> >; M3 = nav_msgs::msg::Odometry_<std::allocator<void> >; M4 = message_filters::NullType; M5 = message_filters::NullType; M6 = message_filters::NullType; M7 = message_filters::NullType; M8 = message_filters::NullType]\x1b[m\x1b[K\x1b[m\x1b[K\xe2\x80\x99\n'}
[5.159472] (sfm_ros2) StderrLine: {'line': b'  240 |   Connection \x1b[01;36m\x1b[KaddCallback\x1b[m\x1b[K(void(T::*callback)(P0, P1, P2, P3), T* t)\n'}
[5.159502] (sfm_ros2) StderrLine: {'line': b'      |              \x1b[01;36m\x1b[K^~~~~~~~~~~\x1b[m\x1b[K\n'}
[5.159533] (sfm_ros2) StderrLine: {'line': b'\x1b[01m\x1b[K/opt/ros/jazzy/include/message_filters/message_filters/signal9.h:240:14:\x1b[m\x1b[K \x1b[01;36m\x1b[Knote: \x1b[m\x1b[K  candidate expects 2 arguments, 1 provided\n'}
[5.159564] (sfm_ros2) StderrLine: {'line': b'\x1b[01m\x1b[K/opt/ros/jazzy/include/message_filters/message_filters/signal9.h:246:14:\x1b[m\x1b[K \x1b[01;36m\x1b[Knote: \x1b[m\x1b[Kcandidate: \xe2\x80\x98\x1b[01m\x1b[Ktemplate<class T, class P0, class P1, class P2, class P3, class P4> message_filters::Connection message_filters::Signal9<M0, M1, M2, M3, M4, M5, M6, M7, M8>::\x1b[01;32m\x1b[KaddCallback\x1b[m\x1b[K(void (T::*)(P0, P1, P2, P3, P4), T*) \x1b[35m\x1b[K[with P0 = T; P1 = P0; P2 = P1; P3 = P2; P4 = P3; M0 = sensor_msgs::msg::Image_<std::allocator<void> >; M1 = sensor_msgs::msg::Image_<std::allocator<void> >; M2 = sensor_msgs::msg::CameraInfo_<std::allocator<void> >; M3 = nav_msgs::msg::Odometry_<std::allocator<void> >; M4 = message_filters::NullType; M5 = message_filters::NullType; M6 = message_filters::NullType; M7 = message_filters::NullType; M8 = message_filters::NullType]\x1b[m\x1b[K\x1b[m\x1b[K\xe2\x80\x99\n'}
[5.159599] (sfm_ros2) StderrLine: {'line': b'  246 |   Connection \x1b[01;36m\x1b[KaddCallback\x1b[m\x1b[K(void(T::*callback)(P0, P1, P2, P3, P4), T* t)\n'}
[5.159631] (sfm_ros2) StderrLine: {'line': b'      |              \x1b[01;36m\x1b[K^~~~~~~~~~~\x1b[m\x1b[K\n'}
[5.159661] (sfm_ros2) StderrLine: {'line': b'\x1b[01m\x1b[K/opt/ros/jazzy/include/message_filters/message_filters/signal9.h:246:14:\x1b[m\x1b[K \x1b[01;36m\x1b[Knote: \x1b[m\x1b[K  candidate expects 2 arguments, 1 provided\n'}
[5.159692] (sfm_ros2) StderrLine: {'line': b'\x1b[01m\x1b[K/opt/ros/jazzy/include/message_filters/message_filters/signal9.h:252:14:\x1b[m\x1b[K \x1b[01;36m\x1b[Knote: \x1b[m\x1b[Kcandidate: \xe2\x80\x98\x1b[01m\x1b[Ktemplate<class T, class P0, class P1, class P2, class P3, class P4, class P5> message_filters::Connection message_filters::Signal9<M0, M1, M2, M3, M4, M5, M6, M7, M8>::\x1b[01;32m\x1b[KaddCallback\x1b[m\x1b[K(void (T::*)(P0, P1, P2, P3, P4, P5), T*) \x1b[35m\x1b[K[with P0 = T; P1 = P0; P2 = P1; P3 = P2; P4 = P3; P5 = P4; M0 = sensor_msgs::msg::Image_<std::allocator<void> >; M1 = sensor_msgs::msg::Image_<std::allocator<void> >; M2 = sensor_msgs::msg::CameraInfo_<std::allocator<void> >; M3 = nav_msgs::msg::Odometry_<std::allocator<void> >; M4 = message_filters::NullType; M5 = message_filters::NullType; M6 = message_filters::NullType; M7 = message_filters::NullType; M8 = message_filters::NullType]\x1b[m\x1b[K\x1b[m\x1b[K\xe2\x80\x99\n'}
[5.159726] (sfm_ros2) StderrLine: {'line': b'  252 |   Connection \x1b[01;36m\x1b[KaddCallback\x1b[m\x1b[K(void(T::*callback)(P0, P1, P2, P3, P4, P5), T* t)\n'}
[5.159756] (sfm_ros2) StderrLine: {'line': b'      |              \x1b[01;36m\x1b[K^~~~~~~~~~~\x1b[m\x1b[K\n'}
[5.159788] (sfm_ros2) StderrLine: {'line': b'\x1b[01m\x1b[K/opt/ros/jazzy/include/message_filters/message_filters/signal9.h:252:14:\x1b[m\x1b[K \x1b[01;36m\x1b[Knote: \x1b[m\x1b[K  candidate expects 2 arguments, 1 provided\n'}
[5.159819] (sfm_ros2) StderrLine: {'line': b'\x1b[01m\x1b[K/opt/ros/jazzy/include/message_filters/message_filters/signal9.h:258:14:\x1b[m\x1b[K \x1b[01;36m\x1b[Knote: \x1b[m\x1b[Kcandidate: \xe2\x80\x98\x1b[01m\x1b[Ktemplate<class T, class P0, class P1, class P2, class P3, class P4, class P5, class P6> message_filters::Connection message_filters::Signal9<M0, M1, M2, M3, M4, M5, M6, M7, M8>::\x1b[01;32m\x1b[KaddCallback\x1b[m\x1b[K(void (T::*)(P0, P1, P2, P3, P4, P5, P6), T*) \x1b[35m\x1b[K[with P0 = T; P1 = P0; P2 = P1; P3 = P2; P4 = P3; P5 = P4; P6 = P5; M0 = sensor_msgs::msg::Image_<std::allocator<void> >; M1 = sensor_msgs::msg::Image_<std::allocator<void> >; M2 = sensor_msgs::msg::CameraInfo_<std::allocator<void> >; M3 = nav_msgs::msg::Odometry_<std::allocator<void> >; M4 = message_filters::NullType; M5 = message_filters::NullType; M6 = message_filters::NullType; M7 = message_filters::NullType; M8 = message_filters::NullType]\x1b[m\x1b[K\x1b[m\x1b[K\xe2\x80\x99\n'}
[5.159853] (sfm_ros2) StderrLine: {'line': b'  258 |   Connection \x1b[01;36m\x1b[KaddCallback\x1b[m\x1b[K(void(T::*callback)(P0, P1, P2, P3, P4, P5, P6), T* t)\n'}
[5.159883] (sfm_ros2) StderrLine: {'line': b'      |              \x1b[01;36m\x1b[K^~~~~~~~~~~\x1b[m\x1b[K\n'}
[5.159913] (sfm_ros2) StderrLine: {'line': b'\x1b[01m\x1b[K/opt/ros/jazzy/include/message_filters/message_filters/signal9.h:258:14:\x1b[m\x1b[K \x1b[01;36m\x1b[Knote: \x1b[m\x1b[K  candidate expects 2 arguments, 1 provided\n'}
[5.159943] (sfm_ros2) StderrLine: {'line': b'\x1b[01m\x1b[K/opt/ros/jazzy/include/message_filters/message_filters/signal9.h:264:14:\x1b[m\x1b[K \x1b[01;36m\x1b[Knote: \x1b[m\x1b[Kcandidate: \xe2\x80\x98\x1b[01m\x1b[Ktemplate<class T, class P0, class P1, class P2, class P3, class P4, class P5, class P6, class P7> message_filters::Connection message_filters::Signal9<M0, M1, M2, M3, M4, M5, M6, M7, M8>::\x1b[01;32m\x1b[KaddCallback\x1b[m\x1b[K(void (T::*)(P0, P1, P2, P3, P4, P5, P6, P7), T*) \x1b[35m\x1b[K[with P0 = T; P1 = P0; P2 = P1; P3 = P2; P4 = P3; P5 = P4; P6 = P5; P7 = P6; M0 = sensor_msgs::msg::Image_<std::allocator<void> >; M1 = sensor_msgs::msg::Image_<std::allocator<void> >; M2 = sensor_msgs::msg::CameraInfo_<std::allocator<void> >; M3 = nav_msgs::msg::Odometry_<std::allocator<void> >; M4 = message_filters::NullType; M5 = message_filters::NullType; M6 = message_filters::NullType; M7 = message_filters::NullType; M8 = message_filters::NullType]\x1b[m\x1b[K\x1b[m\x1b[K\xe2\x80\x99\n'}
[5.159982] (sfm_ros2) StderrLine: {'line': b'  264 |   Connection \x1b[01;36m\x1b[KaddCallback\x1b[m\x1b[K(void(T::*callback)(P0, P1, P2, P3, P4, P5, P6, P7), T* t)\n'}
[5.160012] (sfm_ros2) StderrLine: {'line': b'      |              \x1b[01;36m\x1b[K^~~~~~~~~~~\x1b[m\x1b[K\n'}
[5.160043] (sfm_ros2) StderrLine: {'line': b'\x1b[01m\x1b[K/opt/ros/jazzy/include/message_filters/message_filters/signal9.h:264:14:\x1b[m\x1b[K \x1b[01;36m\x1b[Knote: \x1b[m\x1b[K  candidate expects 2 arguments, 1 provided\n'}
[5.160073] (sfm_ros2) StderrLine: {'line': b'\x1b[01m\x1b[K/opt/ros/jazzy/include/message_filters/message_filters/signal9.h:270:14:\x1b[m\x1b[K \x1b[01;36m\x1b[Knote: \x1b[m\x1b[Kcandidate: \xe2\x80\x98\x1b[01m\x1b[Ktemplate<class C> message_filters::Connection message_filters::Signal9<M0, M1, M2, M3, M4, M5, M6, M7, M8>::\x1b[01;32m\x1b[KaddCallback\x1b[m\x1b[K(C&) \x1b[35m\x1b[K[with M0 = sensor_msgs::msg::Image_<std::allocator<void> >; M1 = sensor_msgs::msg::Image_<std::allocator<void> >; M2 = sensor_msgs::msg::CameraInfo_<std::allocator<void> >; M3 = nav_msgs::msg::Odometry_<std::allocator<void> >; M4 = message_filters::NullType; M5 = message_filters::NullType; M6 = message_filters::NullType; M7 = message_filters::NullType; M8 = message_filters::NullType]\x1b[m\x1b[K\x1b[m\x1b[K\xe2\x80\x99\n'}
[5.160108] (sfm_ros2) StderrLine: {'line': b'  270 |   Connection \x1b[01;36m\x1b[KaddCallback\x1b[m\x1b[K( C& callback)\n'}
[5.160139] (sfm_ros2) StderrLine: {'line': b'      |              \x1b[01;36m\x1b[K^~~~~~~~~~~\x1b[m\x1b[K\n'}
[5.160168] (sfm_ros2) StderrLine: {'line': b'\x1b[01m\x1b[K/opt/ros/jazzy/include/message_filters/message_filters/signal9.h:270:14:\x1b[m\x1b[K \x1b[01;36m\x1b[Knote: \x1b[m\x1b[K  template argument deduction/substitution failed:\n'}
[5.160199] (sfm_ros2) StderrLine: {'line': b'\x1b[01m\x1b[K/opt/ros/jazzy/include/message_filters/message_filters/signal9.h:280:40:\x1b[m\x1b[K \x1b[01;31m\x1b[Kerror: \x1b[m\x1b[Kwrong number of template arguments (9, should be 1)\n'}
[5.160229] (sfm_ros2) StderrLine: {'line': b'  272 |     return \x1b[01;31m\x1b[KaddCallback<const M0ConstPtr&,\x1b[m\x1b[K\n'}
[5.160259] (sfm_ros2) StderrLine: {'line': b'      |            \x1b[01;31m\x1b[K~~~~~~~~~~~~~~~~~~~~~~~~~~~~~~\x1b[m\x1b[K\n'}
[5.160288] (sfm_ros2) StderrLine: {'line': b'  273 | \x1b[01;31m\x1b[K                     const M1ConstPtr&,\x1b[m\x1b[K\n'}
[5.160318] (sfm_ros2) StderrLine: {'line': b'      |                      \x1b[01;31m\x1b[K~~~~~~~~~~~~~~~~~~\x1b[m\x1b[K \n'}
[5.160347] (sfm_ros2) StderrLine: {'line': b'  274 | \x1b[01;31m\x1b[K                     const M2ConstPtr&,\x1b[m\x1b[K\n'}
[5.160376] (sfm_ros2) StderrLine: {'line': b'      |                      \x1b[01;31m\x1b[K~~~~~~~~~~~~~~~~~~\x1b[m\x1b[K \n'}
[5.160404] (sfm_ros2) StderrLine: {'line': b'  275 | \x1b[01;31m\x1b[K                     const M3ConstPtr&,\x1b[m\x1b[K\n'}
[5.160433] (sfm_ros2) StderrLine: {'line': b'      |                      \x1b[01;31m\x1b[K~~~~~~~~~~~~~~~~~~\x1b[m\x1b[K \n'}
[5.160462] (sfm_ros2) StderrLine: {'line': b'  276 | \x1b[01;31m\x1b[K                     const M4ConstPtr&,\x1b[m\x1b[K\n'}
[5.160490] (sfm_ros2) StderrLine: {'line': b'      |                      \x1b[01;31m\x1b[K~~~~~~~~~~~~~~~~~~\x1b[m\x1b[K \n'}
[5.160519] (sfm_ros2) StderrLine: {'line': b'  277 | \x1b[01;31m\x1b[K                     const M5ConstPtr&,\x1b[m\x1b[K\n'}
[5.160548] (sfm_ros2) StderrLine: {'line': b'      |                      \x1b[01;31m\x1b[K~~~~~~~~~~~~~~~~~~\x1b[m\x1b[K \n'}
[5.160577] (sfm_ros2) StderrLine: {'line': b'  278 | \x1b[01;31m\x1b[K                     const M6ConstPtr&,\x1b[m\x1b[K\n'}
[5.160606] (sfm_ros2) StderrLine: {'line': b'      |                      \x1b[01;31m\x1b[K~~~~~~~~~~~~~~~~~~\x1b[m\x1b[K \n'}
[5.160635] (sfm_ros2) StderrLine: {'line': b'  279 | \x1b[01;31m\x1b[K                     const M7ConstPtr&,\x1b[m\x1b[K\n'}
[5.160664] (sfm_ros2) StderrLine: {'line': b'      |                      \x1b[01;31m\x1b[K~~~~~~~~~~~~~~~~~~\x1b[m\x1b[K \n'}
[5.160693] (sfm_ros2) StderrLine: {'line': b'  280 | \x1b[01;31m\x1b[K                     const M8ConstPtr&>(std::bind(callback, std::placeholders::_1, std::placeholders::_2, std::placeholders::_3, std::placeholders::_4, std::placeholders::_5, std::placeholders::_6, std::placeholders::_7, std::placeholders::_8, std::placeholders::_9))\x1b[m\x1b[K;\n'}
[5.160724] (sfm_ros2) StderrLine: {'line': b'      |                      \x1b[01;31m\x1b[K~~~~~~~~~~~~~~~~~~^~~~~~~~~~~~~~~~~~~~~~~~~~~~~~~~~~~~~~~~~~~~~~~~~~~~~~~~~~~~~~~~~~~~~~~~~~~~~~~~~~~~~~~~~~~~~~~~~~~~~~~~~~~~~~~~~~~~~~~~~~~~~~~~~~~~~~~~~~~~~~~~~~~~~~~~~~~~~~~~~~~~~~~~~~~~~~~~~~~~~~~~~~~~~~~~~~~~~~~~~~~~~~~~~~~~~~~~~~~~~~~~~~~~\x1b[m\x1b[K\n'}
[5.160755] (sfm_ros2) StderrLine: {'line': b'\x1b[01m\x1b[K/opt/ros/jazzy/include/message_filters/message_filters/signal9.h:270:14:\x1b[m\x1b[K \x1b[01;36m\x1b[Knote: \x1b[m\x1b[Kprovided for \xe2\x80\x98\x1b[01m\x1b[Ktemplate<class C> message_filters::Connection message_filters::Signal9<M0, M1, M2, M3, M4, M5, M6, M7, M8>::\x1b[01;32m\x1b[KaddCallback\x1b[m\x1b[K(C&) \x1b[35m\x1b[K[with M0 = sensor_msgs::msg::Image_<std::allocator<void> >; M1 = sensor_msgs::msg::Image_<std::allocator<void> >; M2 = sensor_msgs::msg::CameraInfo_<std::allocator<void> >; M3 = nav_msgs::msg::Odometry_<std::allocator<void> >; M4 = message_filters::NullType; M5 = message_filters::NullType; M6 = message_filters::NullType; M7 = message_filters::NullType; M8 = message_filters::NullType]\x1b[m\x1b[K\x1b[m\x1b[K\xe2\x80\x99\n'}
[5.160792] (sfm_ros2) StderrLine: {'line': b'  270 |   Connection \x1b[01;36m\x1b[KaddCallback\x1b[m\x1b[K( C& callback)\n'}
[5.160824] (sfm_ros2) StderrLine: {'line': b'      |              \x1b[01;36m\x1b[K^~~~~~~~~~~\x1b[m\x1b[K\n'}
[5.214970] (-) TimerEvent: {}
[5.315271] (-) TimerEvent: {}
[5.415587] (-) TimerEvent: {}
[5.515897] (-) TimerEvent: {}
[5.616199] (-) TimerEvent: {}
[5.716544] (-) TimerEvent: {}
[5.816877] (-) TimerEvent: {}
[5.917208] (-) TimerEvent: {}
[6.017514] (-) TimerEvent: {}
[6.117824] (-) TimerEvent: {}
[6.218150] (-) TimerEvent: {}
[6.318472] (-) TimerEvent: {}
[6.418801] (-) TimerEvent: {}
[6.519111] (-) TimerEvent: {}
[6.619348] (-) TimerEvent: {}
[6.719652] (-) TimerEvent: {}
[6.819972] (-) TimerEvent: {}
[6.920278] (-) TimerEvent: {}
[7.020595] (-) TimerEvent: {}
[7.120904] (-) TimerEvent: {}
[7.221203] (-) TimerEvent: {}
[7.321516] (-) TimerEvent: {}
[7.421822] (-) TimerEvent: {}
[7.522158] (-) TimerEvent: {}
[7.622466] (-) TimerEvent: {}
[7.722780] (-) TimerEvent: {}
[7.823105] (-) TimerEvent: {}
[7.923434] (-) TimerEvent: {}
[8.023736] (-) TimerEvent: {}
[8.124050] (-) TimerEvent: {}
[8.224375] (-) TimerEvent: {}
[8.324699] (-) TimerEvent: {}
[8.425018] (-) TimerEvent: {}
[8.525322] (-) TimerEvent: {}
[8.625658] (-) TimerEvent: {}
[8.691790] (sfm_ros2) StderrLine: {'line': b'gmake[2]: *** [CMakeFiles/sfm.dir/build.make:76: CMakeFiles/sfm.dir/src/sfm.cpp.o] Error 1\n'}
[8.692108] (sfm_ros2) StderrLine: {'line': b'gmake[1]: *** [CMakeFiles/Makefile2:644: CMakeFiles/sfm.dir/all] Error 2\n'}
[8.692244] (sfm_ros2) StderrLine: {'line': b'gmake: *** [Makefile:146: all] Error 2\n'}
[8.694795] (sfm_ros2) CommandEnded: {'returncode': 2}
[8.700123] (sfm_ros2) JobEnded: {'identifier': 'sfm_ros2', 'rc': 2}
[8.710448] (-) EventReactorShutdown: {}
